filepath,label,video,frame,split
Flakings/1.MOV_20201221091849_5158.JPEG,flaking,1.MOV,5158,train
Flakings/1.MOV_20201221091849_5159.JPEG,flaking,1.MOV,5159,train
Flakings/1.MOV_20201221091849_5160.JPEG,flaking,1.MOV,5160,train
Flakings/1.MOV_20201221091849_5161.JPEG,flaking,1.MOV,5161,train
Flakings/1.MOV_20201221091849_5162.JPEG,flaking,1.MOV,5162,train
Flakings/1.MOV_20201221091849_5163.JPEG,flaking,1.MOV,5163,train
Flakings/1.MOV_20201221091849_5164.JPEG,flaking,1.MOV,5164,train
Flakings/1.MOV_20201221091849_5165.JPEG,flaking,1.MOV,5165,train
Flakings/1.MOV_20201221091849_5166.JPEG,flaking,1.MOV,5166,train
Flakings/1.MOV_20201221091849_5167.JPEG,flaking,1.MOV,5167,train
Flakings/1.MOV_20201221091849_5168.JPEG,flaking,1.MOV,5168,train
Flakings/1.MOV_20201221091849_5169.JPEG,flaking,1.MOV,5169,train
Flakings/1.MOV_20201221091849_5170.JPEG,flaking,1.MOV,5170,train
Flakings/1.MOV_20201221091849_5171.JPEG,flaking,1.MOV,5171,train
Flakings/1.MOV_20201221091849_5172.JPEG,flaking,1.MOV,5172,train
Flakings/1.MOV_20201221091849_5173.JPEG,flaking,1.MOV,5173,train
Flakings/1.MOV_20201221091849_5174.JPEG,flaking,1.MOV,5174,train
Flakings/1.MOV_20201221091849_5175.JPEG,flaking,1.MOV,5175,train
Flakings/1.MOV_20201221091849_5176.JPEG,flaking,1.MOV,5176,train
Flakings/1.MOV_20201221091849_5177.JPEG,flaking,1.MOV,5177,train
Flakings/1.MOV_20201221091849_5178.JPEG,flaking,1.MOV,5178,train
Flakings/1.MOV_20201221091849_5179.JPEG,flaking,1.MOV,5179,train
Flakings/1.MOV_20201221091849_5180.JPEG,flaking,1.MOV,5180,train
Flakings/1.MOV_20201221091849_5181.JPEG,flaking,1.MOV,5181,train
Flakings/1.MOV_20201221091849_5182.JPEG,flaking,1.MOV,5182,train
Flakings/1.MOV_20201221091849_5183.JPEG,flaking,1.MOV,5183,train
Flakings/1.MOV_20201221091849_5184.JPEG,flaking,1.MOV,5184,train
Flakings/1.MOV_20201221091849_5185.JPEG,flaking,1.MOV,5185,train
Flakings/1.MOV_20201221091849_5186.JPEG,flaking,1.MOV,5186,train
Flakings/1.MOV_20201221091849_5187.JPEG,flaking,1.MOV,5187,train
Flakings/1.MOV_20201221091849_5188.JPEG,flaking,1.MOV,5188,train
Flakings/1.MOV_20201221091849_5189.JPEG,flaking,1.MOV,5189,train
Flakings/1.MOV_20201221091849_5190.JPEG,flaking,1.MOV,5190,train
Flakings/1.MOV_20201221091849_5204.JPEG,flaking,1.MOV,5204,train
Flakings/1.MOV_20201221091849_5205.JPEG,flaking,1.MOV,5205,train
Flakings/1.MOV_20201221091849_5206.JPEG,flaking,1.MOV,5206,train
Flakings/1.MOV_20201221091849_5207.JPEG,flaking,1.MOV,5207,train
Flakings/1.MOV_20201221091849_5208.JPEG,flaking,1.MOV,5208,train
Flakings/1.MOV_20201221091849_5209.JPEG,flaking,1.MOV,5209,train
Flakings/1.MOV_20201221091849_5210.JPEG,flaking,1.MOV,5210,train
Flakings/1.MOV_20201221091849_5211.JPEG,flaking,1.MOV,5211,train
Flakings/1.MOV_20201221091849_5212.JPEG,flaking,1.MOV,5212,train
Flakings/1.MOV_20201221091849_5213.JPEG,flaking,1.MOV,5213,train
Flakings/1.MOV_20201221091849_5214.JPEG,flaking,1.MOV,5214,train
Flakings/1.MOV_20201221091849_5215.JPEG,flaking,1.MOV,5215,train
Flakings/1.MOV_20201221091849_5216.JPEG,flaking,1.MOV,5216,train
Flakings/1.MOV_20201221091849_5217.JPEG,flaking,1.MOV,5217,train
Flakings/1.MOV_20201221091849_5218.JPEG,flaking,1.MOV,5218,train
Flakings/1.MOV_20201221091849_5219.JPEG,flaking,1.MOV,5219,train
Flakings/1.MOV_20201221091849_5220.JPEG,flaking,1.MOV,5220,train
Flakings/1.MOV_20201221091849_5221.JPEG,flaking,1.MOV,5221,train
Flakings/1.MOV_20201221091849_5222.JPEG,flaking,1.MOV,5222,train
Flakings/1.MOV_20201221091849_5223.JPEG,flaking,1.MOV,5223,train
Flakings/1.MOV_20201221091849_5224.JPEG,flaking,1.MOV,5224,train
Flakings/1.MOV_20201221091849_5225.JPEG,flaking,1.MOV,5225,train
Flakings/1.MOV_20201221091849_5226.JPEG,flaking,1.MOV,5226,train
Flakings/1.MOV_20201221091849_5227.JPEG,flaking,1.MOV,5227,train
Flakings/1.MOV_20201221091849_5228.JPEG,flaking,1.MOV,5228,train
Flakings/1.MOV_20201221091849_5229.JPEG,flaking,1.MOV,5229,train
Flakings/1.MOV_20201221091849_5230.JPEG,flaking,1.MOV,5230,train
Flakings/1.MOV_20201221091849_5231.JPEG,flaking,1.MOV,5231,train
Flakings/1.MOV_20201221091849_5232.JPEG,flaking,1.MOV,5232,train
Flakings/1.MOV_20201221091849_5233.JPEG,flaking,1.MOV,5233,train
Flakings/1.MOV_20201221091849_5234.JPEG,flaking,1.MOV,5234,train
Flakings/1.MOV_20201221091849_5235.JPEG,flaking,1.MOV,5235,train
Flakings/1.MOV_20201221091849_5236.JPEG,flaking,1.MOV,5236,train
Flakings/1.MOV_20201221091849_5237.JPEG,flaking,1.MOV,5237,train
Flakings/1.MOV_20201221091849_5238.JPEG,flaking,1.MOV,5238,train
Flakings/1.MOV_20201221091849_5239.JPEG,flaking,1.MOV,5239,train
Flakings/1.MOV_20201221091849_5240.JPEG,flaking,1.MOV,5240,train
Flakings/1.MOV_20201221091849_5241.JPEG,flaking,1.MOV,5241,train
Flakings/1.MOV_20201221091849_5242.JPEG,flaking,1.MOV,5242,train
Flakings/1.MOV_20201221091849_5243.JPEG,flaking,1.MOV,5243,train
Flakings/1.MOV_20201221091849_5244.JPEG,flaking,1.MOV,5244,train
Flakings/1.MOV_20201221091849_5245.JPEG,flaking,1.MOV,5245,train
Flakings/1.MOV_20201221091849_5246.JPEG,flaking,1.MOV,5246,train
Flakings/1.MOV_20201221091849_5247.JPEG,flaking,1.MOV,5247,train
Flakings/1.MOV_20201221091849_5248.JPEG,flaking,1.MOV,5248,train
Flakings/1.MOV_20201221091849_5249.JPEG,flaking,1.MOV,5249,train
Flakings/1.MOV_20201221091849_5250.JPEG,flaking,1.MOV,5250,train
Flakings/1.MOV_20201221091849_5251.JPEG,flaking,1.MOV,5251,train
Flakings/1.MOV_20201221091849_5252.JPEG,flaking,1.MOV,5252,train
Flakings/1.MOV_20201221091849_5253.JPEG,flaking,1.MOV,5253,train
Flakings/1.MOV_20201221091849_5254.JPEG,flaking,1.MOV,5254,train
Flakings/1.MOV_20201221091849_5255.JPEG,flaking,1.MOV,5255,train
Flakings/1.MOV_20201221091849_5256.JPEG,flaking,1.MOV,5256,train
Flakings/1.MOV_20201221091849_5257.JPEG,flaking,1.MOV,5257,train
Flakings/1.MOV_20201221091849_5258.JPEG,flaking,1.MOV,5258,train
Flakings/1.MOV_20201221091849_5259.JPEG,flaking,1.MOV,5259,train
Flakings/1.MOV_20201221091849_5260.JPEG,flaking,1.MOV,5260,train
Flakings/1.MOV_20201221091849_5261.JPEG,flaking,1.MOV,5261,train
Flakings/1.MOV_20201221091849_5262.JPEG,flaking,1.MOV,5262,train
Flakings/1.MOV_20201221091849_5263.JPEG,flaking,1.MOV,5263,train
Flakings/1.MOV_20201221091849_5264.JPEG,flaking,1.MOV,5264,train
Flakings/1.MOV_20201221091849_5265.JPEG,flaking,1.MOV,5265,train
Flakings/1.MOV_20201221091849_5266.JPEG,flaking,1.MOV,5266,train
Flakings/1.MOV_20201221091849_5267.JPEG,flaking,1.MOV,5267,train
Flakings/1.MOV_20201221091849_5268.JPEG,flaking,1.MOV,5268,train
Flakings/1.MOV_20201221091849_5269.JPEG,flaking,1.MOV,5269,train
Flakings/1.MOV_20201221091849_5270.JPEG,flaking,1.MOV,5270,train
Flakings/1.MOV_20201221091849_5271.JPEG,flaking,1.MOV,5271,train
Flakings/1.MOV_20201221091849_5272.JPEG,flaking,1.MOV,5272,train
Flakings/1.MOV_20201221091849_5273.JPEG,flaking,1.MOV,5273,train
Flakings/1.MOV_20201221091849_5274.JPEG,flaking,1.MOV,5274,train
Flakings/1.MOV_20201221091849_5275.JPEG,flaking,1.MOV,5275,train
Flakings/1.MOV_20201221091849_5276.JPEG,flaking,1.MOV,5276,train
Flakings/1.MOV_20201221091849_5277.JPEG,flaking,1.MOV,5277,train
Flakings/1.MOV_20201221091849_5278.JPEG,flaking,1.MOV,5278,train
Flakings/1.MOV_20201221091849_5279.JPEG,flaking,1.MOV,5279,train
Flakings/1.MOV_20201221091849_5280.JPEG,flaking,1.MOV,5280,train
Flakings/1.MOV_20201221091849_5281.JPEG,flaking,1.MOV,5281,train
Flakings/1.MOV_20201221091849_5282.JPEG,flaking,1.MOV,5282,train
Flakings/1.MOV_20201221091849_5283.JPEG,flaking,1.MOV,5283,train
Flakings/1.MOV_20201221091849_5284.JPEG,flaking,1.MOV,5284,train
Flakings/1.MOV_20201221091849_5285.JPEG,flaking,1.MOV,5285,train
Flakings/1.MOV_20201221091849_5286.JPEG,flaking,1.MOV,5286,train
Flakings/1.MOV_20201221091849_5287.JPEG,flaking,1.MOV,5287,train
Flakings/1.MOV_20201221091849_5288.JPEG,flaking,1.MOV,5288,train
Flakings/1.MOV_20201221091849_5289.JPEG,flaking,1.MOV,5289,train
Flakings/1.MOV_20201221091849_5290.JPEG,flaking,1.MOV,5290,train
Flakings/1.MOV_20201221091849_5291.JPEG,flaking,1.MOV,5291,train
Flakings/1.MOV_20201221091849_5292.JPEG,flaking,1.MOV,5292,train
Flakings/1.MOV_20201221091849_5293.JPEG,flaking,1.MOV,5293,train
Flakings/1.MOV_20201221091849_5294.JPEG,flaking,1.MOV,5294,train
Flakings/1.MOV_20201221091849_5295.JPEG,flaking,1.MOV,5295,train
Flakings/1.MOV_20201221091849_5296.JPEG,flaking,1.MOV,5296,train
Flakings/1.MOV_20201221091849_5297.JPEG,flaking,1.MOV,5297,train
Flakings/1.MOV_20201221091849_5298.JPEG,flaking,1.MOV,5298,train
Flakings/1.MOV_20201221091849_5299.JPEG,flaking,1.MOV,5299,train
Flakings/1.MOV_20201221091849_5300.JPEG,flaking,1.MOV,5300,train
Flakings/1.MOV_20201221091849_5301.JPEG,flaking,1.MOV,5301,train
Flakings/1.MOV_20201221091849_5302.JPEG,flaking,1.MOV,5302,train
Flakings/1.MOV_20201221091849_5303.JPEG,flaking,1.MOV,5303,train
Flakings/1.MOV_20201221091849_5304.JPEG,flaking,1.MOV,5304,train
Flakings/1.MOV_20201221091849_5305.JPEG,flaking,1.MOV,5305,train
Flakings/1.MOV_20201221091849_5306.JPEG,flaking,1.MOV,5306,train
Flakings/1.MOV_20201221091849_5307.JPEG,flaking,1.MOV,5307,train
Flakings/1.MOV_20201221091849_5308.JPEG,flaking,1.MOV,5308,train
Flakings/1.MOV_20201221091849_5309.JPEG,flaking,1.MOV,5309,train
Flakings/1.MOV_20201221091849_5310.JPEG,flaking,1.MOV,5310,train
Flakings/1.MOV_20201221091849_5311.JPEG,flaking,1.MOV,5311,train
Flakings/1.MOV_20201221091849_5398.JPEG,flaking,1.MOV,5398,train
Flakings/1.MOV_20201221091849_5399.JPEG,flaking,1.MOV,5399,train
Flakings/1.MOV_20201221091849_5400.JPEG,flaking,1.MOV,5400,train
Flakings/1.MOV_20201221091849_5401.JPEG,flaking,1.MOV,5401,train
Flakings/1.MOV_20201221091849_5402.JPEG,flaking,1.MOV,5402,train
Flakings/1.MOV_20201221091849_5403.JPEG,flaking,1.MOV,5403,train
Flakings/1.MOV_20201221091849_5404.JPEG,flaking,1.MOV,5404,train
Flakings/1.MOV_20201221091849_5405.JPEG,flaking,1.MOV,5405,train
Flakings/1.MOV_20201221091849_5406.JPEG,flaking,1.MOV,5406,train
Flakings/1.MOV_20201221091849_5407.JPEG,flaking,1.MOV,5407,train
Flakings/1.MOV_20201221091849_5408.JPEG,flaking,1.MOV,5408,train
Flakings/1.MOV_20201221091849_5409.JPEG,flaking,1.MOV,5409,train
Flakings/1.MOV_20201221091849_5410.JPEG,flaking,1.MOV,5410,train
Flakings/1.MOV_20201221091849_5411.JPEG,flaking,1.MOV,5411,train
Flakings/1.MOV_20201221091849_5412.JPEG,flaking,1.MOV,5412,train
Flakings/1.MOV_20201221091849_5413.JPEG,flaking,1.MOV,5413,train
Flakings/1.MOV_20201221091849_5414.JPEG,flaking,1.MOV,5414,train
Flakings/1.MOV_20201221091849_5415.JPEG,flaking,1.MOV,5415,train
Flakings/1.MOV_20201221091849_5416.JPEG,flaking,1.MOV,5416,train
Flakings/1.MOV_20201221091849_5417.JPEG,flaking,1.MOV,5417,train
Flakings/1.MOV_20201221091849_5418.JPEG,flaking,1.MOV,5418,train
Flakings/1.MOV_20201221091849_5419.JPEG,flaking,1.MOV,5419,train
Flakings/1.MOV_20201221091849_5420.JPEG,flaking,1.MOV,5420,train
Flakings/1.MOV_20201221091849_5421.JPEG,flaking,1.MOV,5421,train
Flakings/1.MOV_20201221091849_5422.JPEG,flaking,1.MOV,5422,train
Flakings/1.MOV_20201221091849_5423.JPEG,flaking,1.MOV,5423,train
Flakings/1.MOV_20201221091849_5424.JPEG,flaking,1.MOV,5424,train
Flakings/1.MOV_20201221091849_5425.JPEG,flaking,1.MOV,5425,train
Flakings/1.MOV_20201221091849_5426.JPEG,flaking,1.MOV,5426,train
Flakings/1.MOV_20201221091849_5427.JPEG,flaking,1.MOV,5427,train
Flakings/1.MOV_20201221091849_5428.JPEG,flaking,1.MOV,5428,train
Flakings/1.MOV_20201221091849_5429.JPEG,flaking,1.MOV,5429,train
Flakings/1.MOV_20201221091849_5430.JPEG,flaking,1.MOV,5430,train
Flakings/1.MOV_20201221091849_5431.JPEG,flaking,1.MOV,5431,train
Flakings/1.MOV_20201221091849_5432.JPEG,flaking,1.MOV,5432,train
Flakings/1.MOV_20201221091849_5433.JPEG,flaking,1.MOV,5433,train
Flakings/1.MOV_20201221091849_5434.JPEG,flaking,1.MOV,5434,train
Flakings/1.MOV_20201221091849_5435.JPEG,flaking,1.MOV,5435,train
Flakings/1.MOV_20201221091849_5436.JPEG,flaking,1.MOV,5436,train
Flakings/1.MOV_20201221091849_5437.JPEG,flaking,1.MOV,5437,train
Flakings/1.MOV_20201221091849_5438.JPEG,flaking,1.MOV,5438,train
Flakings/1.MOV_20201221091849_5439.JPEG,flaking,1.MOV,5439,train
Flakings/1.MOV_20201221091849_5440.JPEG,flaking,1.MOV,5440,train
Flakings/1.MOV_20201221091849_5441.JPEG,flaking,1.MOV,5441,train
Flakings/1.MOV_20201221091849_5442.JPEG,flaking,1.MOV,5442,train
Flakings/1.MOV_20201221091849_5443.JPEG,flaking,1.MOV,5443,train
Flakings/1.MOV_20201221091849_5444.JPEG,flaking,1.MOV,5444,train
Flakings/1.MOV_20201221091849_5445.JPEG,flaking,1.MOV,5445,train
Flakings/1.MOV_20201221091849_5446.JPEG,flaking,1.MOV,5446,train
Flakings/1.MOV_20201221091849_5447.JPEG,flaking,1.MOV,5447,train
Flakings/1.MOV_20201221091849_5448.JPEG,flaking,1.MOV,5448,train
Flakings/1.MOV_20201221091849_5449.JPEG,flaking,1.MOV,5449,train
Flakings/1.MOV_20201221091849_5450.JPEG,flaking,1.MOV,5450,train
Flakings/1.MOV_20201221091849_5451.JPEG,flaking,1.MOV,5451,train
Flakings/1.MOV_20201221091849_5452.JPEG,flaking,1.MOV,5452,train
Flakings/1.MOV_20201221091849_5453.JPEG,flaking,1.MOV,5453,train
Flakings/1.MOV_20201221091849_5454.JPEG,flaking,1.MOV,5454,train
Flakings/1.MOV_20201221091849_5455.JPEG,flaking,1.MOV,5455,train
Flakings/1.MOV_20201221091849_5456.JPEG,flaking,1.MOV,5456,train
Flakings/1.MOV_20201221091849_5457.JPEG,flaking,1.MOV,5457,train
Flakings/1.MOV_20201221091849_5458.JPEG,flaking,1.MOV,5458,train
Flakings/1.MOV_20201221091849_5459.JPEG,flaking,1.MOV,5459,train
Flakings/1.MOV_20201221091849_5460.JPEG,flaking,1.MOV,5460,train
Flakings/1.MOV_20201221091849_5461.JPEG,flaking,1.MOV,5461,train
Flakings/1.MOV_20201221091849_5462.JPEG,flaking,1.MOV,5462,train
Flakings/1.MOV_20201221091849_5463.JPEG,flaking,1.MOV,5463,train
Flakings/1.MOV_20201221091849_5464.JPEG,flaking,1.MOV,5464,train
Flakings/1.MOV_20201221091849_5465.JPEG,flaking,1.MOV,5465,train
Flakings/1.MOV_20201221091849_5466.JPEG,flaking,1.MOV,5466,train
Flakings/1.MOV_20201221091849_5467.JPEG,flaking,1.MOV,5467,train
Flakings/1.MOV_20201221091849_5468.JPEG,flaking,1.MOV,5468,train
Flakings/1.MOV_20201221091849_5469.JPEG,flaking,1.MOV,5469,train
Flakings/1.MOV_20201221091849_5470.JPEG,flaking,1.MOV,5470,train
Flakings/1.MOV_20201221091849_5471.JPEG,flaking,1.MOV,5471,train
Flakings/1.MOV_20201221091849_5472.JPEG,flaking,1.MOV,5472,train
Flakings/1.MOV_20201221091849_5473.JPEG,flaking,1.MOV,5473,train
Flakings/1.MOV_20201221091849_5474.JPEG,flaking,1.MOV,5474,train
Flakings/1.MOV_20201221091849_5475.JPEG,flaking,1.MOV,5475,train
Flakings/1.MOV_20201221091849_5476.JPEG,flaking,1.MOV,5476,train
Flakings/1.MOV_20201221091849_5477.JPEG,flaking,1.MOV,5477,train
Flakings/1.MOV_20201221091849_5478.JPEG,flaking,1.MOV,5478,train
Flakings/1.MOV_20201221091849_5479.JPEG,flaking,1.MOV,5479,train
Flakings/1.MOV_20201221091849_5480.JPEG,flaking,1.MOV,5480,train
Flakings/1.MOV_20201221091849_5481.JPEG,flaking,1.MOV,5481,train
Flakings/1.MOV_20201221091849_5482.JPEG,flaking,1.MOV,5482,train
Flakings/1.MOV_20201221091849_5483.JPEG,flaking,1.MOV,5483,train
Flakings/1.MOV_20201221091849_5484.JPEG,flaking,1.MOV,5484,train
Flakings/1.MOV_20201221091849_5485.JPEG,flaking,1.MOV,5485,train
Flakings/1.MOV_20201221091849_5486.JPEG,flaking,1.MOV,5486,train
Flakings/1.MOV_20201221091849_5487.JPEG,flaking,1.MOV,5487,train
Flakings/1.MOV_20201221091849_5488.JPEG,flaking,1.MOV,5488,train
Flakings/1.MOV_20201221091849_5489.JPEG,flaking,1.MOV,5489,train
Flakings/1.MOV_20201221091849_5490.JPEG,flaking,1.MOV,5490,train
Flakings/1.MOV_20201221091849_5491.JPEG,flaking,1.MOV,5491,train
Flakings/1.MOV_20201221091849_5492.JPEG,flaking,1.MOV,5492,train
Flakings/1.MOV_20201221091849_5493.JPEG,flaking,1.MOV,5493,train
Flakings/1.MOV_20201221091849_5494.JPEG,flaking,1.MOV,5494,train
Flakings/1.MOV_20201221091849_5495.JPEG,flaking,1.MOV,5495,train
Flakings/1.MOV_20201221091849_5496.JPEG,flaking,1.MOV,5496,train
Flakings/1.MOV_20201221091849_5497.JPEG,flaking,1.MOV,5497,train
Flakings/1.MOV_20201221091849_5498.JPEG,flaking,1.MOV,5498,train
Flakings/1.MOV_20201221091849_5499.JPEG,flaking,1.MOV,5499,train
Flakings/1.MOV_20201221091849_5500.JPEG,flaking,1.MOV,5500,train
Flakings/1.MOV_20201221091849_5501.JPEG,flaking,1.MOV,5501,train
Flakings/1.MOV_20201221091849_5510.JPEG,flaking,1.MOV,5510,train
Flakings/1.MOV_20201221091849_5511.JPEG,flaking,1.MOV,5511,train
Flakings/1.MOV_20201221091849_5512.JPEG,flaking,1.MOV,5512,train
Flakings/1.MOV_20201221091849_5513.JPEG,flaking,1.MOV,5513,train
Flakings/1.MOV_20201221091849_5514.JPEG,flaking,1.MOV,5514,train
Flakings/1.MOV_20201221091849_5515.JPEG,flaking,1.MOV,5515,train
Flakings/1.MOV_20201221091849_5516.JPEG,flaking,1.MOV,5516,train
Flakings/1.MOV_20201221091849_5517.JPEG,flaking,1.MOV,5517,train
Flakings/1.MOV_20201221091849_5518.JPEG,flaking,1.MOV,5518,train
Flakings/1.MOV_20201221091849_5519.JPEG,flaking,1.MOV,5519,train
Flakings/1.MOV_20201221091849_5520.JPEG,flaking,1.MOV,5520,train
Flakings/1.MOV_20201221091849_5521.JPEG,flaking,1.MOV,5521,train
Flakings/1.MOV_20201221091849_5522.JPEG,flaking,1.MOV,5522,train
Flakings/1.MOV_20201221091849_5523.JPEG,flaking,1.MOV,5523,train
Flakings/1.MOV_20201221091849_5524.JPEG,flaking,1.MOV,5524,train
Flakings/1.MOV_20201221091849_5525.JPEG,flaking,1.MOV,5525,train
Flakings/1.MOV_20201221091849_5526.JPEG,flaking,1.MOV,5526,train
Flakings/1.MOV_20201221091849_5527.JPEG,flaking,1.MOV,5527,train
Flakings/1.MOV_20201221091849_5528.JPEG,flaking,1.MOV,5528,train
Flakings/1.MOV_20201221091849_5529.JPEG,flaking,1.MOV,5529,train
Flakings/1.MOV_20201221091849_5530.JPEG,flaking,1.MOV,5530,train
Flakings/1.MOV_20201221091849_5531.JPEG,flaking,1.MOV,5531,train
Flakings/1.MOV_20201221091849_5532.JPEG,flaking,1.MOV,5532,train
Flakings/1.MOV_20201221091849_5533.JPEG,flaking,1.MOV,5533,train
Flakings/1.MOV_20201221091849_5534.JPEG,flaking,1.MOV,5534,train
Flakings/1.MOV_20201221091849_5535.JPEG,flaking,1.MOV,5535,train
Flakings/1.MOV_20201221091849_5536.JPEG,flaking,1.MOV,5536,train
Flakings/1.MOV_20201221091849_5537.JPEG,flaking,1.MOV,5537,train
Flakings/1.MOV_20201221091849_5538.JPEG,flaking,1.MOV,5538,train
Flakings/1.MOV_20201221091849_5539.JPEG,flaking,1.MOV,5539,train
Flakings/1.MOV_20201221091849_5540.JPEG,flaking,1.MOV,5540,train
Flakings/1.MOV_20201221091849_5541.JPEG,flaking,1.MOV,5541,train
Flakings/1.MOV_20201221091849_5542.JPEG,flaking,1.MOV,5542,train
Flakings/1.MOV_20201221091849_5543.JPEG,flaking,1.MOV,5543,train
Flakings/1.MOV_20201221091849_5544.JPEG,flaking,1.MOV,5544,train
Flakings/1.MOV_20201221091849_5545.JPEG,flaking,1.MOV,5545,train
Flakings/1.MOV_20201221091849_5546.JPEG,flaking,1.MOV,5546,train
Flakings/1.MOV_20201221091849_5547.JPEG,flaking,1.MOV,5547,train
Flakings/1.MOV_20201221091849_5548.JPEG,flaking,1.MOV,5548,train
Flakings/1.MOV_20201221091849_5549.JPEG,flaking,1.MOV,5549,train
Flakings/1.MOV_20201221091849_5550.JPEG,flaking,1.MOV,5550,train
Flakings/1.MOV_20201221091849_5551.JPEG,flaking,1.MOV,5551,train
Flakings/1.MOV_20201221091849_5552.JPEG,flaking,1.MOV,5552,train
Flakings/1.MOV_20201221091849_5553.JPEG,flaking,1.MOV,5553,train
Flakings/1.MOV_20201221091849_5554.JPEG,flaking,1.MOV,5554,train
Flakings/1.MOV_20201221091849_5555.JPEG,flaking,1.MOV,5555,train
Flakings/1.MOV_20201221091849_5556.JPEG,flaking,1.MOV,5556,train
Flakings/1.MOV_20201221091849_5557.JPEG,flaking,1.MOV,5557,train
Flakings/1.MOV_20201221091849_5558.JPEG,flaking,1.MOV,5558,train
Flakings/1.MOV_20201221091849_5559.JPEG,flaking,1.MOV,5559,train
Flakings/1.MOV_20201221091849_5560.JPEG,flaking,1.MOV,5560,train
Flakings/1.MOV_20201221091849_5561.JPEG,flaking,1.MOV,5561,train
Flakings/1.MOV_20201221091849_5562.JPEG,flaking,1.MOV,5562,train
Flakings/1.MOV_20201221091849_5563.JPEG,flaking,1.MOV,5563,train
Flakings/1.MOV_20201221091849_5564.JPEG,flaking,1.MOV,5564,train
Flakings/1.MOV_20201221091849_5565.JPEG,flaking,1.MOV,5565,train
Flakings/1.MOV_20201221091849_5566.JPEG,flaking,1.MOV,5566,train
Flakings/1.MOV_20201221091849_5567.JPEG,flaking,1.MOV,5567,train
Flakings/1.MOV_20201221091849_5568.JPEG,flaking,1.MOV,5568,train
Flakings/1.MOV_20201221091849_5569.JPEG,flaking,1.MOV,5569,train
Flakings/1.MOV_20201221091849_5570.JPEG,flaking,1.MOV,5570,train
Flakings/1.MOV_20201221091849_5571.JPEG,flaking,1.MOV,5571,train
Flakings/1.MOV_20201221091849_5572.JPEG,flaking,1.MOV,5572,train
Flakings/1.MOV_20201221091849_5573.JPEG,flaking,1.MOV,5573,train
Flakings/1.MOV_20201221091849_5574.JPEG,flaking,1.MOV,5574,train
Flakings/1.MOV_20201221091849_5575.JPEG,flaking,1.MOV,5575,train
Flakings/1.MOV_20201221091849_5576.JPEG,flaking,1.MOV,5576,train
Flakings/1.MOV_20201221091849_5577.JPEG,flaking,1.MOV,5577,train
Flakings/1.MOV_20201221091849_5578.JPEG,flaking,1.MOV,5578,train
Flakings/1.MOV_20201221091849_5579.JPEG,flaking,1.MOV,5579,train
Flakings/1.MOV_20201221091849_5580.JPEG,flaking,1.MOV,5580,train
Flakings/1.MOV_20201221091849_5581.JPEG,flaking,1.MOV,5581,train
Flakings/1.MOV_20201221091849_5582.JPEG,flaking,1.MOV,5582,train
Flakings/1.MOV_20201221091849_5583.JPEG,flaking,1.MOV,5583,train
Flakings/1.MOV_20201221091849_5584.JPEG,flaking,1.MOV,5584,train
Flakings/1.MOV_20201221091849_5585.JPEG,flaking,1.MOV,5585,train
Flakings/1.MOV_20201221091849_5586.JPEG,flaking,1.MOV,5586,train
Flakings/1.MOV_20201221091849_5587.JPEG,flaking,1.MOV,5587,train
Flakings/1.MOV_20201221091849_5588.JPEG,flaking,1.MOV,5588,train
Flakings/1.MOV_20201221091849_5589.JPEG,flaking,1.MOV,5589,train
Flakings/1.MOV_20201221091849_5590.JPEG,flaking,1.MOV,5590,train
Flakings/1.MOV_20201221091849_5591.JPEG,flaking,1.MOV,5591,train
Flakings/1.MOV_20201221091849_5592.JPEG,flaking,1.MOV,5592,train
Flakings/1.MOV_20201221091849_5593.JPEG,flaking,1.MOV,5593,train
Flakings/1.MOV_20201221091849_5602.JPEG,flaking,1.MOV,5602,train
Flakings/1.MOV_20201221091849_5603.JPEG,flaking,1.MOV,5603,train
Flakings/1.MOV_20201221091849_5604.JPEG,flaking,1.MOV,5604,train
Flakings/1.MOV_20201221091849_5605.JPEG,flaking,1.MOV,5605,train
Flakings/1.MOV_20201221091849_5606.JPEG,flaking,1.MOV,5606,train
Flakings/1.MOV_20201221091849_5607.JPEG,flaking,1.MOV,5607,train
Flakings/1.MOV_20201221091849_5608.JPEG,flaking,1.MOV,5608,train
Flakings/1.MOV_20201221091849_5609.JPEG,flaking,1.MOV,5609,train
Flakings/1.MOV_20201221091849_5610.JPEG,flaking,1.MOV,5610,train
Flakings/1.MOV_20201221091849_5617.JPEG,flaking,1.MOV,5617,test
Flakings/1.MOV_20201221091849_5625.JPEG,flaking,1.MOV,5625,train
Flakings/1.MOV_20201221091849_5626.JPEG,flaking,1.MOV,5626,train
Flakings/1.MOV_20201221091849_5627.JPEG,flaking,1.MOV,5627,train
Flakings/1.MOV_20201221091849_5768.JPEG,flaking,1.MOV,5768,train
Flakings/1.MOV_20201221091849_5769.JPEG,flaking,1.MOV,5769,train
Flakings/1.MOV_20201221091849_5770.JPEG,flaking,1.MOV,5770,train
Flakings/1.MOV_20201221091849_5771.JPEG,flaking,1.MOV,5771,train
Flakings/1.MOV_20201221091849_5772.JPEG,flaking,1.MOV,5772,train
Flakings/1.MOV_20201221091849_5773.JPEG,flaking,1.MOV,5773,train
Flakings/1.MOV_20201221091849_5774.JPEG,flaking,1.MOV,5774,train
Flakings/1.MOV_20201221091849_5775.JPEG,flaking,1.MOV,5775,train
Flakings/1.MOV_20201221091849_5776.JPEG,flaking,1.MOV,5776,train
Flakings/1.MOV_20201221091849_5777.JPEG,flaking,1.MOV,5777,train
Flakings/1.MOV_20201221091849_5778.JPEG,flaking,1.MOV,5778,train
Flakings/1.MOV_20201221091849_5779.JPEG,flaking,1.MOV,5779,train
Flakings/1.MOV_20201221091849_5780.JPEG,flaking,1.MOV,5780,train
Flakings/1.MOV_20201221091849_5781.JPEG,flaking,1.MOV,5781,train
Flakings/1.MOV_20201221091849_5782.JPEG,flaking,1.MOV,5782,train
Flakings/1.MOV_20201221091849_5783.JPEG,flaking,1.MOV,5783,train
Flakings/1.MOV_20201221091849_5784.JPEG,flaking,1.MOV,5784,train
Flakings/1.MOV_20201221091849_5785.JPEG,flaking,1.MOV,5785,train
Flakings/1.MOV_20201221091849_5786.JPEG,flaking,1.MOV,5786,train
Flakings/1.MOV_20201221091849_5787.JPEG,flaking,1.MOV,5787,train
Flakings/1.MOV_20201221091849_5788.JPEG,flaking,1.MOV,5788,train
Flakings/1.MOV_20201221091849_5789.JPEG,flaking,1.MOV,5789,train
Flakings/1.MOV_20201221091849_5790.JPEG,flaking,1.MOV,5790,train
Flakings/1.MOV_20201221091849_5791.JPEG,flaking,1.MOV,5791,train
Flakings/1.MOV_20201221091849_5792.JPEG,flaking,1.MOV,5792,train
Flakings/1.MOV_20201221091849_5793.JPEG,flaking,1.MOV,5793,train
Flakings/1.MOV_20201221091849_5794.JPEG,flaking,1.MOV,5794,train
Flakings/1.MOV_20201221091849_5795.JPEG,flaking,1.MOV,5795,train
Flakings/1.MOV_20201221091849_5796.JPEG,flaking,1.MOV,5796,train
Flakings/1.MOV_20201221091849_5797.JPEG,flaking,1.MOV,5797,train
Flakings/1.MOV_20201221091849_5798.JPEG,flaking,1.MOV,5798,train
Flakings/1.MOV_20201221091849_5799.JPEG,flaking,1.MOV,5799,train
Flakings/1.MOV_20201221091849_5800.JPEG,flaking,1.MOV,5800,train
Flakings/1.MOV_20201221091849_5801.JPEG,flaking,1.MOV,5801,train
Flakings/1.MOV_20201221091849_5802.JPEG,flaking,1.MOV,5802,train
Flakings/1.MOV_20201221091849_5803.JPEG,flaking,1.MOV,5803,train
Flakings/1.MOV_20201221091849_5804.JPEG,flaking,1.MOV,5804,train
Flakings/1.MOV_20201221091849_5805.JPEG,flaking,1.MOV,5805,train
Flakings/1.MOV_20201221091849_5806.JPEG,flaking,1.MOV,5806,train
Flakings/1.MOV_20201221091849_5807.JPEG,flaking,1.MOV,5807,train
Flakings/1.MOV_20201221091849_5808.JPEG,flaking,1.MOV,5808,train
Flakings/1.MOV_20201221091849_5809.JPEG,flaking,1.MOV,5809,train
Flakings/1.MOV_20201221091849_5810.JPEG,flaking,1.MOV,5810,train
Flakings/1.MOV_20201221091849_5811.JPEG,flaking,1.MOV,5811,train
Flakings/1.MOV_20201221091849_5812.JPEG,flaking,1.MOV,5812,train
Flakings/1.MOV_20201221091849_5813.JPEG,flaking,1.MOV,5813,train
Flakings/1.MOV_20201221091849_5814.JPEG,flaking,1.MOV,5814,train
Flakings/1.MOV_20201221091849_5815.JPEG,flaking,1.MOV,5815,train
Flakings/1.MOV_20201221091849_5816.JPEG,flaking,1.MOV,5816,train
Flakings/1.MOV_20201221091849_5817.JPEG,flaking,1.MOV,5817,train
Flakings/1.MOV_20201221091849_5818.JPEG,flaking,1.MOV,5818,train
Flakings/1.MOV_20201221091849_5819.JPEG,flaking,1.MOV,5819,train
Flakings/1.MOV_20201221091849_5820.JPEG,flaking,1.MOV,5820,train
Flakings/1.MOV_20201221091849_5821.JPEG,flaking,1.MOV,5821,train
Flakings/1.MOV_20201221091849_5822.JPEG,flaking,1.MOV,5822,train
Flakings/1.MOV_20201221091849_5823.JPEG,flaking,1.MOV,5823,train
Flakings/1.MOV_20201221091849_5824.JPEG,flaking,1.MOV,5824,train
Flakings/1.MOV_20201221091849_5825.JPEG,flaking,1.MOV,5825,train
Flakings/1.MOV_20201221091849_5826.JPEG,flaking,1.MOV,5826,train
Flakings/1.MOV_20201221091849_5827.JPEG,flaking,1.MOV,5827,train
Flakings/1.MOV_20201221091849_5828.JPEG,flaking,1.MOV,5828,train
Flakings/1.MOV_20201221091849_5829.JPEG,flaking,1.MOV,5829,train
Flakings/1.MOV_20201221091849_5830.JPEG,flaking,1.MOV,5830,train
Flakings/1.MOV_20201221091849_5831.JPEG,flaking,1.MOV,5831,train
Flakings/1.MOV_20201221091849_5832.JPEG,flaking,1.MOV,5832,train
Flakings/1.MOV_20201221091849_5833.JPEG,flaking,1.MOV,5833,train
Flakings/1.MOV_20201221091849_5834.JPEG,flaking,1.MOV,5834,train
Flakings/1.MOV_20201221091849_5835.JPEG,flaking,1.MOV,5835,train
Flakings/1.MOV_20201221091849_5836.JPEG,flaking,1.MOV,5836,train
Flakings/1.MOV_20201221091849_5837.JPEG,flaking,1.MOV,5837,train
Flakings/1.MOV_20201221091849_5844.JPEG,flaking,1.MOV,5844,test
Flakings/1.MOV_20201221091849_5845.JPEG,flaking,1.MOV,5845,test
Flakings/1.MOV_20201221091849_5846.JPEG,flaking,1.MOV,5846,test
Flakings/1.MOV_20201221091849_5847.JPEG,flaking,1.MOV,5847,test
Flakings/1.MOV_20201221091849_5848.JPEG,flaking,1.MOV,5848,test
Flakings/1.MOV_20201221091849_5849.JPEG,flaking,1.MOV,5849,test
Flakings/1.MOV_20201221091849_5850.JPEG,flaking,1.MOV,5850,test
Flakings/1.MOV_20201221091849_5851.JPEG,flaking,1.MOV,5851,test
Flakings/1.MOV_20201221091849_5852.JPEG,flaking,1.MOV,5852,test
Flakings/1.MOV_20201221091849_5853.JPEG,flaking,1.MOV,5853,test
Flakings/1.MOV_20201221091849_5854.JPEG,flaking,1.MOV,5854,test
Flakings/1.MOV_20201221091849_5855.JPEG,flaking,1.MOV,5855,test
Flakings/1.MOV_20201221091849_5856.JPEG,flaking,1.MOV,5856,test
Flakings/1.MOV_20201221091849_5857.JPEG,flaking,1.MOV,5857,test
Flakings/1.MOV_20201221091849_5858.JPEG,flaking,1.MOV,5858,test
Flakings/1.MOV_20201221091849_5859.JPEG,flaking,1.MOV,5859,test
Flakings/1.MOV_20201221091849_5860.JPEG,flaking,1.MOV,5860,test
Flakings/1.MOV_20201221091849_5861.JPEG,flaking,1.MOV,5861,test
Flakings/1.MOV_20201221091849_5862.JPEG,flaking,1.MOV,5862,test
Flakings/1.MOV_20201221091849_5863.JPEG,flaking,1.MOV,5863,test
Flakings/1.MOV_20201221091849_5864.JPEG,flaking,1.MOV,5864,test
Flakings/1.MOV_20201221091849_5865.JPEG,flaking,1.MOV,5865,test
Flakings/1.MOV_20201221091849_5866.JPEG,flaking,1.MOV,5866,test
Flakings/1.MOV_20201221091849_5867.JPEG,flaking,1.MOV,5867,test
Flakings/1.MOV_20201221091849_5868.JPEG,flaking,1.MOV,5868,test
Flakings/1.MOV_20201221091849_5869.JPEG,flaking,1.MOV,5869,test
Flakings/1.MOV_20201221091849_5870.JPEG,flaking,1.MOV,5870,test
Flakings/1.MOV_20201221091849_5871.JPEG,flaking,1.MOV,5871,test
Flakings/1.MOV_20201221091849_5872.JPEG,flaking,1.MOV,5872,test
Flakings/1.MOV_20201221091849_5873.JPEG,flaking,1.MOV,5873,test
Flakings/1.MOV_20201221091849_5874.JPEG,flaking,1.MOV,5874,test
Flakings/1.MOV_20201221091849_5875.JPEG,flaking,1.MOV,5875,test
Flakings/1.MOV_20201221091849_5876.JPEG,flaking,1.MOV,5876,test
Flakings/1.MOV_20201221091849_5883.JPEG,flaking,1.MOV,5883,val
Flakings/1.MOV_20201221091849_5884.JPEG,flaking,1.MOV,5884,val
Flakings/1.MOV_20201221091849_5885.JPEG,flaking,1.MOV,5885,val
Flakings/1.MOV_20201221091849_5886.JPEG,flaking,1.MOV,5886,val
Flakings/1.MOV_20201221091849_5887.JPEG,flaking,1.MOV,5887,val
Flakings/1.MOV_20201221091849_5888.JPEG,flaking,1.MOV,5888,val
Flakings/1.MOV_20201221091849_5889.JPEG,flaking,1.MOV,5889,val
Flakings/1.MOV_20201221091849_5890.JPEG,flaking,1.MOV,5890,val
Flakings/1.MOV_20201221091849_5891.JPEG,flaking,1.MOV,5891,val
Flakings/1.MOV_20201221091849_5892.JPEG,flaking,1.MOV,5892,val
Flakings/1.MOV_20201221091849_5893.JPEG,flaking,1.MOV,5893,val
Flakings/1.MOV_20201221091849_5894.JPEG,flaking,1.MOV,5894,val
Flakings/1.MOV_20201221091849_5895.JPEG,flaking,1.MOV,5895,val
Flakings/1.MOV_20201221091849_5896.JPEG,flaking,1.MOV,5896,val
Flakings/1.MOV_20201221091849_5897.JPEG,flaking,1.MOV,5897,val
Flakings/1.MOV_20201221091849_5898.JPEG,flaking,1.MOV,5898,val
Flakings/1.MOV_20201221091849_5899.JPEG,flaking,1.MOV,5899,val
Flakings/1.MOV_20201221091849_5900.JPEG,flaking,1.MOV,5900,val
Flakings/1.MOV_20201221091849_5901.JPEG,flaking,1.MOV,5901,val
Flakings/1.MOV_20201221091849_5902.JPEG,flaking,1.MOV,5902,val
Flakings/1.MOV_20201221091849_5903.JPEG,flaking,1.MOV,5903,val
Flakings/1.MOV_20201221091849_5904.JPEG,flaking,1.MOV,5904,val
Flakings/1.MOV_20201221091849_5905.JPEG,flaking,1.MOV,5905,val
Flakings/1.MOV_20201221091849_5906.JPEG,flaking,1.MOV,5906,val
Flakings/1.MOV_20201221091849_5907.JPEG,flaking,1.MOV,5907,val
Flakings/1.MOV_20201221091849_5908.JPEG,flaking,1.MOV,5908,val
Flakings/1.MOV_20201221091849_5909.JPEG,flaking,1.MOV,5909,val
Flakings/1.MOV_20201221091849_5910.JPEG,flaking,1.MOV,5910,val
Flakings/1.MOV_20201221091849_5911.JPEG,flaking,1.MOV,5911,val
Flakings/1.MOV_20201221091849_5912.JPEG,flaking,1.MOV,5912,val
Flakings/1.MOV_20201221091849_5913.JPEG,flaking,1.MOV,5913,val
Flakings/1.MOV_20201221091849_5914.JPEG,flaking,1.MOV,5914,val
Flakings/1.MOV_20201221091849_5915.JPEG,flaking,1.MOV,5915,val
Flakings/1.MOV_20201221091849_5917.JPEG,flaking,1.MOV,5917,val
Flakings/1.MOV_20201221091849_5918.JPEG,flaking,1.MOV,5918,val
Flakings/1.MOV_20201221091849_5919.JPEG,flaking,1.MOV,5919,val
Flakings/1.MOV_20201221091849_5920.JPEG,flaking,1.MOV,5920,val
Flakings/1.MOV_20201221091849_5921.JPEG,flaking,1.MOV,5921,val
Flakings/1.MOV_20201221091849_5922.JPEG,flaking,1.MOV,5922,val
Flakings/1.MOV_20201221091849_5923.JPEG,flaking,1.MOV,5923,val
Flakings/1.MOV_20201221091849_5924.JPEG,flaking,1.MOV,5924,val
Flakings/1.MOV_20201221091849_5925.JPEG,flaking,1.MOV,5925,val
Flakings/1.MOV_20201221091849_5926.JPEG,flaking,1.MOV,5926,val
Flakings/1.MOV_20201221091849_5927.JPEG,flaking,1.MOV,5927,val
Flakings/1.MOV_20201221091849_5928.JPEG,flaking,1.MOV,5928,val
Flakings/1.MOV_20201221091849_5929.JPEG,flaking,1.MOV,5929,val
Flakings/1.MOV_20201221091849_5930.JPEG,flaking,1.MOV,5930,val
Flakings/1.MOV_20201221091849_5931.JPEG,flaking,1.MOV,5931,val
Flakings/1.MOV_20201221091849_5932.JPEG,flaking,1.MOV,5932,val
Flakings/1.MOV_20201221091849_5933.JPEG,flaking,1.MOV,5933,val
Flakings/1.MOV_20201221091849_5934.JPEG,flaking,1.MOV,5934,val
Flakings/1.MOV_20201221091849_5935.JPEG,flaking,1.MOV,5935,val
Flakings/1.MOV_20201221091849_5936.JPEG,flaking,1.MOV,5936,val
Flakings/1.MOV_20201221091849_5937.JPEG,flaking,1.MOV,5937,val
Flakings/1.MOV_20201221091849_5938.JPEG,flaking,1.MOV,5938,val
Flakings/1.MOV_20201221091849_5939.JPEG,flaking,1.MOV,5939,val
Flakings/1.MOV_20201221091849_5940.JPEG,flaking,1.MOV,5940,val
Flakings/1.MOV_20201221091849_6085.JPEG,flaking,1.MOV,6085,train
Flakings/1.MOV_20201221091849_6086.JPEG,flaking,1.MOV,6086,train
Flakings/1.MOV_20201221091849_6087.JPEG,flaking,1.MOV,6087,train
Flakings/1.MOV_20201221091849_6088.JPEG,flaking,1.MOV,6088,train
Flakings/1.MOV_20201221091849_6089.JPEG,flaking,1.MOV,6089,train
Flakings/1.MOV_20201221091849_6090.JPEG,flaking,1.MOV,6090,train
Flakings/1.MOV_20201221091849_6091.JPEG,flaking,1.MOV,6091,train
Flakings/1.MOV_20201221091849_6092.JPEG,flaking,1.MOV,6092,train
Flakings/1.MOV_20201221091849_6093.JPEG,flaking,1.MOV,6093,train
Flakings/1.MOV_20201221091849_6094.JPEG,flaking,1.MOV,6094,train
Flakings/1.MOV_20201221091849_6095.JPEG,flaking,1.MOV,6095,train
Flakings/1.MOV_20201221091849_6096.JPEG,flaking,1.MOV,6096,train
Flakings/1.MOV_20201221091849_6097.JPEG,flaking,1.MOV,6097,train
Flakings/1.MOV_20201221091849_6098.JPEG,flaking,1.MOV,6098,train
Flakings/1.MOV_20201221091849_6099.JPEG,flaking,1.MOV,6099,train
Flakings/1.MOV_20201221091849_6100.JPEG,flaking,1.MOV,6100,train
Flakings/1.MOV_20201221091849_6101.JPEG,flaking,1.MOV,6101,train
Flakings/1.MOV_20201221091849_6102.JPEG,flaking,1.MOV,6102,train
Flakings/1.MOV_20201221091849_6103.JPEG,flaking,1.MOV,6103,train
Flakings/1.MOV_20201221091849_6104.JPEG,flaking,1.MOV,6104,train
Flakings/1.MOV_20201221091849_6105.JPEG,flaking,1.MOV,6105,train
Flakings/1.MOV_20201221091849_6106.JPEG,flaking,1.MOV,6106,train
Flakings/1.MOV_20201221091849_6107.JPEG,flaking,1.MOV,6107,train
Flakings/1.MOV_20201221091849_6108.JPEG,flaking,1.MOV,6108,train
Flakings/1.MOV_20201221091849_6109.JPEG,flaking,1.MOV,6109,train
Flakings/1.MOV_20201221091849_6110.JPEG,flaking,1.MOV,6110,train
Flakings/1.MOV_20201221091849_6111.JPEG,flaking,1.MOV,6111,train
Flakings/1.MOV_20201221091849_6112.JPEG,flaking,1.MOV,6112,train
Flakings/1.MOV_20201221091849_6118.JPEG,flaking,1.MOV,6118,train
Flakings/1.MOV_20201221091849_6119.JPEG,flaking,1.MOV,6119,train
Flakings/1.MOV_20201221091849_6120.JPEG,flaking,1.MOV,6120,train
Flakings/1.MOV_20201221091849_6121.JPEG,flaking,1.MOV,6121,train
Flakings/1.MOV_20201221091849_6122.JPEG,flaking,1.MOV,6122,train
Flakings/1.MOV_20201221091849_6123.JPEG,flaking,1.MOV,6123,train
Flakings/1.MOV_20201221091849_6124.JPEG,flaking,1.MOV,6124,train
Flakings/1.MOV_20201221091849_6125.JPEG,flaking,1.MOV,6125,train
Flakings/1.MOV_20201221091849_6126.JPEG,flaking,1.MOV,6126,train
Flakings/1.MOV_20201221091849_6127.JPEG,flaking,1.MOV,6127,train
Flakings/1.MOV_20201221091849_6128.JPEG,flaking,1.MOV,6128,train
Flakings/1.MOV_20201221091849_6129.JPEG,flaking,1.MOV,6129,train
Flakings/1.MOV_20201221091849_6130.JPEG,flaking,1.MOV,6130,train
Flakings/1.MOV_20201221091849_6131.JPEG,flaking,1.MOV,6131,train
Flakings/1.MOV_20201221091849_6132.JPEG,flaking,1.MOV,6132,train
Flakings/1.MOV_20201221091849_6133.JPEG,flaking,1.MOV,6133,train
Flakings/1.MOV_20201221091849_6134.JPEG,flaking,1.MOV,6134,train
Flakings/1.MOV_20201221091849_6135.JPEG,flaking,1.MOV,6135,train
Flakings/1.MOV_20201221091849_6136.JPEG,flaking,1.MOV,6136,train
Flakings/1.MOV_20201221091849_6137.JPEG,flaking,1.MOV,6137,train
Flakings/1.MOV_20201221091849_6138.JPEG,flaking,1.MOV,6138,train
Flakings/1.MOV_20201221091849_6139.JPEG,flaking,1.MOV,6139,train
Flakings/1.MOV_20201221091849_6140.JPEG,flaking,1.MOV,6140,train
Flakings/1.MOV_20201221091849_6141.JPEG,flaking,1.MOV,6141,train
Flakings/1.MOV_20201221091849_6142.JPEG,flaking,1.MOV,6142,train
Flakings/1.MOV_20201221091849_6143.JPEG,flaking,1.MOV,6143,train
Flakings/1.MOV_20201221091849_6144.JPEG,flaking,1.MOV,6144,train
Flakings/1.MOV_20201221091849_6145.JPEG,flaking,1.MOV,6145,train
Flakings/1.MOV_20201221091849_6146.JPEG,flaking,1.MOV,6146,train
Flakings/1.MOV_20201221091849_6147.JPEG,flaking,1.MOV,6147,train
Flakings/1.MOV_20201221091849_6148.JPEG,flaking,1.MOV,6148,train
Flakings/1.MOV_20201221091849_6149.JPEG,flaking,1.MOV,6149,train
Flakings/1.MOV_20201221091849_6150.JPEG,flaking,1.MOV,6150,train
Flakings/1.MOV_20201221091849_6151.JPEG,flaking,1.MOV,6151,train
Flakings/1.MOV_20201221091849_6152.JPEG,flaking,1.MOV,6152,train
Flakings/1.MOV_20201221091849_6153.JPEG,flaking,1.MOV,6153,train
Flakings/1.MOV_20201221091849_6154.JPEG,flaking,1.MOV,6154,train
Flakings/1.MOV_20201221091849_6155.JPEG,flaking,1.MOV,6155,train
Flakings/1.MOV_20201221091849_6156.JPEG,flaking,1.MOV,6156,train
Flakings/1.MOV_20201221091849_6157.JPEG,flaking,1.MOV,6157,train
Flakings/1.MOV_20201221091849_6158.JPEG,flaking,1.MOV,6158,train
Flakings/1.MOV_20201221091849_6159.JPEG,flaking,1.MOV,6159,train
Flakings/1.MOV_20201221091849_6160.JPEG,flaking,1.MOV,6160,train
Flakings/1.MOV_20201221091849_6161.JPEG,flaking,1.MOV,6161,train
Flakings/1.MOV_20201221091849_6162.JPEG,flaking,1.MOV,6162,train
Flakings/1.MOV_20201221091849_6163.JPEG,flaking,1.MOV,6163,train
Flakings/1.MOV_20201221091849_6164.JPEG,flaking,1.MOV,6164,train
Flakings/1.MOV_20201221091849_6165.JPEG,flaking,1.MOV,6165,train
Flakings/1.MOV_20201221091849_6166.JPEG,flaking,1.MOV,6166,train
Flakings/1.MOV_20201221091849_6167.JPEG,flaking,1.MOV,6167,train
Flakings/1.MOV_20201221091849_6168.JPEG,flaking,1.MOV,6168,train
Flakings/1.MOV_20201221091849_6169.JPEG,flaking,1.MOV,6169,train
Flakings/1.MOV_20201221091849_6170.JPEG,flaking,1.MOV,6170,train
Flakings/1.MOV_20201221091849_6171.JPEG,flaking,1.MOV,6171,train
Flakings/1.MOV_20201221091849_6172.JPEG,flaking,1.MOV,6172,train
Flakings/1.MOV_20201221091849_6173.JPEG,flaking,1.MOV,6173,train
Flakings/1.MOV_20201221091849_6174.JPEG,flaking,1.MOV,6174,train
Flakings/1.MOV_20201221091849_6175.JPEG,flaking,1.MOV,6175,train
Flakings/1.MOV_20201221091849_6176.JPEG,flaking,1.MOV,6176,train
Flakings/1.MOV_20201221091849_6177.JPEG,flaking,1.MOV,6177,train
Flakings/1.MOV_20201221091849_6178.JPEG,flaking,1.MOV,6178,train
Flakings/1.MOV_20201221091849_6179.JPEG,flaking,1.MOV,6179,train
Flakings/1.MOV_20201221091849_6180.JPEG,flaking,1.MOV,6180,train
Flakings/1.MOV_20201221091849_6181.JPEG,flaking,1.MOV,6181,train
Flakings/1.MOV_20201221091849_6182.JPEG,flaking,1.MOV,6182,train
Flakings/1.MOV_20201221091849_6183.JPEG,flaking,1.MOV,6183,train
Flakings/1.MOV_20201221091849_6184.JPEG,flaking,1.MOV,6184,train
Flakings/1.MOV_20201221091849_6185.JPEG,flaking,1.MOV,6185,train
Flakings/1.MOV_20201221091849_6186.JPEG,flaking,1.MOV,6186,train
Flakings/1.MOV_20201221091849_6187.JPEG,flaking,1.MOV,6187,train
Flakings/1.MOV_20201221091849_6188.JPEG,flaking,1.MOV,6188,train
Flakings/1.MOV_20201221091849_6189.JPEG,flaking,1.MOV,6189,train
Flakings/1.MOV_20201221091849_6190.JPEG,flaking,1.MOV,6190,train
Flakings/1.MOV_20201221091849_6191.JPEG,flaking,1.MOV,6191,train
Flakings/1.MOV_20201221091849_6192.JPEG,flaking,1.MOV,6192,train
Flakings/1.MOV_20201221091849_6193.JPEG,flaking,1.MOV,6193,train
Flakings/1.MOV_20201221091849_6194.JPEG,flaking,1.MOV,6194,train
Flakings/1.MOV_20201221091849_6195.JPEG,flaking,1.MOV,6195,train
Flakings/1.MOV_20201221091849_6196.JPEG,flaking,1.MOV,6196,train
Flakings/1.MOV_20201221091849_6197.JPEG,flaking,1.MOV,6197,train
Flakings/1.MOV_20201221091849_6198.JPEG,flaking,1.MOV,6198,train
Flakings/1.MOV_20201221091849_6199.JPEG,flaking,1.MOV,6199,train
Flakings/1.MOV_20201221091849_6200.JPEG,flaking,1.MOV,6200,train
Flakings/1.MOV_20201221091849_6201.JPEG,flaking,1.MOV,6201,train
Flakings/1.MOV_20201221091849_6202.JPEG,flaking,1.MOV,6202,train
Flakings/1.MOV_20201221091849_6203.JPEG,flaking,1.MOV,6203,train
Flakings/1.MOV_20201221091849_6204.JPEG,flaking,1.MOV,6204,train
Flakings/1.MOV_20201221091849_6205.JPEG,flaking,1.MOV,6205,train
Flakings/1.MOV_20201221091849_6206.JPEG,flaking,1.MOV,6206,train
Flakings/1.MOV_20201221091849_6207.JPEG,flaking,1.MOV,6207,train
Flakings/1.MOV_20201221091849_6208.JPEG,flaking,1.MOV,6208,train
Flakings/1.MOV_20201221091849_6209.JPEG,flaking,1.MOV,6209,train
Flakings/1.MOV_20201221091849_6210.JPEG,flaking,1.MOV,6210,train
Flakings/1.MOV_20201221091849_6211.JPEG,flaking,1.MOV,6211,train
Flakings/1.MOV_20201221091849_6212.JPEG,flaking,1.MOV,6212,train
Flakings/1.MOV_20201221091849_6213.JPEG,flaking,1.MOV,6213,train
Flakings/1.MOV_20201221091849_6214.JPEG,flaking,1.MOV,6214,train
Flakings/1.MOV_20201221091849_6215.JPEG,flaking,1.MOV,6215,train
Flakings/1.MOV_20201221091849_6216.JPEG,flaking,1.MOV,6216,train
Flakings/1.MOV_20201221091849_6217.JPEG,flaking,1.MOV,6217,train
Flakings/1.MOV_20201221091849_6218.JPEG,flaking,1.MOV,6218,train
Flakings/1.MOV_20201221091849_6219.JPEG,flaking,1.MOV,6219,train
Flakings/1.MOV_20201221091849_6220.JPEG,flaking,1.MOV,6220,train
Flakings/1.MOV_20201221091849_6221.JPEG,flaking,1.MOV,6221,train
Flakings/1.MOV_20201221091849_6222.JPEG,flaking,1.MOV,6222,train
Flakings/1.MOV_20201221091849_6223.JPEG,flaking,1.MOV,6223,train
Flakings/1.MOV_20201221091849_6224.JPEG,flaking,1.MOV,6224,train
Flakings/1.MOV_20201221091849_6225.JPEG,flaking,1.MOV,6225,train
Flakings/1.MOV_20201221091849_6226.JPEG,flaking,1.MOV,6226,train
Flakings/1.MOV_20201221091849_6227.JPEG,flaking,1.MOV,6227,train
Flakings/1.MOV_20201221091849_6228.JPEG,flaking,1.MOV,6228,train
Flakings/1.MOV_20201221091849_6229.JPEG,flaking,1.MOV,6229,train
Flakings/1.MOV_20201221091849_6230.JPEG,flaking,1.MOV,6230,train
Flakings/1.MOV_20201221091849_6238.JPEG,flaking,1.MOV,6238,train
Flakings/1.MOV_20201221091849_6239.JPEG,flaking,1.MOV,6239,train
Flakings/1.MOV_20201221091849_6240.JPEG,flaking,1.MOV,6240,train
Flakings/1.MOV_20201221091849_6241.JPEG,flaking,1.MOV,6241,train
Flakings/1.MOV_20201221091849_6242.JPEG,flaking,1.MOV,6242,train
Flakings/1.MOV_20201221091849_6243.JPEG,flaking,1.MOV,6243,train
Flakings/1.MOV_20201221091849_6244.JPEG,flaking,1.MOV,6244,train
Flakings/1.MOV_20201221091849_6245.JPEG,flaking,1.MOV,6245,train
Flakings/1.MOV_20201221091849_6246.JPEG,flaking,1.MOV,6246,train
Flakings/1.MOV_20201221091849_6247.JPEG,flaking,1.MOV,6247,train
Flakings/1.MOV_20201221091849_6248.JPEG,flaking,1.MOV,6248,train
Flakings/1.MOV_20201221091849_6249.JPEG,flaking,1.MOV,6249,train
Flakings/1.MOV_20201221091849_6250.JPEG,flaking,1.MOV,6250,train
Flakings/1.MOV_20201221091849_6251.JPEG,flaking,1.MOV,6251,train
Flakings/1.MOV_20201221091849_6252.JPEG,flaking,1.MOV,6252,train
Flakings/1.MOV_20201221091849_6253.JPEG,flaking,1.MOV,6253,train
Flakings/1.MOV_20201221091849_6254.JPEG,flaking,1.MOV,6254,train
Flakings/1.MOV_20201221091849_6255.JPEG,flaking,1.MOV,6255,train
Flakings/1.MOV_20201221091849_6256.JPEG,flaking,1.MOV,6256,train
Flakings/1.MOV_20201221091849_6257.JPEG,flaking,1.MOV,6257,train
Flakings/1.MOV_20201221091849_6258.JPEG,flaking,1.MOV,6258,train
Flakings/1.MOV_20201221091849_6259.JPEG,flaking,1.MOV,6259,train
Flakings/1.MOV_20201221091849_6260.JPEG,flaking,1.MOV,6260,train
Flakings/1.MOV_20201221091849_6261.JPEG,flaking,1.MOV,6261,train
Flakings/1.MOV_20201221091849_6262.JPEG,flaking,1.MOV,6262,train
Flakings/1.MOV_20201221091849_6263.JPEG,flaking,1.MOV,6263,train
Flakings/1.MOV_20201221091849_6264.JPEG,flaking,1.MOV,6264,train
Flakings/1.MOV_20201221091849_6265.JPEG,flaking,1.MOV,6265,train
Flakings/1.MOV_20201221091849_6266.JPEG,flaking,1.MOV,6266,train
Flakings/1.MOV_20201221091849_6267.JPEG,flaking,1.MOV,6267,train
Flakings/1.MOV_20201221091849_6268.JPEG,flaking,1.MOV,6268,train
Flakings/1.MOV_20201221091849_6269.JPEG,flaking,1.MOV,6269,train
Flakings/1.MOV_20201221091849_6270.JPEG,flaking,1.MOV,6270,train
Flakings/1.MOV_20201221091849_6271.JPEG,flaking,1.MOV,6271,train
Flakings/1.MOV_20201221091849_6272.JPEG,flaking,1.MOV,6272,train
Flakings/1.MOV_20201221091849_6273.JPEG,flaking,1.MOV,6273,train
Flakings/1.MOV_20201221091849_6274.JPEG,flaking,1.MOV,6274,train
Flakings/1.MOV_20201221091849_6275.JPEG,flaking,1.MOV,6275,train
Flakings/1.MOV_20201221091849_6276.JPEG,flaking,1.MOV,6276,train
Flakings/1.MOV_20201221091849_6277.JPEG,flaking,1.MOV,6277,train
Flakings/1.MOV_20201221091849_6278.JPEG,flaking,1.MOV,6278,train
Flakings/1.MOV_20201221091849_6279.JPEG,flaking,1.MOV,6279,train
Flakings/1.MOV_20201221091849_6280.JPEG,flaking,1.MOV,6280,train
Flakings/1.MOV_20201221091849_6281.JPEG,flaking,1.MOV,6281,train
Flakings/1.MOV_20201221091849_6282.JPEG,flaking,1.MOV,6282,train
Flakings/1.MOV_20201221091849_6283.JPEG,flaking,1.MOV,6283,train
Flakings/1.MOV_20201221091849_6284.JPEG,flaking,1.MOV,6284,train
Flakings/1.MOV_20201221091849_6285.JPEG,flaking,1.MOV,6285,train
Flakings/1.MOV_20201221091849_6286.JPEG,flaking,1.MOV,6286,train
Flakings/1.MOV_20201221091849_6287.JPEG,flaking,1.MOV,6287,train
Flakings/1.MOV_20201221091849_6288.JPEG,flaking,1.MOV,6288,train
Flakings/1.MOV_20201221091849_6289.JPEG,flaking,1.MOV,6289,train
Flakings/1.MOV_20201221091849_6290.JPEG,flaking,1.MOV,6290,train
Flakings/1.MOV_20201221091849_6291.JPEG,flaking,1.MOV,6291,train
Flakings/1.MOV_20201221091849_6292.JPEG,flaking,1.MOV,6292,train
Flakings/1.MOV_20201221091849_6293.JPEG,flaking,1.MOV,6293,train
Flakings/1.MOV_20201221091849_6294.JPEG,flaking,1.MOV,6294,train
Flakings/1.MOV_20201221091849_6295.JPEG,flaking,1.MOV,6295,train
Flakings/1.MOV_20201221091849_6296.JPEG,flaking,1.MOV,6296,train
Flakings/1.MOV_20201221091849_6297.JPEG,flaking,1.MOV,6297,train
Flakings/1.MOV_20201221091849_6298.JPEG,flaking,1.MOV,6298,train
Flakings/1.MOV_20201221091849_6299.JPEG,flaking,1.MOV,6299,train
Flakings/1.MOV_20201221091849_6300.JPEG,flaking,1.MOV,6300,train
Flakings/1.MOV_20201221091849_6301.JPEG,flaking,1.MOV,6301,train
Flakings/1.MOV_20201221091849_6302.JPEG,flaking,1.MOV,6302,train
Flakings/1.MOV_20201221091849_6303.JPEG,flaking,1.MOV,6303,train
Flakings/1.MOV_20201221091849_6304.JPEG,flaking,1.MOV,6304,train
Flakings/1.MOV_20201221091849_6412.JPEG,flaking,1.MOV,6412,train
Flakings/1.MOV_20201221091849_6413.JPEG,flaking,1.MOV,6413,train
Flakings/1.MOV_20201221091849_6414.JPEG,flaking,1.MOV,6414,train
Flakings/1.MOV_20201221091849_6415.JPEG,flaking,1.MOV,6415,train
Flakings/1.MOV_20201221091849_6416.JPEG,flaking,1.MOV,6416,train
Flakings/1.MOV_20201221091849_6417.JPEG,flaking,1.MOV,6417,train
Flakings/1.MOV_20201221091849_6418.JPEG,flaking,1.MOV,6418,train
Flakings/1.MOV_20201221091849_6419.JPEG,flaking,1.MOV,6419,train
Flakings/1.MOV_20201221091849_6420.JPEG,flaking,1.MOV,6420,train
Flakings/1.MOV_20201221091849_6421.JPEG,flaking,1.MOV,6421,train
Flakings/1.MOV_20201221091849_6422.JPEG,flaking,1.MOV,6422,train
Flakings/1.MOV_20201221091849_6423.JPEG,flaking,1.MOV,6423,train
Flakings/1.MOV_20201221091849_6424.JPEG,flaking,1.MOV,6424,train
Flakings/1.MOV_20201221091849_6425.JPEG,flaking,1.MOV,6425,train
Flakings/1.MOV_20201221091849_6426.JPEG,flaking,1.MOV,6426,train
Flakings/1.MOV_20201221091849_6427.JPEG,flaking,1.MOV,6427,train
Flakings/1.MOV_20201221091849_6580.JPEG,flaking,1.MOV,6580,train
Flakings/1.MOV_20201221091849_6581.JPEG,flaking,1.MOV,6581,train
Flakings/1.MOV_20201221091849_6582.JPEG,flaking,1.MOV,6582,train
Flakings/1.MOV_20201221091849_6583.JPEG,flaking,1.MOV,6583,train
Flakings/1.MOV_20201221091849_6584.JPEG,flaking,1.MOV,6584,train
Flakings/1.MOV_20201221091849_6585.JPEG,flaking,1.MOV,6585,train
Flakings/1.MOV_20201221091849_6586.JPEG,flaking,1.MOV,6586,train
Flakings/1.MOV_20201221091849_6587.JPEG,flaking,1.MOV,6587,train
Flakings/1.MOV_20201221091849_6588.JPEG,flaking,1.MOV,6588,train
Flakings/1.MOV_20201221091849_6589.JPEG,flaking,1.MOV,6589,train
Flakings/1.MOV_20201221091849_6590.JPEG,flaking,1.MOV,6590,train
Flakings/1.MOV_20201221091849_6591.JPEG,flaking,1.MOV,6591,train
Flakings/1.MOV_20201221091849_6592.JPEG,flaking,1.MOV,6592,train
Flakings/1.MOV_20201221091849_6593.JPEG,flaking,1.MOV,6593,train
Flakings/1.MOV_20201221091849_6594.JPEG,flaking,1.MOV,6594,train
Flakings/1.MOV_20201221091849_6595.JPEG,flaking,1.MOV,6595,train
Flakings/1.MOV_20201221091849_6596.JPEG,flaking,1.MOV,6596,train
Flakings/1.MOV_20201221091849_6597.JPEG,flaking,1.MOV,6597,train
Flakings/1.MOV_20201221091849_6598.JPEG,flaking,1.MOV,6598,train
Flakings/1.MOV_20201221091849_6599.JPEG,flaking,1.MOV,6599,train
Flakings/1.MOV_20201221091849_6600.JPEG,flaking,1.MOV,6600,train
Flakings/1.MOV_20201221091849_6601.JPEG,flaking,1.MOV,6601,train
Flakings/1.MOV_20201221091849_6602.JPEG,flaking,1.MOV,6602,train
Flakings/1.MOV_20201221091849_6603.JPEG,flaking,1.MOV,6603,train
Flakings/1.MOV_20201221091849_6604.JPEG,flaking,1.MOV,6604,train
Flakings/1.MOV_20201221091849_6605.JPEG,flaking,1.MOV,6605,train
Flakings/1.MOV_20201221091849_6606.JPEG,flaking,1.MOV,6606,train
Flakings/1.MOV_20201221091849_6607.JPEG,flaking,1.MOV,6607,train
Flakings/1.MOV_20201221091849_6608.JPEG,flaking,1.MOV,6608,train
Flakings/1.MOV_20201221091849_6609.JPEG,flaking,1.MOV,6609,train
Flakings/1.MOV_20201221091849_6610.JPEG,flaking,1.MOV,6610,train
Flakings/1.MOV_20201221091849_6611.JPEG,flaking,1.MOV,6611,train
Flakings/1.MOV_20201221091849_6612.JPEG,flaking,1.MOV,6612,train
Flakings/1.MOV_20201221091849_6613.JPEG,flaking,1.MOV,6613,train
Flakings/1.MOV_20201221091849_6614.JPEG,flaking,1.MOV,6614,train
Flakings/1.MOV_20201221091849_6615.JPEG,flaking,1.MOV,6615,train
Flakings/1.MOV_20201221091849_6616.JPEG,flaking,1.MOV,6616,train
Flakings/1.MOV_20201221091849_6617.JPEG,flaking,1.MOV,6617,train
Flakings/1.MOV_20201221091849_6618.JPEG,flaking,1.MOV,6618,train
Flakings/1.MOV_20201221091849_6619.JPEG,flaking,1.MOV,6619,train
Flakings/1.MOV_20201221091849_6620.JPEG,flaking,1.MOV,6620,train
Flakings/1.MOV_20201221091849_6621.JPEG,flaking,1.MOV,6621,train
Flakings/1.MOV_20201221091849_6622.JPEG,flaking,1.MOV,6622,train
Flakings/1.MOV_20201221091849_6623.JPEG,flaking,1.MOV,6623,train
Flakings/1.MOV_20201221091849_6624.JPEG,flaking,1.MOV,6624,train
Flakings/1.MOV_20201221091849_6625.JPEG,flaking,1.MOV,6625,train
Flakings/1.MOV_20201221091849_6626.JPEG,flaking,1.MOV,6626,train
Flakings/1.MOV_20201221091849_6627.JPEG,flaking,1.MOV,6627,train
Flakings/1.MOV_20201221091849_6628.JPEG,flaking,1.MOV,6628,train
Flakings/1.MOV_20201221091849_6629.JPEG,flaking,1.MOV,6629,train
Flakings/1.MOV_20201221091849_6630.JPEG,flaking,1.MOV,6630,train
Flakings/1.MOV_20201221091849_6631.JPEG,flaking,1.MOV,6631,train
Flakings/1.MOV_20201221091849_6632.JPEG,flaking,1.MOV,6632,train
Flakings/1.MOV_20201221091849_6633.JPEG,flaking,1.MOV,6633,train
Flakings/1.MOV_20201221091849_6634.JPEG,flaking,1.MOV,6634,train
Flakings/1.MOV_20201221091849_6635.JPEG,flaking,1.MOV,6635,train
Flakings/1.MOV_20201221091849_6636.JPEG,flaking,1.MOV,6636,train
Flakings/1.MOV_20201221091849_6637.JPEG,flaking,1.MOV,6637,train
Flakings/1.MOV_20201221091849_6638.JPEG,flaking,1.MOV,6638,train
Flakings/1.MOV_20201221091849_6639.JPEG,flaking,1.MOV,6639,train
Flakings/1.MOV_20201221091849_6640.JPEG,flaking,1.MOV,6640,train
Flakings/1.MOV_20201221091849_6641.JPEG,flaking,1.MOV,6641,train
Flakings/1.MOV_20201221091849_6642.JPEG,flaking,1.MOV,6642,train
Flakings/1.MOV_20201221091849_6643.JPEG,flaking,1.MOV,6643,train
Flakings/1.MOV_20201221091849_6644.JPEG,flaking,1.MOV,6644,train
Flakings/1.MOV_20201221091849_6645.JPEG,flaking,1.MOV,6645,train
Flakings/1.MOV_20201221091849_6646.JPEG,flaking,1.MOV,6646,train
Flakings/1.MOV_20201221091849_6647.JPEG,flaking,1.MOV,6647,train
Flakings/1.MOV_20201221091849_6648.JPEG,flaking,1.MOV,6648,train
Flakings/1.MOV_20201221091849_6649.JPEG,flaking,1.MOV,6649,train
Flakings/1.MOV_20201221091849_6650.JPEG,flaking,1.MOV,6650,train
Flakings/1.MOV_20201221091849_6651.JPEG,flaking,1.MOV,6651,train
Flakings/1.MOV_20201221091849_6652.JPEG,flaking,1.MOV,6652,train
Flakings/1.MOV_20201221091849_6653.JPEG,flaking,1.MOV,6653,train
Flakings/1.MOV_20201221091849_6654.JPEG,flaking,1.MOV,6654,train
Flakings/1.MOV_20201221091849_6655.JPEG,flaking,1.MOV,6655,train
Flakings/1.MOV_20201221091849_6656.JPEG,flaking,1.MOV,6656,train
Flakings/1.MOV_20201221091849_6657.JPEG,flaking,1.MOV,6657,train
Flakings/1.MOV_20201221091849_6658.JPEG,flaking,1.MOV,6658,train
Flakings/1.MOV_20201221091849_6659.JPEG,flaking,1.MOV,6659,train
Flakings/1.MOV_20201221091849_6660.JPEG,flaking,1.MOV,6660,train
Flakings/1.MOV_20201221091849_6661.JPEG,flaking,1.MOV,6661,train
Flakings/1.MOV_20201221091849_6662.JPEG,flaking,1.MOV,6662,train
Flakings/1.MOV_20201221091849_6663.JPEG,flaking,1.MOV,6663,train
Flakings/1.MOV_20201221091849_6664.JPEG,flaking,1.MOV,6664,train
Flakings/1.MOV_20201221091849_6665.JPEG,flaking,1.MOV,6665,train
Flakings/1.MOV_20201221091849_6666.JPEG,flaking,1.MOV,6666,train
Flakings/1.MOV_20201221091849_6667.JPEG,flaking,1.MOV,6667,train
Flakings/1.MOV_20201221091849_6668.JPEG,flaking,1.MOV,6668,train
Flakings/1.MOV_20201221091849_6669.JPEG,flaking,1.MOV,6669,train
Flakings/1.MOV_20201221091849_6670.JPEG,flaking,1.MOV,6670,train
Flakings/1.MOV_20201221091849_6748.JPEG,flaking,1.MOV,6748,train
Flakings/1.MOV_20201221091849_6749.JPEG,flaking,1.MOV,6749,train
Flakings/1.MOV_20201221091849_6750.JPEG,flaking,1.MOV,6750,train
Flakings/1.MOV_20201221091849_6751.JPEG,flaking,1.MOV,6751,train
Flakings/1.MOV_20201221091849_6752.JPEG,flaking,1.MOV,6752,train
Flakings/1.MOV_20201221091849_6753.JPEG,flaking,1.MOV,6753,train
Flakings/1.MOV_20201221091849_6754.JPEG,flaking,1.MOV,6754,train
Flakings/1.MOV_20201221091849_6755.JPEG,flaking,1.MOV,6755,train
Flakings/1.MOV_20201221091849_6756.JPEG,flaking,1.MOV,6756,train
Flakings/1.MOV_20201221091849_6757.JPEG,flaking,1.MOV,6757,train
Flakings/1.MOV_20201221091849_6758.JPEG,flaking,1.MOV,6758,train
Flakings/1.MOV_20201221091849_6759.JPEG,flaking,1.MOV,6759,train
Flakings/1.MOV_20201221091849_6760.JPEG,flaking,1.MOV,6760,train
Flakings/1.MOV_20201221091849_6761.JPEG,flaking,1.MOV,6761,train
Flakings/1.MOV_20201221091849_6762.JPEG,flaking,1.MOV,6762,train
Flakings/1.MOV_20201221091849_6763.JPEG,flaking,1.MOV,6763,train
Flakings/1.MOV_20201221091849_6764.JPEG,flaking,1.MOV,6764,train
Flakings/1.MOV_20201221091849_6765.JPEG,flaking,1.MOV,6765,train
Flakings/1.MOV_20201221091849_6766.JPEG,flaking,1.MOV,6766,train
Flakings/1.MOV_20201221091849_6767.JPEG,flaking,1.MOV,6767,train
Flakings/1.MOV_20201221091849_6768.JPEG,flaking,1.MOV,6768,train
Flakings/1.MOV_20201221091849_6769.JPEG,flaking,1.MOV,6769,train
Flakings/1.MOV_20201221091849_6770.JPEG,flaking,1.MOV,6770,train
Flakings/1.MOV_20201221091849_6771.JPEG,flaking,1.MOV,6771,train
Flakings/1.MOV_20201221091849_6772.JPEG,flaking,1.MOV,6772,train
Flakings/1.MOV_20201221091849_6773.JPEG,flaking,1.MOV,6773,train
Flakings/1.MOV_20201221091849_6774.JPEG,flaking,1.MOV,6774,train
Flakings/1.MOV_20201221091849_6775.JPEG,flaking,1.MOV,6775,train
Flakings/1.MOV_20201221091849_6776.JPEG,flaking,1.MOV,6776,train
Flakings/1.MOV_20201221091849_6777.JPEG,flaking,1.MOV,6777,train
Flakings/1.MOV_20201221091849_6778.JPEG,flaking,1.MOV,6778,train
Flakings/1.MOV_20201221091849_6779.JPEG,flaking,1.MOV,6779,train
Flakings/1.MOV_20201221091849_6780.JPEG,flaking,1.MOV,6780,train
Flakings/1.MOV_20201221091849_6781.JPEG,flaking,1.MOV,6781,train
Flakings/1.MOV_20201221091849_6782.JPEG,flaking,1.MOV,6782,train
Flakings/1.MOV_20201221091849_6783.JPEG,flaking,1.MOV,6783,train
Flakings/1.MOV_20201221091849_6784.JPEG,flaking,1.MOV,6784,train
Flakings/1.MOV_20201221091849_6785.JPEG,flaking,1.MOV,6785,train
Flakings/1.MOV_20201221091849_6786.JPEG,flaking,1.MOV,6786,train
Flakings/1.MOV_20201221091849_6787.JPEG,flaking,1.MOV,6787,train
Flakings/1.MOV_20201221091849_6788.JPEG,flaking,1.MOV,6788,train
Flakings/1.MOV_20201221091849_6789.JPEG,flaking,1.MOV,6789,train
Flakings/1.MOV_20201221091849_6790.JPEG,flaking,1.MOV,6790,train
Flakings/1.MOV_20201221091849_6791.JPEG,flaking,1.MOV,6791,train
Flakings/1.MOV_20201221091849_6792.JPEG,flaking,1.MOV,6792,train
Flakings/1.MOV_20201221091849_6793.JPEG,flaking,1.MOV,6793,train
Flakings/1.MOV_20201221091849_6794.JPEG,flaking,1.MOV,6794,train
Flakings/1.MOV_20201221091849_6795.JPEG,flaking,1.MOV,6795,train
Flakings/1.MOV_20201221091849_6796.JPEG,flaking,1.MOV,6796,train
Flakings/1.MOV_20201221091849_6797.JPEG,flaking,1.MOV,6797,train
Flakings/1.MOV_20201221091849_6798.JPEG,flaking,1.MOV,6798,train
Flakings/1.MOV_20201221091849_6799.JPEG,flaking,1.MOV,6799,train
Flakings/1.MOV_20201221091849_6800.JPEG,flaking,1.MOV,6800,train
Flakings/1.MOV_20201221091849_6801.JPEG,flaking,1.MOV,6801,train
Flakings/1.MOV_20201221091849_6802.JPEG,flaking,1.MOV,6802,train
Flakings/1.MOV_20201221091849_6803.JPEG,flaking,1.MOV,6803,train
Flakings/1.MOV_20201221091849_6804.JPEG,flaking,1.MOV,6804,train
Flakings/1.MOV_20201221091849_6805.JPEG,flaking,1.MOV,6805,train
Flakings/1.MOV_20201221091849_6806.JPEG,flaking,1.MOV,6806,train
Flakings/1.MOV_20201221091849_6807.JPEG,flaking,1.MOV,6807,train
Flakings/1.MOV_20201221091849_6808.JPEG,flaking,1.MOV,6808,train
Flakings/1.MOV_20201221091849_6809.JPEG,flaking,1.MOV,6809,train
Flakings/1.MOV_20201221091849_6810.JPEG,flaking,1.MOV,6810,train
Flakings/1.MOV_20201221091849_6811.JPEG,flaking,1.MOV,6811,train
Flakings/1.MOV_20201221091849_6812.JPEG,flaking,1.MOV,6812,train
Flakings/1.MOV_20201221091849_6813.JPEG,flaking,1.MOV,6813,train
Flakings/1.MOV_20201221091849_6814.JPEG,flaking,1.MOV,6814,train
Flakings/1.MOV_20201221091849_6815.JPEG,flaking,1.MOV,6815,train
Flakings/1.MOV_20201221091849_6816.JPEG,flaking,1.MOV,6816,train
Flakings/1.MOV_20201221091849_6817.JPEG,flaking,1.MOV,6817,train
Flakings/1.MOV_20201221091849_6818.JPEG,flaking,1.MOV,6818,train
Flakings/1.MOV_20201221091849_6819.JPEG,flaking,1.MOV,6819,train
Flakings/1.MOV_20201221091849_6820.JPEG,flaking,1.MOV,6820,train
Flakings/1.MOV_20201221091849_6821.JPEG,flaking,1.MOV,6821,train
Flakings/1.MOV_20201221091849_6822.JPEG,flaking,1.MOV,6822,train
Flakings/1.MOV_20201221091849_6823.JPEG,flaking,1.MOV,6823,train
Flakings/1.MOV_20201221091849_6824.JPEG,flaking,1.MOV,6824,train
Flakings/1.MOV_20201221091849_6825.JPEG,flaking,1.MOV,6825,train
Flakings/1.MOV_20201221091849_6826.JPEG,flaking,1.MOV,6826,train
Flakings/1.MOV_20201221091849_6827.JPEG,flaking,1.MOV,6827,train
Flakings/1.MOV_20201221091849_6828.JPEG,flaking,1.MOV,6828,train
Flakings/1.MOV_20201221091849_6829.JPEG,flaking,1.MOV,6829,train
Flakings/1.MOV_20201221091849_6830.JPEG,flaking,1.MOV,6830,train
Flakings/1.MOV_20201221091849_6831.JPEG,flaking,1.MOV,6831,train
Flakings/1.MOV_20201221091849_6832.JPEG,flaking,1.MOV,6832,train
Flakings/1.MOV_20201221091849_6833.JPEG,flaking,1.MOV,6833,train
Flakings/1.MOV_20201221091849_6858.JPEG,flaking,1.MOV,6858,train
Flakings/1.MOV_20201221091849_6859.JPEG,flaking,1.MOV,6859,train
Flakings/1.MOV_20201221091849_6860.JPEG,flaking,1.MOV,6860,train
Flakings/1.MOV_20201221091849_6861.JPEG,flaking,1.MOV,6861,train
Flakings/1.MOV_20201221091849_6862.JPEG,flaking,1.MOV,6862,train
Flakings/1.MOV_20201221091849_6863.JPEG,flaking,1.MOV,6863,train
Flakings/1.MOV_20201221091849_6864.JPEG,flaking,1.MOV,6864,train
Flakings/1.MOV_20201221091849_6865.JPEG,flaking,1.MOV,6865,train
Flakings/1.MOV_20201221091849_6866.JPEG,flaking,1.MOV,6866,train
Flakings/1.MOV_20201221091849_6867.JPEG,flaking,1.MOV,6867,train
Flakings/1.MOV_20201221091849_6868.JPEG,flaking,1.MOV,6868,train
Flakings/1.MOV_20201221091849_6869.JPEG,flaking,1.MOV,6869,train
Flakings/1.MOV_20201221091849_6870.JPEG,flaking,1.MOV,6870,train
Flakings/1.MOV_20201221091849_6871.JPEG,flaking,1.MOV,6871,train
Flakings/1.MOV_20201221091849_6872.JPEG,flaking,1.MOV,6872,train
Flakings/1.MOV_20201221091849_6873.JPEG,flaking,1.MOV,6873,train
Flakings/1.MOV_20201221091849_6874.JPEG,flaking,1.MOV,6874,train
Flakings/1.MOV_20201221091849_6875.JPEG,flaking,1.MOV,6875,train
Flakings/1.MOV_20201221091849_6876.JPEG,flaking,1.MOV,6876,train
Flakings/1.MOV_20201221091849_6877.JPEG,flaking,1.MOV,6877,train
Flakings/1.MOV_20201221091849_6878.JPEG,flaking,1.MOV,6878,train
Flakings/1.MOV_20201221091849_6879.JPEG,flaking,1.MOV,6879,train
Flakings/1.MOV_20201221091849_6880.JPEG,flaking,1.MOV,6880,train
Flakings/1.MOV_20201221091849_6881.JPEG,flaking,1.MOV,6881,train
Flakings/1.MOV_20201221091849_6882.JPEG,flaking,1.MOV,6882,train
Flakings/1.MOV_20201221091849_6883.JPEG,flaking,1.MOV,6883,train
Flakings/1.MOV_20201221091849_6884.JPEG,flaking,1.MOV,6884,train
Flakings/1.MOV_20201221091849_6885.JPEG,flaking,1.MOV,6885,train
Flakings/1.MOV_20201221091849_6886.JPEG,flaking,1.MOV,6886,train
Flakings/1.MOV_20201221091849_6887.JPEG,flaking,1.MOV,6887,train
Flakings/1.MOV_20201221091849_6888.JPEG,flaking,1.MOV,6888,train
Flakings/1.MOV_20201221091849_6889.JPEG,flaking,1.MOV,6889,train
Flakings/1.MOV_20201221091849_6890.JPEG,flaking,1.MOV,6890,train
Flakings/1.MOV_20201221091849_6891.JPEG,flaking,1.MOV,6891,train
Flakings/1.MOV_20201221091849_6892.JPEG,flaking,1.MOV,6892,train
Flakings/1.MOV_20201221091849_6893.JPEG,flaking,1.MOV,6893,train
Flakings/1.MOV_20201221091849_6894.JPEG,flaking,1.MOV,6894,train
Flakings/1.MOV_20201221091849_6895.JPEG,flaking,1.MOV,6895,train
Flakings/1.MOV_20201221091849_6896.JPEG,flaking,1.MOV,6896,train
Flakings/1.MOV_20201221091849_6897.JPEG,flaking,1.MOV,6897,train
Flakings/1.MOV_20201221091849_6898.JPEG,flaking,1.MOV,6898,train
Flakings/1.MOV_20201221091849_6903.JPEG,flaking,1.MOV,6903,train
Flakings/1.MOV_20201221091849_6904.JPEG,flaking,1.MOV,6904,train
Flakings/1.MOV_20201221091849_6905.JPEG,flaking,1.MOV,6905,train
Flakings/1.MOV_20201221091849_6906.JPEG,flaking,1.MOV,6906,train
Flakings/1.MOV_20201221091849_6907.JPEG,flaking,1.MOV,6907,train
Flakings/1.MOV_20201221091849_6908.JPEG,flaking,1.MOV,6908,train
Flakings/1.MOV_20201221091849_6909.JPEG,flaking,1.MOV,6909,train
Flakings/1.MOV_20201221091849_6910.JPEG,flaking,1.MOV,6910,train
Flakings/1.MOV_20201221091849_6911.JPEG,flaking,1.MOV,6911,train
Flakings/1.MOV_20201221091849_6912.JPEG,flaking,1.MOV,6912,train
Flakings/1.MOV_20201221091849_6913.JPEG,flaking,1.MOV,6913,train
Flakings/1.MOV_20201221091849_6918.JPEG,flaking,1.MOV,6918,test
Flakings/1.MOV_20201221091849_6919.JPEG,flaking,1.MOV,6919,test
Flakings/1.MOV_20201221091849_6920.JPEG,flaking,1.MOV,6920,test
Flakings/1.MOV_20201221091849_6921.JPEG,flaking,1.MOV,6921,test
Flakings/1.MOV_20201221091849_6922.JPEG,flaking,1.MOV,6922,test
Flakings/1.MOV_20201221091849_6923.JPEG,flaking,1.MOV,6923,test
Flakings/1.MOV_20201221091849_6924.JPEG,flaking,1.MOV,6924,test
Flakings/1.MOV_20201221091849_6925.JPEG,flaking,1.MOV,6925,test
Flakings/1.MOV_20201221091849_6926.JPEG,flaking,1.MOV,6926,test
Flakings/1.MOV_20201221091849_6927.JPEG,flaking,1.MOV,6927,test
Flakings/1.MOV_20201221091849_6928.JPEG,flaking,1.MOV,6928,test
Flakings/1.MOV_20201221091849_6929.JPEG,flaking,1.MOV,6929,test
Flakings/1.MOV_20201221091849_6930.JPEG,flaking,1.MOV,6930,test
Flakings/1.MOV_20201221091849_6931.JPEG,flaking,1.MOV,6931,test
Flakings/1.MOV_20201221091849_6932.JPEG,flaking,1.MOV,6932,test
Flakings/1.MOV_20201221091849_6933.JPEG,flaking,1.MOV,6933,test
Flakings/1.MOV_20201221091849_6934.JPEG,flaking,1.MOV,6934,test
Flakings/1.MOV_20201221091849_6935.JPEG,flaking,1.MOV,6935,test
Flakings/1.MOV_20201221091849_6936.JPEG,flaking,1.MOV,6936,test
Flakings/1.MOV_20201221091849_6937.JPEG,flaking,1.MOV,6937,test
Flakings/1.MOV_20201221091849_6938.JPEG,flaking,1.MOV,6938,test
Flakings/1.MOV_20201221091849_6939.JPEG,flaking,1.MOV,6939,test
Flakings/1.MOV_20201221091849_6940.JPEG,flaking,1.MOV,6940,test
Flakings/1.MOV_20201221091849_6941.JPEG,flaking,1.MOV,6941,test
Flakings/1.MOV_20201221091849_6942.JPEG,flaking,1.MOV,6942,test
Flakings/1.MOV_20201221091849_6943.JPEG,flaking,1.MOV,6943,test
Flakings/1.MOV_20201221091849_6944.JPEG,flaking,1.MOV,6944,test
Flakings/1.MOV_20201221091849_6945.JPEG,flaking,1.MOV,6945,test
Flakings/1.MOV_20201221091849_6946.JPEG,flaking,1.MOV,6946,test
Flakings/1.MOV_20201221091849_6947.JPEG,flaking,1.MOV,6947,test
Flakings/1.MOV_20201221091849_6948.JPEG,flaking,1.MOV,6948,test
Flakings/1.MOV_20201221091849_6949.JPEG,flaking,1.MOV,6949,test
Flakings/1.MOV_20201221091849_6950.JPEG,flaking,1.MOV,6950,test
Flakings/1.MOV_20201221091849_6951.JPEG,flaking,1.MOV,6951,test
Flakings/1.MOV_20201221091849_6952.JPEG,flaking,1.MOV,6952,test
Flakings/1.MOV_20201221091849_6953.JPEG,flaking,1.MOV,6953,test
Flakings/1.MOV_20201221091849_6954.JPEG,flaking,1.MOV,6954,test
Flakings/1.MOV_20201221091849_6955.JPEG,flaking,1.MOV,6955,test
Flakings/1.MOV_20201221091849_6956.JPEG,flaking,1.MOV,6956,test
Flakings/1.MOV_20201221091849_6957.JPEG,flaking,1.MOV,6957,test
Flakings/1.MOV_20201221091849_6958.JPEG,flaking,1.MOV,6958,test
Flakings/1.MOV_20201221091849_6959.JPEG,flaking,1.MOV,6959,test
Flakings/1.MOV_20201221091849_6960.JPEG,flaking,1.MOV,6960,test
Flakings/1.MOV_20201221091849_6961.JPEG,flaking,1.MOV,6961,test
Flakings/1.MOV_20201221091849_6962.JPEG,flaking,1.MOV,6962,test
Flakings/1.MOV_20201221091849_6963.JPEG,flaking,1.MOV,6963,test
Flakings/1.MOV_20201221091849_6964.JPEG,flaking,1.MOV,6964,test
Flakings/1.MOV_20201221091849_6965.JPEG,flaking,1.MOV,6965,test
Flakings/1.MOV_20201221091849_6966.JPEG,flaking,1.MOV,6966,test
Flakings/1.MOV_20201221091849_6967.JPEG,flaking,1.MOV,6967,test
Flakings/1.MOV_20201221091849_6968.JPEG,flaking,1.MOV,6968,test
Flakings/1.MOV_20201221091849_6969.JPEG,flaking,1.MOV,6969,test
Flakings/1.MOV_20201221091849_6970.JPEG,flaking,1.MOV,6970,test
Flakings/1.MOV_20201221091849_6971.JPEG,flaking,1.MOV,6971,test
Flakings/1.MOV_20201221091849_6972.JPEG,flaking,1.MOV,6972,test
Flakings/1.MOV_20201221091849_6973.JPEG,flaking,1.MOV,6973,test
Flakings/1.MOV_20201221091849_6974.JPEG,flaking,1.MOV,6974,test
Flakings/1.MOV_20201221091849_6975.JPEG,flaking,1.MOV,6975,test
Flakings/1.MOV_20201221091849_6976.JPEG,flaking,1.MOV,6976,test
Flakings/1.MOV_20201221091849_6977.JPEG,flaking,1.MOV,6977,test
Flakings/1.MOV_20201221091849_6978.JPEG,flaking,1.MOV,6978,test
Flakings/1.MOV_20201221091849_6979.JPEG,flaking,1.MOV,6979,test
Flakings/1.MOV_20201221091849_6995.JPEG,flaking,1.MOV,6995,test
Flakings/1.MOV_20201221091849_6996.JPEG,flaking,1.MOV,6996,test
Flakings/1.MOV_20201221091849_6997.JPEG,flaking,1.MOV,6997,test
Flakings/1.MOV_20201221091849_6998.JPEG,flaking,1.MOV,6998,test
Flakings/1.MOV_20201221091849_6999.JPEG,flaking,1.MOV,6999,test
Flakings/1.MOV_20201221091849_7000.JPEG,flaking,1.MOV,7000,test
Flakings/1.MOV_20201221091849_7001.JPEG,flaking,1.MOV,7001,test
Flakings/1.MOV_20201221091849_7002.JPEG,flaking,1.MOV,7002,test
Flakings/1.MOV_20201221091849_7003.JPEG,flaking,1.MOV,7003,test
Flakings/1.MOV_20201221091849_7004.JPEG,flaking,1.MOV,7004,test
Flakings/1.MOV_20201221091849_7005.JPEG,flaking,1.MOV,7005,test
Flakings/1.MOV_20201221091849_7006.JPEG,flaking,1.MOV,7006,test
Flakings/1.MOV_20201221091849_7007.JPEG,flaking,1.MOV,7007,test
Flakings/1.MOV_20201221091849_7008.JPEG,flaking,1.MOV,7008,test
Flakings/1.MOV_20201221091849_7009.JPEG,flaking,1.MOV,7009,test
Flakings/1.MOV_20201221091849_7010.JPEG,flaking,1.MOV,7010,test
Flakings/1.MOV_20201221091849_7011.JPEG,flaking,1.MOV,7011,test
Flakings/1.MOV_20201221091849_7012.JPEG,flaking,1.MOV,7012,test
Flakings/1.MOV_20201221091849_7013.JPEG,flaking,1.MOV,7013,test
Flakings/1.MOV_20201221091849_7014.JPEG,flaking,1.MOV,7014,test
Flakings/1.MOV_20201221091849_7015.JPEG,flaking,1.MOV,7015,test
Flakings/1.MOV_20201221091849_7016.JPEG,flaking,1.MOV,7016,test
Flakings/1.MOV_20201221091849_7017.JPEG,flaking,1.MOV,7017,test
Flakings/1.MOV_20201221091849_7018.JPEG,flaking,1.MOV,7018,test
Flakings/1.MOV_20201221091849_7019.JPEG,flaking,1.MOV,7019,test
Flakings/1.MOV_20201221091849_7020.JPEG,flaking,1.MOV,7020,test
Flakings/1.MOV_20201221091849_7021.JPEG,flaking,1.MOV,7021,test
Flakings/1.MOV_20201221091849_7022.JPEG,flaking,1.MOV,7022,test
Flakings/1.MOV_20201221091849_7023.JPEG,flaking,1.MOV,7023,test
Flakings/1.MOV_20201221091849_7024.JPEG,flaking,1.MOV,7024,test
Flakings/1.MOV_20201221091849_7025.JPEG,flaking,1.MOV,7025,test
Flakings/1.MOV_20201221091849_7026.JPEG,flaking,1.MOV,7026,test
Flakings/1.MOV_20201221091849_7027.JPEG,flaking,1.MOV,7027,test
Flakings/1.MOV_20201221091849_7028.JPEG,flaking,1.MOV,7028,test
Flakings/1.MOV_20201221091849_7029.JPEG,flaking,1.MOV,7029,test
Flakings/1.MOV_20201221091849_7030.JPEG,flaking,1.MOV,7030,test
Flakings/1.MOV_20201221091849_7031.JPEG,flaking,1.MOV,7031,test
Flakings/1.MOV_20201221091849_7032.JPEG,flaking,1.MOV,7032,test
Flakings/1.MOV_20201221091849_7033.JPEG,flaking,1.MOV,7033,test
Flakings/1.MOV_20201221091849_7034.JPEG,flaking,1.MOV,7034,test
Flakings/1.MOV_20201221091849_7035.JPEG,flaking,1.MOV,7035,test
Flakings/1.MOV_20201221091849_7036.JPEG,flaking,1.MOV,7036,test
Flakings/1.MOV_20201221091849_7037.JPEG,flaking,1.MOV,7037,test
Flakings/1.MOV_20201221091849_7038.JPEG,flaking,1.MOV,7038,test
Flakings/1.MOV_20201221091849_7039.JPEG,flaking,1.MOV,7039,test
Flakings/1.MOV_20201221091849_7040.JPEG,flaking,1.MOV,7040,test
Flakings/1.MOV_20201221091849_7041.JPEG,flaking,1.MOV,7041,test
Flakings/1.MOV_20201221091849_7042.JPEG,flaking,1.MOV,7042,test
Flakings/1.MOV_20201221091849_7043.JPEG,flaking,1.MOV,7043,test
Flakings/1.MOV_20201221091849_7044.JPEG,flaking,1.MOV,7044,test
Flakings/1.MOV_20201221091849_7045.JPEG,flaking,1.MOV,7045,test
Flakings/1.MOV_20201221091849_7046.JPEG,flaking,1.MOV,7046,test
Flakings/1.MOV_20201221091849_7047.JPEG,flaking,1.MOV,7047,test
Flakings/1.MOV_20201221091849_7048.JPEG,flaking,1.MOV,7048,test
Flakings/1.MOV_20201221091849_7049.JPEG,flaking,1.MOV,7049,test
Flakings/1.MOV_20201221091849_7050.JPEG,flaking,1.MOV,7050,test
Flakings/1.MOV_20201221091849_7051.JPEG,flaking,1.MOV,7051,test
Flakings/1.MOV_20201221091849_7052.JPEG,flaking,1.MOV,7052,test
Flakings/1.MOV_20201221091849_7053.JPEG,flaking,1.MOV,7053,test
Flakings/1.MOV_20201221091849_7054.JPEG,flaking,1.MOV,7054,test
Flakings/1.MOV_20201221091849_7055.JPEG,flaking,1.MOV,7055,test
Flakings/1.MOV_20201221091849_7056.JPEG,flaking,1.MOV,7056,test
Flakings/1.MOV_20201221091849_7057.JPEG,flaking,1.MOV,7057,test
Flakings/1.MOV_20201221091849_7058.JPEG,flaking,1.MOV,7058,test
Flakings/1.MOV_20201221091849_7059.JPEG,flaking,1.MOV,7059,test
Flakings/1.MOV_20201221091849_7060.JPEG,flaking,1.MOV,7060,test
Flakings/1.MOV_20201221091849_7061.JPEG,flaking,1.MOV,7061,test
Flakings/1.MOV_20201221091849_7062.JPEG,flaking,1.MOV,7062,test
Flakings/1.MOV_20201221091849_7063.JPEG,flaking,1.MOV,7063,test
Flakings/1.MOV_20201221091849_7064.JPEG,flaking,1.MOV,7064,test
Flakings/1.MOV_20201221091849_7065.JPEG,flaking,1.MOV,7065,test
Flakings/1.MOV_20201221091849_7066.JPEG,flaking,1.MOV,7066,test
Flakings/1.MOV_20201221091849_7067.JPEG,flaking,1.MOV,7067,test
Flakings/1.MOV_20201221091849_7068.JPEG,flaking,1.MOV,7068,test
Flakings/1.MOV_20201221091849_7069.JPEG,flaking,1.MOV,7069,test
Flakings/1.MOV_20201221091849_7070.JPEG,flaking,1.MOV,7070,test
Flakings/1.MOV_20201221091849_7071.JPEG,flaking,1.MOV,7071,test
Flakings/1.MOV_20201221091849_7072.JPEG,flaking,1.MOV,7072,test
Flakings/1.MOV_20201221091849_7073.JPEG,flaking,1.MOV,7073,test
Flakings/1.MOV_20201221091849_7074.JPEG,flaking,1.MOV,7074,test
Flakings/1.MOV_20201221091849_7075.JPEG,flaking,1.MOV,7075,test
Flakings/1.MOV_20201221091849_7076.JPEG,flaking,1.MOV,7076,test
Flakings/1.MOV_20201221091849_7077.JPEG,flaking,1.MOV,7077,test
Flakings/1.MOV_20201221091849_7078.JPEG,flaking,1.MOV,7078,test
Flakings/1.MOV_20201221091849_7079.JPEG,flaking,1.MOV,7079,test
Flakings/1.MOV_20201221091849_7080.JPEG,flaking,1.MOV,7080,test
Flakings/1.MOV_20201221091849_7081.JPEG,flaking,1.MOV,7081,test
Flakings/1.MOV_20201221091849_7082.JPEG,flaking,1.MOV,7082,test
Flakings/1.MOV_20201221091849_7083.JPEG,flaking,1.MOV,7083,test
Flakings/1.MOV_20201221091849_7084.JPEG,flaking,1.MOV,7084,test
Flakings/1.MOV_20201221091849_7085.JPEG,flaking,1.MOV,7085,test
Flakings/1.MOV_20201221091849_7086.JPEG,flaking,1.MOV,7086,test
Flakings/1.MOV_20201221091849_7087.JPEG,flaking,1.MOV,7087,test
Flakings/1.MOV_20201221091849_7088.JPEG,flaking,1.MOV,7088,test
Flakings/1.MOV_20201221091849_7089.JPEG,flaking,1.MOV,7089,test
Flakings/1.MOV_20201221091849_7090.JPEG,flaking,1.MOV,7090,test
Flakings/1.MOV_20201221091849_7091.JPEG,flaking,1.MOV,7091,test
Flakings/1.MOV_20201221091849_7092.JPEG,flaking,1.MOV,7092,test
Flakings/1.MOV_20201221091849_7093.JPEG,flaking,1.MOV,7093,test
Flakings/1.MOV_20201221091849_7094.JPEG,flaking,1.MOV,7094,test
Flakings/1.MOV_20201221091849_7095.JPEG,flaking,1.MOV,7095,test
Flakings/1.MOV_20201221091849_7096.JPEG,flaking,1.MOV,7096,test
Flakings/1.MOV_20201221091849_7097.JPEG,flaking,1.MOV,7097,test
Flakings/1.MOV_20201221091849_7098.JPEG,flaking,1.MOV,7098,test
Flakings/1.MOV_20201221091849_7099.JPEG,flaking,1.MOV,7099,test
Flakings/1.MOV_20201221091849_7100.JPEG,flaking,1.MOV,7100,test
Flakings/1.MOV_20201221091849_7101.JPEG,flaking,1.MOV,7101,test
Flakings/1.MOV_20201221091849_7102.JPEG,flaking,1.MOV,7102,test
Flakings/1.MOV_20201221091849_7103.JPEG,flaking,1.MOV,7103,test
Flakings/1.MOV_20201221091849_7104.JPEG,flaking,1.MOV,7104,test
Flakings/1.MOV_20201221091849_7105.JPEG,flaking,1.MOV,7105,test
Flakings/1.MOV_20201221091849_7106.JPEG,flaking,1.MOV,7106,test
Flakings/1.MOV_20201221091849_7107.JPEG,flaking,1.MOV,7107,test
Flakings/1.MOV_20201221091849_7108.JPEG,flaking,1.MOV,7108,test
Flakings/1.MOV_20201221091849_7109.JPEG,flaking,1.MOV,7109,test
Flakings/1.MOV_20201221091849_7110.JPEG,flaking,1.MOV,7110,test
Flakings/1.MOV_20201221091849_7111.JPEG,flaking,1.MOV,7111,test
Flakings/1.MOV_20201221091849_7112.JPEG,flaking,1.MOV,7112,test
Flakings/1.MOV_20201221091849_7113.JPEG,flaking,1.MOV,7113,test
Flakings/1.MOV_20201221091849_7114.JPEG,flaking,1.MOV,7114,test
Flakings/1.MOV_20201221091849_7115.JPEG,flaking,1.MOV,7115,test
Flakings/1.MOV_20201221091849_7116.JPEG,flaking,1.MOV,7116,test
Flakings/1.MOV_20201221091849_7117.JPEG,flaking,1.MOV,7117,test
Flakings/1.MOV_20201221091849_7118.JPEG,flaking,1.MOV,7118,test
Flakings/1.MOV_20201221091849_7119.JPEG,flaking,1.MOV,7119,test
Flakings/1.MOV_20201221091849_7120.JPEG,flaking,1.MOV,7120,test
Flakings/1.MOV_20201221091849_7121.JPEG,flaking,1.MOV,7121,test
Flakings/1.MOV_20201221091849_7122.JPEG,flaking,1.MOV,7122,test
Flakings/1.MOV_20201221091849_7123.JPEG,flaking,1.MOV,7123,test
Flakings/1.MOV_20201221091849_7124.JPEG,flaking,1.MOV,7124,test
Flakings/1.MOV_20201221091849_7125.JPEG,flaking,1.MOV,7125,test
Flakings/1.MOV_20201221091849_7126.JPEG,flaking,1.MOV,7126,test
Flakings/1.MOV_20201221091849_7127.JPEG,flaking,1.MOV,7127,test
Flakings/1.MOV_20201221091849_7128.JPEG,flaking,1.MOV,7128,test
Flakings/1.MOV_20201221091849_7129.JPEG,flaking,1.MOV,7129,test
Flakings/1.MOV_20201221091849_7130.JPEG,flaking,1.MOV,7130,test
Flakings/1.MOV_20201221091849_7131.JPEG,flaking,1.MOV,7131,test
Flakings/1.MOV_20201221091849_7132.JPEG,flaking,1.MOV,7132,test
Flakings/1.MOV_20201221091849_7133.JPEG,flaking,1.MOV,7133,test
Flakings/1.MOV_20201221091849_7134.JPEG,flaking,1.MOV,7134,test
Flakings/1.MOV_20201221091849_7135.JPEG,flaking,1.MOV,7135,test
Flakings/1.MOV_20201221091849_7136.JPEG,flaking,1.MOV,7136,test
Flakings/1.MOV_20201221091849_7137.JPEG,flaking,1.MOV,7137,test
Flakings/1.MOV_20201221091849_7138.JPEG,flaking,1.MOV,7138,test
Flakings/1.MOV_20201221091849_7139.JPEG,flaking,1.MOV,7139,test
Flakings/1.MOV_20201221091849_7140.JPEG,flaking,1.MOV,7140,test
Flakings/1.MOV_20201221091849_7141.JPEG,flaking,1.MOV,7141,test
Flakings/1.MOV_20201221091849_7142.JPEG,flaking,1.MOV,7142,test
Flakings/1.MOV_20201221091849_7143.JPEG,flaking,1.MOV,7143,test
Flakings/1.MOV_20201221091849_7144.JPEG,flaking,1.MOV,7144,test
Flakings/1.MOV_20201221091849_7145.JPEG,flaking,1.MOV,7145,test
Flakings/1.MOV_20201221091849_7146.JPEG,flaking,1.MOV,7146,test
Flakings/1.MOV_20201221091849_7147.JPEG,flaking,1.MOV,7147,test
Flakings/1.MOV_20201221091849_7148.JPEG,flaking,1.MOV,7148,test
Flakings/1.MOV_20201221091849_7149.JPEG,flaking,1.MOV,7149,test
Flakings/1.MOV_20201221091849_7150.JPEG,flaking,1.MOV,7150,test
Flakings/1.MOV_20201221091849_7151.JPEG,flaking,1.MOV,7151,test
Flakings/1.MOV_20201221091849_7152.JPEG,flaking,1.MOV,7152,test
Flakings/1.MOV_20201221091849_7153.JPEG,flaking,1.MOV,7153,test
Flakings/1.MOV_20201221091849_7154.JPEG,flaking,1.MOV,7154,test
Flakings/1.MOV_20201221091849_7155.JPEG,flaking,1.MOV,7155,test
Flakings/1.MOV_20201221091849_7156.JPEG,flaking,1.MOV,7156,test
Flakings/1.MOV_20201221091849_7157.JPEG,flaking,1.MOV,7157,test
Flakings/1.MOV_20201221091849_7158.JPEG,flaking,1.MOV,7158,test
Flakings/1.MOV_20201221091849_7159.JPEG,flaking,1.MOV,7159,test
Flakings/1.MOV_20201221091849_7160.JPEG,flaking,1.MOV,7160,test
Flakings/1.MOV_20201221091849_7161.JPEG,flaking,1.MOV,7161,test
Flakings/1.MOV_20201221091849_7162.JPEG,flaking,1.MOV,7162,test
Flakings/1.MOV_20201221091849_7163.JPEG,flaking,1.MOV,7163,test
Flakings/1.MOV_20201221091849_7164.JPEG,flaking,1.MOV,7164,test
Flakings/1.MOV_20201221091849_7165.JPEG,flaking,1.MOV,7165,test
Flakings/1.MOV_20201221091849_7166.JPEG,flaking,1.MOV,7166,test
Flakings/1.MOV_20201221091849_7167.JPEG,flaking,1.MOV,7167,test
Flakings/1.MOV_20201221091849_7168.JPEG,flaking,1.MOV,7168,test
Flakings/1.MOV_20201221091849_7169.JPEG,flaking,1.MOV,7169,test
Flakings/1.MOV_20201221091849_7170.JPEG,flaking,1.MOV,7170,test
Flakings/1.MOV_20201221091849_7171.JPEG,flaking,1.MOV,7171,test
Flakings/1.MOV_20201221091849_7172.JPEG,flaking,1.MOV,7172,test
Flakings/1.MOV_20201221091849_7173.JPEG,flaking,1.MOV,7173,test
Flakings/1.MOV_20201221091849_7174.JPEG,flaking,1.MOV,7174,test
Flakings/1.MOV_20201221091849_7175.JPEG,flaking,1.MOV,7175,test
Flakings/1.MOV_20201221091849_7176.JPEG,flaking,1.MOV,7176,test
Flakings/1.MOV_20201221091849_7177.JPEG,flaking,1.MOV,7177,test
Flakings/1.MOV_20201221091849_7178.JPEG,flaking,1.MOV,7178,test
Flakings/1.MOV_20201221091849_7179.JPEG,flaking,1.MOV,7179,test
Flakings/1.MOV_20201221091849_7180.JPEG,flaking,1.MOV,7180,test
Flakings/1.MOV_20201221091849_7181.JPEG,flaking,1.MOV,7181,test
Flakings/1.MOV_20201221091849_7182.JPEG,flaking,1.MOV,7182,test
Flakings/1.MOV_20201221091849_7183.JPEG,flaking,1.MOV,7183,test
Flakings/1.MOV_20201221091849_7184.JPEG,flaking,1.MOV,7184,test
Flakings/1.MOV_20201221091849_7185.JPEG,flaking,1.MOV,7185,test
Flakings/1.MOV_20201221091849_7186.JPEG,flaking,1.MOV,7186,test
Flakings/1.MOV_20201221091849_7187.JPEG,flaking,1.MOV,7187,test
Flakings/1.MOV_20201221091849_7188.JPEG,flaking,1.MOV,7188,test
Flakings/1.MOV_20201221091849_7189.JPEG,flaking,1.MOV,7189,test
Flakings/1.MOV_20201221091849_7190.JPEG,flaking,1.MOV,7190,test
Flakings/1.MOV_20201221091849_7191.JPEG,flaking,1.MOV,7191,test
Flakings/1.MOV_20201221091849_7192.JPEG,flaking,1.MOV,7192,test
Flakings/1.MOV_20201221091849_7193.JPEG,flaking,1.MOV,7193,test
Flakings/1.MOV_20201221091849_7194.JPEG,flaking,1.MOV,7194,test
Flakings/1.MOV_20201221091849_7195.JPEG,flaking,1.MOV,7195,test
Flakings/1.MOV_20201221091849_7196.JPEG,flaking,1.MOV,7196,test
Flakings/1.MOV_20201221091849_7197.JPEG,flaking,1.MOV,7197,test
Flakings/1.MOV_20201221091849_7198.JPEG,flaking,1.MOV,7198,test
Flakings/1.MOV_20201221091849_7199.JPEG,flaking,1.MOV,7199,test
Flakings/1.MOV_20201221091849_7200.JPEG,flaking,1.MOV,7200,test
Flakings/1.MOV_20201221091849_7201.JPEG,flaking,1.MOV,7201,test
Flakings/1.MOV_20201221091849_7202.JPEG,flaking,1.MOV,7202,test
Flakings/1.MOV_20201221091849_7203.JPEG,flaking,1.MOV,7203,test
Flakings/1.MOV_20201221091849_7204.JPEG,flaking,1.MOV,7204,test
Flakings/1.MOV_20201221091849_7205.JPEG,flaking,1.MOV,7205,test
Flakings/1.MOV_20201221091849_7206.JPEG,flaking,1.MOV,7206,test
Flakings/1.MOV_20201221091849_7207.JPEG,flaking,1.MOV,7207,test
Flakings/1.MOV_20201221091849_7208.JPEG,flaking,1.MOV,7208,test
Flakings/1.MOV_20201221091849_7209.JPEG,flaking,1.MOV,7209,test
Flakings/1.MOV_20201221091849_7210.JPEG,flaking,1.MOV,7210,test
Flakings/1.MOV_20201221091849_7211.JPEG,flaking,1.MOV,7211,test
Flakings/1.MOV_20201221091849_7212.JPEG,flaking,1.MOV,7212,test
Flakings/1.MOV_20201221091849_7213.JPEG,flaking,1.MOV,7213,test
Flakings/1.MOV_20201221091849_7214.JPEG,flaking,1.MOV,7214,test
Flakings/1.MOV_20201221091849_7215.JPEG,flaking,1.MOV,7215,test
Flakings/1.MOV_20201221091849_7216.JPEG,flaking,1.MOV,7216,test
Flakings/1.MOV_20201221091849_7217.JPEG,flaking,1.MOV,7217,test
Flakings/1.MOV_20201221091849_7218.JPEG,flaking,1.MOV,7218,test
Flakings/1.MOV_20201221091849_7219.JPEG,flaking,1.MOV,7219,test
Flakings/1.MOV_20201221091849_7220.JPEG,flaking,1.MOV,7220,test
Flakings/1.MOV_20201221091849_7221.JPEG,flaking,1.MOV,7221,test
Flakings/1.MOV_20201221091849_7222.JPEG,flaking,1.MOV,7222,test
Flakings/1.MOV_20201221091849_7223.JPEG,flaking,1.MOV,7223,test
Flakings/1.MOV_20201221091849_7224.JPEG,flaking,1.MOV,7224,test
Flakings/1.MOV_20201221091849_7225.JPEG,flaking,1.MOV,7225,test
Flakings/1.MOV_20201221091849_7226.JPEG,flaking,1.MOV,7226,test
Flakings/1.MOV_20201221091849_7227.JPEG,flaking,1.MOV,7227,test
Flakings/1.MOV_20201221091849_7228.JPEG,flaking,1.MOV,7228,test
Flakings/1.MOV_20201221091849_7229.JPEG,flaking,1.MOV,7229,test
Flakings/1.MOV_20201221091849_7230.JPEG,flaking,1.MOV,7230,test
Flakings/1.MOV_20201221091849_7231.JPEG,flaking,1.MOV,7231,test
Flakings/1.MOV_20201221091849_7232.JPEG,flaking,1.MOV,7232,test
Flakings/1.MOV_20201221091849_7233.JPEG,flaking,1.MOV,7233,test
Flakings/1.MOV_20201221091849_7650.JPEG,flaking,1.MOV,7650,train
Flakings/1.MOV_20201221091849_7651.JPEG,flaking,1.MOV,7651,train
Flakings/1.MOV_20201221091849_7874.JPEG,flaking,1.MOV,7874,val
Flakings/1.MOV_20201221091849_7875.JPEG,flaking,1.MOV,7875,val
Flakings/1.MOV_20201221091849_7876.JPEG,flaking,1.MOV,7876,val
Flakings/1.MOV_20201221091849_9464.JPEG,flaking,1.MOV,9464,train
Flakings/1.MOV_20201221091849_9465.JPEG,flaking,1.MOV,9465,train
Flakings/1.MOV_20201221091849_9466.JPEG,flaking,1.MOV,9466,train
Flakings/1.MOV_20201221091849_9467.JPEG,flaking,1.MOV,9467,train
Flakings/1.MOV_20201221091849_9468.JPEG,flaking,1.MOV,9468,train
Flakings/1.MOV_20201221091849_9469.JPEG,flaking,1.MOV,9469,train
Flakings/1.MOV_20201221091849_9470.JPEG,flaking,1.MOV,9470,train
Flakings/1.MOV_20201221091849_9471.JPEG,flaking,1.MOV,9471,train
Flakings/1.MOV_20201221091849_9472.JPEG,flaking,1.MOV,9472,train
Flakings/1.MOV_20201221091849_9473.JPEG,flaking,1.MOV,9473,train
Flakings/1.MOV_20201221091849_9474.JPEG,flaking,1.MOV,9474,train
Flakings/1.MOV_20201221091849_9475.JPEG,flaking,1.MOV,9475,train
Flakings/1.MOV_20201221091849_9476.JPEG,flaking,1.MOV,9476,train
Flakings/1.MOV_20201221091849_9477.JPEG,flaking,1.MOV,9477,train
Flakings/1.MOV_20201221091849_9478.JPEG,flaking,1.MOV,9478,train
Flakings/1.MOV_20201221091849_9479.JPEG,flaking,1.MOV,9479,train
Flakings/1.MOV_20201221091849_9480.JPEG,flaking,1.MOV,9480,train
Flakings/1.MOV_20201221091849_9481.JPEG,flaking,1.MOV,9481,train
Flakings/1.MOV_20201221091849_9482.JPEG,flaking,1.MOV,9482,train
Flakings/1.MOV_20201221091849_9483.JPEG,flaking,1.MOV,9483,train
Flakings/1.MOV_20201221091849_9484.JPEG,flaking,1.MOV,9484,train
Flakings/1.MOV_20201221091849_9485.JPEG,flaking,1.MOV,9485,train
Flakings/1.MOV_20201221091849_9486.JPEG,flaking,1.MOV,9486,train
Flakings/5.MOV_20201223130541_0729.JPEG,flaking,5.MOV,729,train
Flakings/5.MOV_20201223130541_0730.JPEG,flaking,5.MOV,730,train
Flakings/5.MOV_20201223130541_0731.JPEG,flaking,5.MOV,731,train
Flakings/5.MOV_20201223130541_0732.JPEG,flaking,5.MOV,732,train
Flakings/5.MOV_20201223130541_0733.JPEG,flaking,5.MOV,733,train
Flakings/5.MOV_20201223130541_0734.JPEG,flaking,5.MOV,734,train
Flakings/5.MOV_20201223130541_0735.JPEG,flaking,5.MOV,735,train
Flakings/5.MOV_20201223130541_0736.JPEG,flaking,5.MOV,736,train
Flakings/5.MOV_20201223130541_0737.JPEG,flaking,5.MOV,737,train
Flakings/5.MOV_20201223130541_1539.JPEG,flaking,5.MOV,1539,train
Flakings/5.MOV_20201223130541_1540.JPEG,flaking,5.MOV,1540,train
Flakings/5.MOV_20201223130541_1541.JPEG,flaking,5.MOV,1541,train
Flakings/5.MOV_20201223130541_1542.JPEG,flaking,5.MOV,1542,train
Flakings/5.MOV_20201223130541_1543.JPEG,flaking,5.MOV,1543,train
Flakings/5.MOV_20201223130541_1544.JPEG,flaking,5.MOV,1544,train
Flakings/5.MOV_20201223130541_1545.JPEG,flaking,5.MOV,1545,train
Flakings/5.MOV_20201223130541_1546.JPEG,flaking,5.MOV,1546,train
Flakings/5.MOV_20201223130541_2415.JPEG,flaking,5.MOV,2415,test
Flakings/5.MOV_20201223130541_2416.JPEG,flaking,5.MOV,2416,test
Flakings/5.MOV_20201223130541_2417.JPEG,flaking,5.MOV,2417,test
Flakings/5.MOV_20201223130541_2418.JPEG,flaking,5.MOV,2418,test
Flakings/5.MOV_20201223130541_2419.JPEG,flaking,5.MOV,2419,test
Flakings/5.MOV_20201223130541_2420.JPEG,flaking,5.MOV,2420,test
Flakings/5.MOV_20201223130541_2421.JPEG,flaking,5.MOV,2421,test
Flakings/5.MOV_20201223130541_2422.JPEG,flaking,5.MOV,2422,test
Flakings/5.MOV_20201223130541_2423.JPEG,flaking,5.MOV,2423,test
Flakings/5.MOV_20201223130541_2424.JPEG,flaking,5.MOV,2424,test
Flakings/5.MOV_20201223130541_2425.JPEG,flaking,5.MOV,2425,test
Flakings/5.MOV_20201223130541_2426.JPEG,flaking,5.MOV,2426,test
Flakings/5.MOV_20201223130541_2427.JPEG,flaking,5.MOV,2427,test
Flakings/5.MOV_20201223130541_2428.JPEG,flaking,5.MOV,2428,test
Flakings/5.MOV_20201223130541_2429.JPEG,flaking,5.MOV,2429,test
Flakings/5.MOV_20201223130541_2430.JPEG,flaking,5.MOV,2430,test
Flakings/5.MOV_20201223130541_2431.JPEG,flaking,5.MOV,2431,test
Flakings/5.MOV_20201223130541_2432.JPEG,flaking,5.MOV,2432,test
Flakings/5.MOV_20201223130541_2664.JPEG,flaking,5.MOV,2664,val
Flakings/5.MOV_20201223130541_2665.JPEG,flaking,5.MOV,2665,val
Flakings/5.MOV_20201223130541_2666.JPEG,flaking,5.MOV,2666,val
Flakings/5.MOV_20201223130541_2667.JPEG,flaking,5.MOV,2667,val
Flakings/5.MOV_20201223130541_2668.JPEG,flaking,5.MOV,2668,val
Flakings/5.MOV_20201223130541_2669.JPEG,flaking,5.MOV,2669,val
Flakings/5.MOV_20201223130541_2670.JPEG,flaking,5.MOV,2670,val
Flakings/5.MOV_20201223130541_2671.JPEG,flaking,5.MOV,2671,val
Flakings/5.MOV_20201223130541_2672.JPEG,flaking,5.MOV,2672,val
Flakings/5.MOV_20201223130541_2673.JPEG,flaking,5.MOV,2673,val
Flakings/5.MOV_20201223130541_2674.JPEG,flaking,5.MOV,2674,val
Flakings/5.MOV_20201223130541_2675.JPEG,flaking,5.MOV,2675,val
Flakings/5.MOV_20201223130541_2676.JPEG,flaking,5.MOV,2676,val
Flakings/5.MOV_20201223130541_2677.JPEG,flaking,5.MOV,2677,val
Flakings/5.MOV_20201223130541_2678.JPEG,flaking,5.MOV,2678,val
Flakings/5.MOV_20201223130541_2679.JPEG,flaking,5.MOV,2679,val
Flakings/5.MOV_20201223130541_2680.JPEG,flaking,5.MOV,2680,val
Flakings/5.MOV_20201223130541_2681.JPEG,flaking,5.MOV,2681,val
Flakings/5.MOV_20201223130541_2682.JPEG,flaking,5.MOV,2682,val
Flakings/5.MOV_20201223130541_2683.JPEG,flaking,5.MOV,2683,val
Flakings/5.MOV_20201223130541_2684.JPEG,flaking,5.MOV,2684,val
Flakings/5.MOV_20201223130541_2685.JPEG,flaking,5.MOV,2685,val
Flakings/5.MOV_20201223130541_2686.JPEG,flaking,5.MOV,2686,val
Flakings/5.MOV_20201223130541_2687.JPEG,flaking,5.MOV,2687,val
Flakings/5.MOV_20201223130541_2688.JPEG,flaking,5.MOV,2688,val
Flakings/5.MOV_20201223130541_2689.JPEG,flaking,5.MOV,2689,val
Flakings/5.MOV_20201223130541_2690.JPEG,flaking,5.MOV,2690,val
Flakings/5.MOV_20201223130541_2691.JPEG,flaking,5.MOV,2691,val
Flakings/5.MOV_20201223130541_2692.JPEG,flaking,5.MOV,2692,val
Flakings/5.MOV_20201223130541_2693.JPEG,flaking,5.MOV,2693,val
Flakings/5.MOV_20201223130541_2694.JPEG,flaking,5.MOV,2694,val
Flakings/5.MOV_20201223130541_2695.JPEG,flaking,5.MOV,2695,val
Flakings/5.MOV_20201223130541_2696.JPEG,flaking,5.MOV,2696,val
Flakings/5.MOV_20201223130541_2697.JPEG,flaking,5.MOV,2697,val
Flakings/5.MOV_20201223130541_2698.JPEG,flaking,5.MOV,2698,val
Flakings/5.MOV_20201223130541_2699.JPEG,flaking,5.MOV,2699,val
Flakings/5.MOV_20201223130541_2700.JPEG,flaking,5.MOV,2700,val
Flakings/5.MOV_20201223130541_2701.JPEG,flaking,5.MOV,2701,val
Flakings/5.MOV_20201223130541_2702.JPEG,flaking,5.MOV,2702,val
Flakings/5.MOV_20201223130541_2703.JPEG,flaking,5.MOV,2703,val
Flakings/5.MOV_20201223130541_2704.JPEG,flaking,5.MOV,2704,val
Flakings/5.MOV_20201223130541_2705.JPEG,flaking,5.MOV,2705,val
Flakings/5.MOV_20201223130541_2706.JPEG,flaking,5.MOV,2706,val
Flakings/5.MOV_20201223130541_2707.JPEG,flaking,5.MOV,2707,val
Flakings/5.MOV_20201223130541_2708.JPEG,flaking,5.MOV,2708,val
Flakings/5.MOV_20201223130541_2709.JPEG,flaking,5.MOV,2709,val
Flakings/5.MOV_20201223130541_2710.JPEG,flaking,5.MOV,2710,val
Flakings/5.MOV_20201223130541_2711.JPEG,flaking,5.MOV,2711,val
Flakings/5.MOV_20201223130541_2712.JPEG,flaking,5.MOV,2712,val
Flakings/5.MOV_20201223130541_2713.JPEG,flaking,5.MOV,2713,val
Flakings/5.MOV_20201223130541_2714.JPEG,flaking,5.MOV,2714,val
Flakings/5.MOV_20201223130541_2715.JPEG,flaking,5.MOV,2715,val
Flakings/5.MOV_20201223130541_2716.JPEG,flaking,5.MOV,2716,val
Flakings/5.MOV_20201223130541_2717.JPEG,flaking,5.MOV,2717,val
Flakings/5.MOV_20201223130541_2718.JPEG,flaking,5.MOV,2718,val
Flakings/5.MOV_20201223130541_2719.JPEG,flaking,5.MOV,2719,val
Flakings/5.MOV_20201223130541_3361.JPEG,flaking,5.MOV,3361,train
Flakings/5.MOV_20201223130541_3362.JPEG,flaking,5.MOV,3362,train
Flakings/5.MOV_20201223130541_3363.JPEG,flaking,5.MOV,3363,train
Flakings/5.MOV_20201223130541_3364.JPEG,flaking,5.MOV,3364,train
Flakings/5.MOV_20201223130541_3365.JPEG,flaking,5.MOV,3365,train
Flakings/5.MOV_20201223130541_3366.JPEG,flaking,5.MOV,3366,train
Flakings/5.MOV_20201223130541_3367.JPEG,flaking,5.MOV,3367,train
Flakings/5.MOV_20201223130541_3368.JPEG,flaking,5.MOV,3368,train
Flakings/5.MOV_20201223130541_3369.JPEG,flaking,5.MOV,3369,train
Flakings/5.MOV_20201223130541_3370.JPEG,flaking,5.MOV,3370,train
Flakings/5.MOV_20201223130541_3371.JPEG,flaking,5.MOV,3371,train
Flakings/5.MOV_20201223130541_3372.JPEG,flaking,5.MOV,3372,train
Flakings/5.MOV_20201223130541_3373.JPEG,flaking,5.MOV,3373,train
Flakings/5.MOV_20201223130541_3374.JPEG,flaking,5.MOV,3374,train
Flakings/5.MOV_20201223130541_3375.JPEG,flaking,5.MOV,3375,train
Flakings/5.MOV_20201223130541_3376.JPEG,flaking,5.MOV,3376,train
Flakings/5.MOV_20201223130541_3377.JPEG,flaking,5.MOV,3377,train
Flakings/5.MOV_20201223130541_3378.JPEG,flaking,5.MOV,3378,train
Flakings/5.MOV_20201223130541_3379.JPEG,flaking,5.MOV,3379,train
Flakings/5.MOV_20201223130541_3380.JPEG,flaking,5.MOV,3380,train
Flakings/5.MOV_20201223130541_3381.JPEG,flaking,5.MOV,3381,train
Flakings/5.MOV_20201223130541_3382.JPEG,flaking,5.MOV,3382,train
Flakings/5.MOV_20201223130541_3383.JPEG,flaking,5.MOV,3383,train
Flakings/5.MOV_20201223130541_3384.JPEG,flaking,5.MOV,3384,train
Flakings/5.MOV_20201223130541_3385.JPEG,flaking,5.MOV,3385,train
Flakings/5.MOV_20201223130541_3386.JPEG,flaking,5.MOV,3386,train
Flakings/5.MOV_20201223130541_3387.JPEG,flaking,5.MOV,3387,train
Flakings/5.MOV_20201223130541_3388.JPEG,flaking,5.MOV,3388,train
Flakings/5.MOV_20201223130541_3389.JPEG,flaking,5.MOV,3389,train
Flakings/5.MOV_20201223130541_3390.JPEG,flaking,5.MOV,3390,train
Flakings/5.MOV_20201223130541_3391.JPEG,flaking,5.MOV,3391,train
Flakings/5.MOV_20201223130541_3392.JPEG,flaking,5.MOV,3392,train
Flakings/5.MOV_20201223130541_3393.JPEG,flaking,5.MOV,3393,train
Flakings/5.MOV_20201223130541_3394.JPEG,flaking,5.MOV,3394,train
Flakings/5.MOV_20201223130541_3395.JPEG,flaking,5.MOV,3395,train
Flakings/5.MOV_20201223130541_3396.JPEG,flaking,5.MOV,3396,train
Flakings/5.MOV_20201223130541_3397.JPEG,flaking,5.MOV,3397,train
Flakings/5.MOV_20201223130541_3398.JPEG,flaking,5.MOV,3398,train
Flakings/5.MOV_20201223130541_3399.JPEG,flaking,5.MOV,3399,train
Flakings/5.MOV_20201223130541_3400.JPEG,flaking,5.MOV,3400,train
Flakings/5.MOV_20201223130541_3401.JPEG,flaking,5.MOV,3401,train
Flakings/5.MOV_20201223130541_3402.JPEG,flaking,5.MOV,3402,train
Flakings/5.MOV_20201223130541_3403.JPEG,flaking,5.MOV,3403,train
Flakings/5.MOV_20201223130541_3404.JPEG,flaking,5.MOV,3404,train
Flakings/5.MOV_20201223130541_3405.JPEG,flaking,5.MOV,3405,train
Flakings/5.MOV_20201223130541_3406.JPEG,flaking,5.MOV,3406,train
Flakings/5.MOV_20201223130541_3407.JPEG,flaking,5.MOV,3407,train
Flakings/5.MOV_20201223130541_3408.JPEG,flaking,5.MOV,3408,train
Flakings/5.MOV_20201223130541_3409.JPEG,flaking,5.MOV,3409,train
Flakings/5.MOV_20201223130541_3410.JPEG,flaking,5.MOV,3410,train
Flakings/5.MOV_20201223130541_3411.JPEG,flaking,5.MOV,3411,train
Flakings/5.MOV_20201223130541_3412.JPEG,flaking,5.MOV,3412,train
Flakings/5.MOV_20201223130541_3413.JPEG,flaking,5.MOV,3413,train
Flakings/5.MOV_20201223130541_3414.JPEG,flaking,5.MOV,3414,train
Flakings/5.MOV_20201223130541_3415.JPEG,flaking,5.MOV,3415,train
Flakings/5.MOV_20201223130541_3416.JPEG,flaking,5.MOV,3416,train
Flakings/5.MOV_20201223130541_3417.JPEG,flaking,5.MOV,3417,train
Flakings/5.MOV_20201223130541_3418.JPEG,flaking,5.MOV,3418,train
Flakings/5.MOV_20201223130541_3419.JPEG,flaking,5.MOV,3419,train
Flakings/5.MOV_20201223130541_3420.JPEG,flaking,5.MOV,3420,train
Flakings/5.MOV_20201223130541_3421.JPEG,flaking,5.MOV,3421,train
Flakings/5.MOV_20201223130541_3422.JPEG,flaking,5.MOV,3422,train
Flakings/5.MOV_20201223130541_3423.JPEG,flaking,5.MOV,3423,train
Flakings/5.MOV_20201223130541_3424.JPEG,flaking,5.MOV,3424,train
Flakings/5.MOV_20201223130541_3425.JPEG,flaking,5.MOV,3425,train
Flakings/5.MOV_20201223130541_3426.JPEG,flaking,5.MOV,3426,train
Flakings/5.MOV_20201223130541_3427.JPEG,flaking,5.MOV,3427,train
Flakings/5.MOV_20201223130541_3428.JPEG,flaking,5.MOV,3428,train
Flakings/5.MOV_20201223130541_3429.JPEG,flaking,5.MOV,3429,train
Flakings/5.MOV_20201223130541_3430.JPEG,flaking,5.MOV,3430,train
Flakings/5.MOV_20201223130541_3431.JPEG,flaking,5.MOV,3431,train
Flakings/5.MOV_20201223130541_3432.JPEG,flaking,5.MOV,3432,train
Flakings/5.MOV_20201223130541_3433.JPEG,flaking,5.MOV,3433,train
Flakings/5.MOV_20201223130541_3434.JPEG,flaking,5.MOV,3434,train
Flakings/5.MOV_20201223130541_3435.JPEG,flaking,5.MOV,3435,train
Flakings/5.MOV_20201223130541_3436.JPEG,flaking,5.MOV,3436,train
Flakings/5.MOV_20201223130541_3437.JPEG,flaking,5.MOV,3437,train
Flakings/5.MOV_20201223130541_3438.JPEG,flaking,5.MOV,3438,train
Flakings/5.MOV_20201223130541_3439.JPEG,flaking,5.MOV,3439,train
Flakings/5.MOV_20201223130541_3440.JPEG,flaking,5.MOV,3440,train
Flakings/5.MOV_20201223130541_3441.JPEG,flaking,5.MOV,3441,train
Flakings/5.MOV_20201223130541_3442.JPEG,flaking,5.MOV,3442,train
Flakings/5.MOV_20201223130541_3443.JPEG,flaking,5.MOV,3443,train
Flakings/5.MOV_20201223130541_3444.JPEG,flaking,5.MOV,3444,train
Flakings/5.MOV_20201223130541_3445.JPEG,flaking,5.MOV,3445,train
Flakings/5.MOV_20201223130541_3446.JPEG,flaking,5.MOV,3446,train
Flakings/5.MOV_20201223130541_3447.JPEG,flaking,5.MOV,3447,train
Flakings/5.MOV_20201223130541_3448.JPEG,flaking,5.MOV,3448,train
Flakings/5.MOV_20201223130541_3449.JPEG,flaking,5.MOV,3449,train
Flakings/5.MOV_20201223130541_3450.JPEG,flaking,5.MOV,3450,train
Flakings/5.MOV_20201223130541_3451.JPEG,flaking,5.MOV,3451,train
Flakings/5.MOV_20201223130541_3452.JPEG,flaking,5.MOV,3452,train
Flakings/5.MOV_20201223130541_3453.JPEG,flaking,5.MOV,3453,train
Flakings/5.MOV_20201223130541_3454.JPEG,flaking,5.MOV,3454,train
Flakings/5.MOV_20201223130541_3455.JPEG,flaking,5.MOV,3455,train
Flakings/5.MOV_20201223130541_3456.JPEG,flaking,5.MOV,3456,train
Flakings/5.MOV_20201223130541_3457.JPEG,flaking,5.MOV,3457,train
Flakings/5.MOV_20201223130541_3458.JPEG,flaking,5.MOV,3458,train
Flakings/5.MOV_20201223130541_3459.JPEG,flaking,5.MOV,3459,train
Flakings/5.MOV_20201223130541_3460.JPEG,flaking,5.MOV,3460,train
Flakings/5.MOV_20201223130541_3461.JPEG,flaking,5.MOV,3461,train
Flakings/5.MOV_20201223130541_3462.JPEG,flaking,5.MOV,3462,train
Flakings/5.MOV_20201223130541_3463.JPEG,flaking,5.MOV,3463,train
Flakings/5.MOV_20201223130541_3464.JPEG,flaking,5.MOV,3464,train
Flakings/5.MOV_20201223130541_3465.JPEG,flaking,5.MOV,3465,train
Flakings/5.MOV_20201223130541_3466.JPEG,flaking,5.MOV,3466,train
Flakings/5.MOV_20201223130541_3467.JPEG,flaking,5.MOV,3467,train
Flakings/5.MOV_20201223130541_3468.JPEG,flaking,5.MOV,3468,train
Flakings/5.MOV_20201223130541_3469.JPEG,flaking,5.MOV,3469,train
Flakings/5.MOV_20201223130541_3470.JPEG,flaking,5.MOV,3470,train
Flakings/5.MOV_20201223130541_3471.JPEG,flaking,5.MOV,3471,train
Flakings/5.MOV_20201223130541_3472.JPEG,flaking,5.MOV,3472,train
Flakings/5.MOV_20201223130541_3473.JPEG,flaking,5.MOV,3473,train
Flakings/5.MOV_20201223130541_3474.JPEG,flaking,5.MOV,3474,train
Flakings/5.MOV_20201223130541_3475.JPEG,flaking,5.MOV,3475,train
Flakings/5.MOV_20201223130541_3476.JPEG,flaking,5.MOV,3476,train
Flakings/5.MOV_20201223130541_3477.JPEG,flaking,5.MOV,3477,train
Flakings/5.MOV_20201223130541_3478.JPEG,flaking,5.MOV,3478,train
Flakings/5.MOV_20201223130541_3479.JPEG,flaking,5.MOV,3479,train
Flakings/5.MOV_20201223130541_3480.JPEG,flaking,5.MOV,3480,train
Flakings/5.MOV_20201223130541_3481.JPEG,flaking,5.MOV,3481,train
Flakings/5.MOV_20201223130541_3482.JPEG,flaking,5.MOV,3482,train
Flakings/5.MOV_20201223130541_3483.JPEG,flaking,5.MOV,3483,train
Flakings/5.MOV_20201223130541_3484.JPEG,flaking,5.MOV,3484,train
Flakings/5.MOV_20201223130541_3485.JPEG,flaking,5.MOV,3485,train
Flakings/5.MOV_20201223130541_3486.JPEG,flaking,5.MOV,3486,train
Flakings/5.MOV_20201223130541_3487.JPEG,flaking,5.MOV,3487,train
Flakings/5.MOV_20201223130541_3488.JPEG,flaking,5.MOV,3488,train
Flakings/5.MOV_20201223130541_3489.JPEG,flaking,5.MOV,3489,train
Flakings/5.MOV_20201223130541_3490.JPEG,flaking,5.MOV,3490,train
Flakings/5.MOV_20201223130541_3491.JPEG,flaking,5.MOV,3491,train
Flakings/5.MOV_20201223130541_3492.JPEG,flaking,5.MOV,3492,train
Flakings/5.MOV_20201223130541_3493.JPEG,flaking,5.MOV,3493,train
Flakings/5.MOV_20201223130541_3508.JPEG,flaking,5.MOV,3508,test
Flakings/5.MOV_20201223130541_3509.JPEG,flaking,5.MOV,3509,test
Flakings/5.MOV_20201223130541_3510.JPEG,flaking,5.MOV,3510,test
Flakings/5.MOV_20201223130541_3511.JPEG,flaking,5.MOV,3511,test
Flakings/5.MOV_20201223130541_3676.JPEG,flaking,5.MOV,3676,val
Flakings/5.MOV_20201223130541_3677.JPEG,flaking,5.MOV,3677,val
Flakings/5.MOV_20201223130541_3678.JPEG,flaking,5.MOV,3678,val
Flakings/5.MOV_20201223130541_3679.JPEG,flaking,5.MOV,3679,val
Flakings/5.MOV_20201223130541_3680.JPEG,flaking,5.MOV,3680,val
Flakings/5.MOV_20201223130541_3681.JPEG,flaking,5.MOV,3681,val
Flakings/5.MOV_20201223130541_3682.JPEG,flaking,5.MOV,3682,val
Flakings/5.MOV_20201223130541_3683.JPEG,flaking,5.MOV,3683,val
Flakings/5.MOV_20201223130541_3684.JPEG,flaking,5.MOV,3684,val
Flakings/5.MOV_20201223130541_3685.JPEG,flaking,5.MOV,3685,val
Flakings/5.MOV_20201223130541_3686.JPEG,flaking,5.MOV,3686,val
Flakings/5.MOV_20201223130541_3687.JPEG,flaking,5.MOV,3687,val
Flakings/5.MOV_20201223130541_3688.JPEG,flaking,5.MOV,3688,val
Flakings/5.MOV_20201223130541_3689.JPEG,flaking,5.MOV,3689,val
Flakings/5.MOV_20201223130541_3690.JPEG,flaking,5.MOV,3690,val
Flakings/5.MOV_20201223130541_3691.JPEG,flaking,5.MOV,3691,val
Flakings/5.MOV_20201223130541_3692.JPEG,flaking,5.MOV,3692,val
Flakings/5.MOV_20201223130541_3693.JPEG,flaking,5.MOV,3693,val
Flakings/5.MOV_20201223130541_3701.JPEG,flaking,5.MOV,3701,train
Flakings/5.MOV_20201223130541_3702.JPEG,flaking,5.MOV,3702,train
Flakings/5.MOV_20201223130541_3703.JPEG,flaking,5.MOV,3703,train
Flakings/5.MOV_20201223130541_3704.JPEG,flaking,5.MOV,3704,train
Flakings/5.MOV_20201223130541_3705.JPEG,flaking,5.MOV,3705,train
Flakings/5.MOV_20201223130541_3706.JPEG,flaking,5.MOV,3706,train
Flakings/5.MOV_20201223130541_3707.JPEG,flaking,5.MOV,3707,train
Flakings/5.MOV_20201223130541_3708.JPEG,flaking,5.MOV,3708,train
Flakings/5.MOV_20201223130541_3709.JPEG,flaking,5.MOV,3709,train
Flakings/5.MOV_20201223130541_3710.JPEG,flaking,5.MOV,3710,train
Flakings/5.MOV_20201223130541_3711.JPEG,flaking,5.MOV,3711,train
Flakings/5.MOV_20201223130541_3712.JPEG,flaking,5.MOV,3712,train
Flakings/5.MOV_20201223130541_3713.JPEG,flaking,5.MOV,3713,train
Flakings/5.MOV_20201223130541_3714.JPEG,flaking,5.MOV,3714,train
Flakings/5.MOV_20201223130541_3715.JPEG,flaking,5.MOV,3715,train
Flakings/5.MOV_20201223130541_3716.JPEG,flaking,5.MOV,3716,train
Flakings/5.MOV_20201223130541_3717.JPEG,flaking,5.MOV,3717,train
Flakings/5.MOV_20201223130541_3718.JPEG,flaking,5.MOV,3718,train
Flakings/5.MOV_20201223130541_3719.JPEG,flaking,5.MOV,3719,train
Flakings/5.MOV_20201223130541_3720.JPEG,flaking,5.MOV,3720,train
Flakings/5.MOV_20201223130541_3721.JPEG,flaking,5.MOV,3721,train
Flakings/5.MOV_20201223130541_3722.JPEG,flaking,5.MOV,3722,train
Flakings/5.MOV_20201223130541_3723.JPEG,flaking,5.MOV,3723,train
Flakings/5.MOV_20201223130541_3724.JPEG,flaking,5.MOV,3724,train
Flakings/5.MOV_20201223130541_3725.JPEG,flaking,5.MOV,3725,train
Flakings/5.MOV_20201223130541_3726.JPEG,flaking,5.MOV,3726,train
Flakings/5.MOV_20201223130541_3727.JPEG,flaking,5.MOV,3727,train
Flakings/5.MOV_20201223130541_3728.JPEG,flaking,5.MOV,3728,train
Flakings/5.MOV_20201223130541_3729.JPEG,flaking,5.MOV,3729,train
Flakings/5.MOV_20201223130541_3730.JPEG,flaking,5.MOV,3730,train
Flakings/5.MOV_20201223130541_3731.JPEG,flaking,5.MOV,3731,train
Flakings/5.MOV_20201223130541_3783.JPEG,flaking,5.MOV,3783,train
Flakings/5.MOV_20201223130541_3784.JPEG,flaking,5.MOV,3784,train
Flakings/5.MOV_20201223130541_3785.JPEG,flaking,5.MOV,3785,train
Flakings/5.MOV_20201223130541_3786.JPEG,flaking,5.MOV,3786,train
Flakings/5.MOV_20201223130541_3787.JPEG,flaking,5.MOV,3787,train
Flakings/5.MOV_20201223130541_3788.JPEG,flaking,5.MOV,3788,train
Flakings/5.MOV_20201223130541_3789.JPEG,flaking,5.MOV,3789,train
Flakings/5.MOV_20201223130541_3790.JPEG,flaking,5.MOV,3790,train
Flakings/5.MOV_20201223130541_3791.JPEG,flaking,5.MOV,3791,train
Flakings/5.MOV_20201223130541_3792.JPEG,flaking,5.MOV,3792,train
Flakings/5.MOV_20201223130541_3793.JPEG,flaking,5.MOV,3793,train
Flakings/5.MOV_20201223130541_3794.JPEG,flaking,5.MOV,3794,train
Flakings/5.MOV_20201223130541_3795.JPEG,flaking,5.MOV,3795,train
Flakings/5.MOV_20201223130541_3796.JPEG,flaking,5.MOV,3796,train
Flakings/5.MOV_20201223130541_3797.JPEG,flaking,5.MOV,3797,train
Flakings/5.MOV_20201223130541_3798.JPEG,flaking,5.MOV,3798,train
Flakings/5.MOV_20201223130541_3799.JPEG,flaking,5.MOV,3799,train
Flakings/5.MOV_20201223130541_3800.JPEG,flaking,5.MOV,3800,train
Flakings/5.MOV_20201223130541_3801.JPEG,flaking,5.MOV,3801,train
Flakings/5.MOV_20201223130541_3802.JPEG,flaking,5.MOV,3802,train
Flakings/5.MOV_20201223130541_3803.JPEG,flaking,5.MOV,3803,train
Flakings/5.MOV_20201223130541_3804.JPEG,flaking,5.MOV,3804,train
Flakings/5.MOV_20201223130541_3805.JPEG,flaking,5.MOV,3805,train
Flakings/5.MOV_20201223130541_3806.JPEG,flaking,5.MOV,3806,train
Flakings/5.MOV_20201223130541_3807.JPEG,flaking,5.MOV,3807,train
Flakings/5.MOV_20201223130541_3808.JPEG,flaking,5.MOV,3808,train
Flakings/5.MOV_20201223130541_3809.JPEG,flaking,5.MOV,3809,train
Flakings/5.MOV_20201223130541_3810.JPEG,flaking,5.MOV,3810,train
Flakings/5.MOV_20201223130541_3811.JPEG,flaking,5.MOV,3811,train
Flakings/5.MOV_20201223130541_3812.JPEG,flaking,5.MOV,3812,train
Flakings/5.MOV_20201223130541_3813.JPEG,flaking,5.MOV,3813,train
Flakings/5.MOV_20201223130541_3814.JPEG,flaking,5.MOV,3814,train
Flakings/5.MOV_20201223130541_3815.JPEG,flaking,5.MOV,3815,train
Flakings/5.MOV_20201223130541_3816.JPEG,flaking,5.MOV,3816,train
Flakings/5.MOV_20201223130541_3817.JPEG,flaking,5.MOV,3817,train
Flakings/5.MOV_20201223130541_3818.JPEG,flaking,5.MOV,3818,train
Flakings/5.MOV_20201223130541_3819.JPEG,flaking,5.MOV,3819,train
Flakings/5.MOV_20201223130541_3820.JPEG,flaking,5.MOV,3820,train
Flakings/5.MOV_20201223130541_3821.JPEG,flaking,5.MOV,3821,train
Flakings/5.MOV_20201223130541_3822.JPEG,flaking,5.MOV,3822,train
Flakings/5.MOV_20201223130541_3823.JPEG,flaking,5.MOV,3823,train
Flakings/5.MOV_20201223130541_3824.JPEG,flaking,5.MOV,3824,train
Flakings/5.MOV_20201223130541_3825.JPEG,flaking,5.MOV,3825,train
Flakings/5.MOV_20201223130541_3826.JPEG,flaking,5.MOV,3826,train
Flakings/5.MOV_20201223130541_3827.JPEG,flaking,5.MOV,3827,train
Flakings/5.MOV_20201223130541_3828.JPEG,flaking,5.MOV,3828,train
Flakings/5.MOV_20201223130541_3829.JPEG,flaking,5.MOV,3829,train
Flakings/5.MOV_20201223130541_3830.JPEG,flaking,5.MOV,3830,train
Flakings/5.MOV_20201223130541_3831.JPEG,flaking,5.MOV,3831,train
Flakings/5.MOV_20201223130541_3832.JPEG,flaking,5.MOV,3832,train
Flakings/5.MOV_20201223130541_3833.JPEG,flaking,5.MOV,3833,train
Flakings/5.MOV_20201223130541_3834.JPEG,flaking,5.MOV,3834,train
Flakings/5.MOV_20201223130541_3835.JPEG,flaking,5.MOV,3835,train
Flakings/5.MOV_20201223130541_3836.JPEG,flaking,5.MOV,3836,train
Flakings/5.MOV_20201223130541_3837.JPEG,flaking,5.MOV,3837,train
Flakings/5.MOV_20201223130541_3838.JPEG,flaking,5.MOV,3838,train
Flakings/5.MOV_20201223130541_3839.JPEG,flaking,5.MOV,3839,train
Flakings/5.MOV_20201223130541_3840.JPEG,flaking,5.MOV,3840,train
Flakings/5.MOV_20201223130541_3841.JPEG,flaking,5.MOV,3841,train
Flakings/5.MOV_20201223130541_3842.JPEG,flaking,5.MOV,3842,train
Flakings/5.MOV_20201223130541_3843.JPEG,flaking,5.MOV,3843,train
Flakings/5.MOV_20201223130541_3844.JPEG,flaking,5.MOV,3844,train
Flakings/5.MOV_20201223130541_3845.JPEG,flaking,5.MOV,3845,train
Flakings/5.MOV_20201223130541_3846.JPEG,flaking,5.MOV,3846,train
Flakings/5.MOV_20201223130541_3847.JPEG,flaking,5.MOV,3847,train
Flakings/5.MOV_20201223130541_3848.JPEG,flaking,5.MOV,3848,train
Flakings/5.MOV_20201223130541_3849.JPEG,flaking,5.MOV,3849,train
Flakings/5.MOV_20201223130541_3850.JPEG,flaking,5.MOV,3850,train
Flakings/5.MOV_20201223130541_3851.JPEG,flaking,5.MOV,3851,train
Flakings/5.MOV_20201223130541_3852.JPEG,flaking,5.MOV,3852,train
Flakings/5.MOV_20201223130541_3853.JPEG,flaking,5.MOV,3853,train
Flakings/5.MOV_20201223130541_3854.JPEG,flaking,5.MOV,3854,train
Flakings/5.MOV_20201223130541_3855.JPEG,flaking,5.MOV,3855,train
Flakings/5.MOV_20201223130541_3856.JPEG,flaking,5.MOV,3856,train
Flakings/5.MOV_20201223130541_3857.JPEG,flaking,5.MOV,3857,train
Flakings/5.MOV_20201223130541_3858.JPEG,flaking,5.MOV,3858,train
Flakings/5.MOV_20201223130541_3859.JPEG,flaking,5.MOV,3859,train
Flakings/5.MOV_20201223130541_3860.JPEG,flaking,5.MOV,3860,train
Flakings/5.MOV_20201223130541_3861.JPEG,flaking,5.MOV,3861,train
Flakings/5.MOV_20201223130541_3862.JPEG,flaking,5.MOV,3862,train
Flakings/5.MOV_20201223130541_3863.JPEG,flaking,5.MOV,3863,train
Flakings/5.MOV_20201223130541_3864.JPEG,flaking,5.MOV,3864,train
Flakings/5.MOV_20201223130541_3865.JPEG,flaking,5.MOV,3865,train
Flakings/5.MOV_20201223130541_3866.JPEG,flaking,5.MOV,3866,train
Flakings/5.MOV_20201223130541_3867.JPEG,flaking,5.MOV,3867,train
Flakings/5.MOV_20201223130541_3868.JPEG,flaking,5.MOV,3868,train
Flakings/5.MOV_20201223130541_3869.JPEG,flaking,5.MOV,3869,train
Flakings/5.MOV_20201223130541_3870.JPEG,flaking,5.MOV,3870,train
Flakings/5.MOV_20201223130541_3871.JPEG,flaking,5.MOV,3871,train
Flakings/5.MOV_20201223130541_3872.JPEG,flaking,5.MOV,3872,train
Flakings/5.MOV_20201223130541_3873.JPEG,flaking,5.MOV,3873,train
Flakings/5.MOV_20201223130541_3874.JPEG,flaking,5.MOV,3874,train
Flakings/5.MOV_20201223130541_3875.JPEG,flaking,5.MOV,3875,train
Flakings/5.MOV_20201223130541_3876.JPEG,flaking,5.MOV,3876,train
Flakings/5.MOV_20201223130541_3877.JPEG,flaking,5.MOV,3877,train
Flakings/5.MOV_20201223130541_3878.JPEG,flaking,5.MOV,3878,train
Flakings/5.MOV_20201223130541_3879.JPEG,flaking,5.MOV,3879,train
Flakings/5.MOV_20201223130541_3880.JPEG,flaking,5.MOV,3880,train
Flakings/5.MOV_20201223130541_3881.JPEG,flaking,5.MOV,3881,train
Flakings/5.MOV_20201223130541_3882.JPEG,flaking,5.MOV,3882,train
Flakings/5.MOV_20201223130541_3883.JPEG,flaking,5.MOV,3883,train
Flakings/5.MOV_20201223130541_3884.JPEG,flaking,5.MOV,3884,train
Flakings/5.MOV_20201223130541_3885.JPEG,flaking,5.MOV,3885,train
Flakings/5.MOV_20201223130541_3886.JPEG,flaking,5.MOV,3886,train
Flakings/5.MOV_20201223130541_3887.JPEG,flaking,5.MOV,3887,train
Flakings/5.MOV_20201223130541_3888.JPEG,flaking,5.MOV,3888,train
Flakings/5.MOV_20201223130541_3889.JPEG,flaking,5.MOV,3889,train
Flakings/5.MOV_20201223130541_3890.JPEG,flaking,5.MOV,3890,train
Flakings/5.MOV_20201223130541_3891.JPEG,flaking,5.MOV,3891,train
Flakings/5.MOV_20201223130541_3892.JPEG,flaking,5.MOV,3892,train
Flakings/5.MOV_20201223130541_3893.JPEG,flaking,5.MOV,3893,train
Flakings/5.MOV_20201223130541_3894.JPEG,flaking,5.MOV,3894,train
Flakings/5.MOV_20201223130541_3895.JPEG,flaking,5.MOV,3895,train
Flakings/5.MOV_20201223130541_3896.JPEG,flaking,5.MOV,3896,train
Flakings/5.MOV_20201223130541_3897.JPEG,flaking,5.MOV,3897,train
Flakings/5.MOV_20201223130541_3898.JPEG,flaking,5.MOV,3898,train
Flakings/5.MOV_20201223130541_3899.JPEG,flaking,5.MOV,3899,train
Flakings/5.MOV_20201223130541_3900.JPEG,flaking,5.MOV,3900,train
Flakings/5.MOV_20201223130541_3901.JPEG,flaking,5.MOV,3901,train
Flakings/5.MOV_20201223130541_3902.JPEG,flaking,5.MOV,3902,train
Flakings/5.MOV_20201223130541_3903.JPEG,flaking,5.MOV,3903,train
Flakings/5.MOV_20201223130541_3904.JPEG,flaking,5.MOV,3904,train
Flakings/5.MOV_20201223130541_3905.JPEG,flaking,5.MOV,3905,train
Flakings/5.MOV_20201223130541_3906.JPEG,flaking,5.MOV,3906,train
Flakings/5.MOV_20201223130541_3907.JPEG,flaking,5.MOV,3907,train
Flakings/5.MOV_20201223130541_3908.JPEG,flaking,5.MOV,3908,train
Flakings/5.MOV_20201223130541_3909.JPEG,flaking,5.MOV,3909,train
Flakings/5.MOV_20201223130541_3910.JPEG,flaking,5.MOV,3910,train
Flakings/5.MOV_20201223130541_3911.JPEG,flaking,5.MOV,3911,train
Flakings/5.MOV_20201223130541_3912.JPEG,flaking,5.MOV,3912,train
Flakings/5.MOV_20201223130541_3913.JPEG,flaking,5.MOV,3913,train
Flakings/5.MOV_20201223130541_3914.JPEG,flaking,5.MOV,3914,train
Flakings/5.MOV_20201223130541_3915.JPEG,flaking,5.MOV,3915,train
Flakings/5.MOV_20201223130541_3916.JPEG,flaking,5.MOV,3916,train
Flakings/5.MOV_20201223130541_3917.JPEG,flaking,5.MOV,3917,train
Flakings/5.MOV_20201223130541_3918.JPEG,flaking,5.MOV,3918,train
Flakings/5.MOV_20201223130541_3919.JPEG,flaking,5.MOV,3919,train
Flakings/5.MOV_20201223130541_3920.JPEG,flaking,5.MOV,3920,train
Flakings/5.MOV_20201223130541_3921.JPEG,flaking,5.MOV,3921,train
Flakings/5.MOV_20201223130541_3922.JPEG,flaking,5.MOV,3922,train
Flakings/5.MOV_20201223130541_3923.JPEG,flaking,5.MOV,3923,train
Flakings/5.MOV_20201223130541_3924.JPEG,flaking,5.MOV,3924,train
Flakings/5.MOV_20201223130541_3925.JPEG,flaking,5.MOV,3925,train
Flakings/5.MOV_20201223130541_3926.JPEG,flaking,5.MOV,3926,train
Flakings/5.MOV_20201223130541_3927.JPEG,flaking,5.MOV,3927,train
Flakings/5.MOV_20201223130541_3928.JPEG,flaking,5.MOV,3928,train
Flakings/5.MOV_20201223130541_3929.JPEG,flaking,5.MOV,3929,train
Flakings/5.MOV_20201223130541_3930.JPEG,flaking,5.MOV,3930,train
Flakings/5.MOV_20201223130541_4055.JPEG,flaking,5.MOV,4055,val
Flakings/5.MOV_20201223130541_4056.JPEG,flaking,5.MOV,4056,val
Flakings/5.MOV_20201223130541_4057.JPEG,flaking,5.MOV,4057,val
Flakings/5.MOV_20201223130541_4058.JPEG,flaking,5.MOV,4058,val
Flakings/5.MOV_20201223130541_4059.JPEG,flaking,5.MOV,4059,val
Flakings/5.MOV_20201223130541_4060.JPEG,flaking,5.MOV,4060,val
Flakings/5.MOV_20201223130541_4061.JPEG,flaking,5.MOV,4061,val
Flakings/5.MOV_20201223130541_4062.JPEG,flaking,5.MOV,4062,val
Flakings/5.MOV_20201223130541_4063.JPEG,flaking,5.MOV,4063,val
Flakings/5.MOV_20201223130541_4064.JPEG,flaking,5.MOV,4064,val
Flakings/5.MOV_20201223130541_4065.JPEG,flaking,5.MOV,4065,val
Flakings/5.MOV_20201223130541_4066.JPEG,flaking,5.MOV,4066,val
Flakings/5.MOV_20201223130541_4067.JPEG,flaking,5.MOV,4067,val
Flakings/5.MOV_20201223130541_4068.JPEG,flaking,5.MOV,4068,val
Flakings/5.MOV_20201223130541_4069.JPEG,flaking,5.MOV,4069,val
Flakings/5.MOV_20201223130541_4070.JPEG,flaking,5.MOV,4070,val
Flakings/5.MOV_20201223130541_4071.JPEG,flaking,5.MOV,4071,val
Flakings/5.MOV_20201223130541_4072.JPEG,flaking,5.MOV,4072,val
Flakings/5.MOV_20201223130541_4073.JPEG,flaking,5.MOV,4073,val
Flakings/5.MOV_20201223130541_4074.JPEG,flaking,5.MOV,4074,val
Flakings/5.MOV_20201223130541_4075.JPEG,flaking,5.MOV,4075,val
Flakings/5.MOV_20201223130541_4076.JPEG,flaking,5.MOV,4076,val
Flakings/5.MOV_20201223130541_4077.JPEG,flaking,5.MOV,4077,val
Flakings/5.MOV_20201223130541_4078.JPEG,flaking,5.MOV,4078,val
Flakings/5.MOV_20201223130541_4079.JPEG,flaking,5.MOV,4079,val
Flakings/5.MOV_20201223130541_4080.JPEG,flaking,5.MOV,4080,val
Flakings/5.MOV_20201223130541_4081.JPEG,flaking,5.MOV,4081,val
Flakings/5.MOV_20201223130541_4082.JPEG,flaking,5.MOV,4082,val
Flakings/5.MOV_20201223130541_4083.JPEG,flaking,5.MOV,4083,val
Flakings/5.MOV_20201223130541_4084.JPEG,flaking,5.MOV,4084,val
Flakings/5.MOV_20201223130541_4085.JPEG,flaking,5.MOV,4085,val
Flakings/5.MOV_20201223130541_4086.JPEG,flaking,5.MOV,4086,val
Flakings/5.MOV_20201223130541_4087.JPEG,flaking,5.MOV,4087,val
Flakings/5.MOV_20201223130541_4088.JPEG,flaking,5.MOV,4088,val
Flakings/5.MOV_20201223130541_4089.JPEG,flaking,5.MOV,4089,val
Flakings/5.MOV_20201223130541_4090.JPEG,flaking,5.MOV,4090,val
Flakings/5.MOV_20201223130541_4091.JPEG,flaking,5.MOV,4091,val
Flakings/5.MOV_20201223130541_4092.JPEG,flaking,5.MOV,4092,val
Flakings/5.MOV_20201223130541_4093.JPEG,flaking,5.MOV,4093,val
Flakings/5.MOV_20201223130541_4094.JPEG,flaking,5.MOV,4094,val
Flakings/5.MOV_20201223130541_4095.JPEG,flaking,5.MOV,4095,val
Flakings/5.MOV_20201223130541_4096.JPEG,flaking,5.MOV,4096,val
Flakings/5.MOV_20201223130541_4097.JPEG,flaking,5.MOV,4097,val
Flakings/5.MOV_20201223130541_4098.JPEG,flaking,5.MOV,4098,val
Flakings/5.MOV_20201223130541_4099.JPEG,flaking,5.MOV,4099,val
Flakings/5.MOV_20201223130541_4100.JPEG,flaking,5.MOV,4100,val
Flakings/5.MOV_20201223130541_4101.JPEG,flaking,5.MOV,4101,val
Flakings/5.MOV_20201223130541_4102.JPEG,flaking,5.MOV,4102,val
Flakings/5.MOV_20201223130541_4103.JPEG,flaking,5.MOV,4103,val
Flakings/5.MOV_20201223130541_4104.JPEG,flaking,5.MOV,4104,val
Flakings/5.MOV_20201223130541_4105.JPEG,flaking,5.MOV,4105,val
Flakings/5.MOV_20201223130541_4106.JPEG,flaking,5.MOV,4106,val
Flakings/5.MOV_20201223130541_4107.JPEG,flaking,5.MOV,4107,val
Flakings/5.MOV_20201223130541_4108.JPEG,flaking,5.MOV,4108,val
Flakings/5.MOV_20201223130541_4109.JPEG,flaking,5.MOV,4109,val
Flakings/5.MOV_20201223130541_4110.JPEG,flaking,5.MOV,4110,val
Flakings/5.MOV_20201223130541_4111.JPEG,flaking,5.MOV,4111,val
Flakings/5.MOV_20201223130541_4112.JPEG,flaking,5.MOV,4112,val
Flakings/5.MOV_20201223130541_4113.JPEG,flaking,5.MOV,4113,val
Flakings/5.MOV_20201223130541_4114.JPEG,flaking,5.MOV,4114,val
Flakings/5.MOV_20201223130541_4115.JPEG,flaking,5.MOV,4115,val
Flakings/5.MOV_20201223130541_4116.JPEG,flaking,5.MOV,4116,val
Flakings/5.MOV_20201223130541_4117.JPEG,flaking,5.MOV,4117,val
Flakings/5.MOV_20201223130541_4118.JPEG,flaking,5.MOV,4118,val
Flakings/5.MOV_20201223130541_4119.JPEG,flaking,5.MOV,4119,val
Flakings/5.MOV_20201223130541_4120.JPEG,flaking,5.MOV,4120,val
Flakings/5.MOV_20201223130541_4121.JPEG,flaking,5.MOV,4121,val
Flakings/5.MOV_20201223130541_4122.JPEG,flaking,5.MOV,4122,val
Flakings/5.MOV_20201223130541_4123.JPEG,flaking,5.MOV,4123,val
Flakings/5.MOV_20201223130541_4124.JPEG,flaking,5.MOV,4124,val
Flakings/5.MOV_20201223130541_4125.JPEG,flaking,5.MOV,4125,val
Flakings/5.MOV_20201223130541_4126.JPEG,flaking,5.MOV,4126,val
Flakings/5.MOV_20201223130541_4127.JPEG,flaking,5.MOV,4127,val
Flakings/5.MOV_20201223130541_4128.JPEG,flaking,5.MOV,4128,val
Flakings/5.MOV_20201223130541_4129.JPEG,flaking,5.MOV,4129,val
Flakings/5.MOV_20201223130541_4130.JPEG,flaking,5.MOV,4130,val
Flakings/5.MOV_20201223130541_4131.JPEG,flaking,5.MOV,4131,val
Flakings/5.MOV_20201223130541_4132.JPEG,flaking,5.MOV,4132,val
Flakings/5.MOV_20201223130541_4133.JPEG,flaking,5.MOV,4133,val
Flakings/5.MOV_20201223130541_4134.JPEG,flaking,5.MOV,4134,val
Flakings/5.MOV_20201223130541_4135.JPEG,flaking,5.MOV,4135,val
Flakings/5.MOV_20201223130541_4136.JPEG,flaking,5.MOV,4136,val
Flakings/5.MOV_20201223130541_4137.JPEG,flaking,5.MOV,4137,val
Flakings/5.MOV_20201223130541_4138.JPEG,flaking,5.MOV,4138,val
Flakings/5.MOV_20201223130541_4139.JPEG,flaking,5.MOV,4139,val
Flakings/5.MOV_20201223130541_4140.JPEG,flaking,5.MOV,4140,val
Flakings/5.MOV_20201223130541_4141.JPEG,flaking,5.MOV,4141,val
Flakings/5.MOV_20201223130541_4142.JPEG,flaking,5.MOV,4142,val
Flakings/5.MOV_20201223130541_4143.JPEG,flaking,5.MOV,4143,val
Flakings/5.MOV_20201223130541_4144.JPEG,flaking,5.MOV,4144,val
Flakings/5.MOV_20201223130541_4145.JPEG,flaking,5.MOV,4145,val
Flakings/5.MOV_20201223130541_4146.JPEG,flaking,5.MOV,4146,val
Flakings/5.MOV_20201223130541_4147.JPEG,flaking,5.MOV,4147,val
Flakings/5.MOV_20201223130541_4148.JPEG,flaking,5.MOV,4148,val
Flakings/5.MOV_20201223130541_4149.JPEG,flaking,5.MOV,4149,val
Flakings/5.MOV_20201223130541_4150.JPEG,flaking,5.MOV,4150,val
Flakings/5.MOV_20201223130541_4151.JPEG,flaking,5.MOV,4151,val
Flakings/5.MOV_20201223130541_4152.JPEG,flaking,5.MOV,4152,val
Flakings/5.MOV_20201223130541_4153.JPEG,flaking,5.MOV,4153,val
Flakings/5.MOV_20201223130541_4154.JPEG,flaking,5.MOV,4154,val
Flakings/5.MOV_20201223130541_4155.JPEG,flaking,5.MOV,4155,val
Flakings/5.MOV_20201223130541_4156.JPEG,flaking,5.MOV,4156,val
Flakings/5.MOV_20201223130541_4157.JPEG,flaking,5.MOV,4157,val
Flakings/5.MOV_20201223130541_4158.JPEG,flaking,5.MOV,4158,val
Flakings/5.MOV_20201223130541_4159.JPEG,flaking,5.MOV,4159,val
Flakings/5.MOV_20201223130541_4160.JPEG,flaking,5.MOV,4160,val
Flakings/5.MOV_20201223130541_4161.JPEG,flaking,5.MOV,4161,val
Flakings/5.MOV_20201223130541_4162.JPEG,flaking,5.MOV,4162,val
Flakings/5.MOV_20201223130541_4163.JPEG,flaking,5.MOV,4163,val
Flakings/5.MOV_20201223130541_4164.JPEG,flaking,5.MOV,4164,val
Flakings/5.MOV_20201223130541_4165.JPEG,flaking,5.MOV,4165,val
Flakings/5.MOV_20201223130541_4166.JPEG,flaking,5.MOV,4166,val
Flakings/5.MOV_20201223130541_4167.JPEG,flaking,5.MOV,4167,val
Flakings/5.MOV_20201223130541_4168.JPEG,flaking,5.MOV,4168,val
Flakings/5.MOV_20201223130541_4169.JPEG,flaking,5.MOV,4169,val
Flakings/5.MOV_20201223130541_4170.JPEG,flaking,5.MOV,4170,val
Flakings/5.MOV_20201223130541_4171.JPEG,flaking,5.MOV,4171,val
Flakings/5.MOV_20201223130541_4172.JPEG,flaking,5.MOV,4172,val
Flakings/5.MOV_20201223130541_4173.JPEG,flaking,5.MOV,4173,val
Flakings/5.MOV_20201223130541_4174.JPEG,flaking,5.MOV,4174,val
Flakings/5.MOV_20201223130541_4175.JPEG,flaking,5.MOV,4175,val
Flakings/5.MOV_20201223130541_4176.JPEG,flaking,5.MOV,4176,val
Flakings/5.MOV_20201223130541_4177.JPEG,flaking,5.MOV,4177,val
Flakings/5.MOV_20201223130541_4178.JPEG,flaking,5.MOV,4178,val
Flakings/5.MOV_20201223130541_4179.JPEG,flaking,5.MOV,4179,val
Flakings/5.MOV_20201223130541_4180.JPEG,flaking,5.MOV,4180,val
Flakings/5.MOV_20201223130541_4181.JPEG,flaking,5.MOV,4181,val
Flakings/5.MOV_20201223130541_4182.JPEG,flaking,5.MOV,4182,val
Flakings/5.MOV_20201223130541_4183.JPEG,flaking,5.MOV,4183,val
Flakings/5.MOV_20201223130541_4184.JPEG,flaking,5.MOV,4184,val
Flakings/5.MOV_20201223130541_4185.JPEG,flaking,5.MOV,4185,val
Flakings/5.MOV_20201223130541_4186.JPEG,flaking,5.MOV,4186,val
Flakings/5.MOV_20201223130541_4187.JPEG,flaking,5.MOV,4187,val
Flakings/5.MOV_20201223130541_4188.JPEG,flaking,5.MOV,4188,val
Flakings/5.MOV_20201223130541_4189.JPEG,flaking,5.MOV,4189,val
Flakings/5.MOV_20201223130541_4190.JPEG,flaking,5.MOV,4190,val
Flakings/5.MOV_20201223130541_4191.JPEG,flaking,5.MOV,4191,val
Flakings/5.MOV_20201223130541_4192.JPEG,flaking,5.MOV,4192,val
Flakings/5.MOV_20201223130541_4193.JPEG,flaking,5.MOV,4193,val
Flakings/5.MOV_20201223130541_4194.JPEG,flaking,5.MOV,4194,val
Flakings/5.MOV_20201223130541_4195.JPEG,flaking,5.MOV,4195,val
Flakings/5.MOV_20201223130541_4196.JPEG,flaking,5.MOV,4196,val
Flakings/5.MOV_20201223130541_4197.JPEG,flaking,5.MOV,4197,val
Flakings/5.MOV_20201223130541_4198.JPEG,flaking,5.MOV,4198,val
Flakings/5.MOV_20201223130541_4199.JPEG,flaking,5.MOV,4199,val
Flakings/5.MOV_20201223130541_4200.JPEG,flaking,5.MOV,4200,val
Flakings/5.MOV_20201223130541_4201.JPEG,flaking,5.MOV,4201,val
Flakings/5.MOV_20201223130541_4202.JPEG,flaking,5.MOV,4202,val
Flakings/5.MOV_20201223130541_4203.JPEG,flaking,5.MOV,4203,val
Flakings/5.MOV_20201223130541_4204.JPEG,flaking,5.MOV,4204,val
Flakings/5.MOV_20201223130541_4205.JPEG,flaking,5.MOV,4205,val
Flakings/5.MOV_20201223130541_4206.JPEG,flaking,5.MOV,4206,val
Flakings/5.MOV_20201223130541_4207.JPEG,flaking,5.MOV,4207,val
Flakings/5.MOV_20201223130541_4208.JPEG,flaking,5.MOV,4208,val
Flakings/5.MOV_20201223130541_4209.JPEG,flaking,5.MOV,4209,val
Flakings/5.MOV_20201223130541_4210.JPEG,flaking,5.MOV,4210,val
Flakings/5.MOV_20201223130541_4211.JPEG,flaking,5.MOV,4211,val
Flakings/5.MOV_20201223130541_4212.JPEG,flaking,5.MOV,4212,val
Flakings/5.MOV_20201223130541_4213.JPEG,flaking,5.MOV,4213,val
Flakings/5.MOV_20201223130541_4214.JPEG,flaking,5.MOV,4214,val
Flakings/5.MOV_20201223130541_4215.JPEG,flaking,5.MOV,4215,val
Flakings/5.MOV_20201223130541_4216.JPEG,flaking,5.MOV,4216,val
Flakings/5.MOV_20201223130541_4217.JPEG,flaking,5.MOV,4217,val
Flakings/5.MOV_20201223130541_4218.JPEG,flaking,5.MOV,4218,val
Flakings/5.MOV_20201223130541_4219.JPEG,flaking,5.MOV,4219,val
Flakings/5.MOV_20201223130541_4220.JPEG,flaking,5.MOV,4220,val
Flakings/5.MOV_20201223130541_4221.JPEG,flaking,5.MOV,4221,val
Flakings/5.MOV_20201223130541_4222.JPEG,flaking,5.MOV,4222,val
Flakings/5.MOV_20201223130541_4223.JPEG,flaking,5.MOV,4223,val
Flakings/5.MOV_20201223130541_4224.JPEG,flaking,5.MOV,4224,val
Flakings/5.MOV_20201223130541_4225.JPEG,flaking,5.MOV,4225,val
Flakings/5.MOV_20201223130541_4226.JPEG,flaking,5.MOV,4226,val
Flakings/5.MOV_20201223130541_4227.JPEG,flaking,5.MOV,4227,val
Flakings/5.MOV_20201223130541_4228.JPEG,flaking,5.MOV,4228,val
Flakings/5.MOV_20201223130541_4229.JPEG,flaking,5.MOV,4229,val
Flakings/5.MOV_20201223130541_4230.JPEG,flaking,5.MOV,4230,val
Flakings/5.MOV_20201223130541_4231.JPEG,flaking,5.MOV,4231,val
Flakings/5.MOV_20201223130541_4232.JPEG,flaking,5.MOV,4232,val
Flakings/5.MOV_20201223130541_4233.JPEG,flaking,5.MOV,4233,val
Flakings/5.MOV_20201223130541_4234.JPEG,flaking,5.MOV,4234,val
Flakings/5.MOV_20201223130541_4235.JPEG,flaking,5.MOV,4235,val
Flakings/5.MOV_20201223130541_4236.JPEG,flaking,5.MOV,4236,val
Flakings/5.MOV_20201223130541_4237.JPEG,flaking,5.MOV,4237,val
Flakings/5.MOV_20201223130541_4238.JPEG,flaking,5.MOV,4238,val
Flakings/5.MOV_20201223130541_4239.JPEG,flaking,5.MOV,4239,val
Flakings/5.MOV_20201223130541_4240.JPEG,flaking,5.MOV,4240,val
Flakings/5.MOV_20201223130541_4241.JPEG,flaking,5.MOV,4241,val
Flakings/5.MOV_20201223130541_4242.JPEG,flaking,5.MOV,4242,val
Flakings/5.MOV_20201223130541_4243.JPEG,flaking,5.MOV,4243,val
Flakings/5.MOV_20201223130541_4244.JPEG,flaking,5.MOV,4244,val
Flakings/5.MOV_20201223130541_4245.JPEG,flaking,5.MOV,4245,val
Flakings/5.MOV_20201223130541_4246.JPEG,flaking,5.MOV,4246,val
Flakings/5.MOV_20201223130541_4247.JPEG,flaking,5.MOV,4247,val
Flakings/5.MOV_20201223130541_4248.JPEG,flaking,5.MOV,4248,val
Flakings/5.MOV_20201223130541_4249.JPEG,flaking,5.MOV,4249,val
Flakings/5.MOV_20201223130541_4250.JPEG,flaking,5.MOV,4250,val
Flakings/5.MOV_20201223130541_4251.JPEG,flaking,5.MOV,4251,val
Flakings/5.MOV_20201223130541_4252.JPEG,flaking,5.MOV,4252,val
Flakings/5.MOV_20201223130541_4253.JPEG,flaking,5.MOV,4253,val
Flakings/5.MOV_20201223130541_5291.JPEG,flaking,5.MOV,5291,train
Flakings/5.MOV_20201223130541_5292.JPEG,flaking,5.MOV,5292,train
Flakings/5.MOV_20201223130541_5293.JPEG,flaking,5.MOV,5293,train
Flakings/5.MOV_20201223130541_5294.JPEG,flaking,5.MOV,5294,train
Flakings/5.MOV_20201223130541_5295.JPEG,flaking,5.MOV,5295,train
Flakings/5.MOV_20201223130541_5296.JPEG,flaking,5.MOV,5296,train
Flakings/5.MOV_20201223130541_5297.JPEG,flaking,5.MOV,5297,train
Flakings/5.MOV_20201223130541_5301.JPEG,flaking,5.MOV,5301,train
Flakings/5.MOV_20201223130541_5302.JPEG,flaking,5.MOV,5302,train
Flakings/5.MOV_20201223130541_5303.JPEG,flaking,5.MOV,5303,train
Flakings/5.MOV_20201223130541_5314.JPEG,flaking,5.MOV,5314,train
Flakings/5.MOV_20201223130541_5315.JPEG,flaking,5.MOV,5315,train
Flakings/5.MOV_20201223130541_5316.JPEG,flaking,5.MOV,5316,train
Flakings/5.MOV_20201223130541_5317.JPEG,flaking,5.MOV,5317,train
Flakings/5.MOV_20201223130541_5354.JPEG,flaking,5.MOV,5354,test
Flakings/5.MOV_20201223130541_5355.JPEG,flaking,5.MOV,5355,test
Flakings/5.MOV_20201223130541_5356.JPEG,flaking,5.MOV,5356,test
Flakings/5.MOV_20201223130541_5357.JPEG,flaking,5.MOV,5357,test
Flakings/5.MOV_20201223130541_5358.JPEG,flaking,5.MOV,5358,test
Flakings/5.MOV_20201223130541_5359.JPEG,flaking,5.MOV,5359,test
Flakings/5.MOV_20201223130541_5360.JPEG,flaking,5.MOV,5360,test
Flakings/5.MOV_20201223130541_5361.JPEG,flaking,5.MOV,5361,test
Flakings/5.MOV_20201223130541_5362.JPEG,flaking,5.MOV,5362,test
Flakings/5.MOV_20201223130541_5401.JPEG,flaking,5.MOV,5401,train
Flakings/5.MOV_20201223130541_5442.JPEG,flaking,5.MOV,5442,test
Flakings/5.MOV_20201223130541_5443.JPEG,flaking,5.MOV,5443,test
Flakings/5.MOV_20201223130541_5444.JPEG,flaking,5.MOV,5444,test
Flakings/5.MOV_20201223130541_5445.JPEG,flaking,5.MOV,5445,test
Flakings/5.MOV_20201223130541_5446.JPEG,flaking,5.MOV,5446,test
Flakings/5.MOV_20201223130541_5471.JPEG,flaking,5.MOV,5471,train
Flakings/5.MOV_20201223130541_5472.JPEG,flaking,5.MOV,5472,train
Flakings/5.MOV_20201223130541_5496.JPEG,flaking,5.MOV,5496,train
Flakings/5.MOV_20201223130541_5497.JPEG,flaking,5.MOV,5497,train
Flakings/5.MOV_20201223130541_5498.JPEG,flaking,5.MOV,5498,train
Flakings/5.MOV_20201223130541_5499.JPEG,flaking,5.MOV,5499,train
Flakings/5.MOV_20201223130541_5500.JPEG,flaking,5.MOV,5500,train
Flakings/5.MOV_20201223130541_5508.JPEG,flaking,5.MOV,5508,val
Flakings/5.MOV_20201223130541_5509.JPEG,flaking,5.MOV,5509,val
Flakings/5.MOV_20201223130541_6421.JPEG,flaking,5.MOV,6421,test
Flakings/5.MOV_20201223130541_6422.JPEG,flaking,5.MOV,6422,test
Flakings/5.MOV_20201223130541_6423.JPEG,flaking,5.MOV,6423,test
Flakings/5.MOV_20201223130541_6424.JPEG,flaking,5.MOV,6424,test
Flakings/5.MOV_20201223130541_6604.JPEG,flaking,5.MOV,6604,train
Flakings/5.MOV_20201223130541_6605.JPEG,flaking,5.MOV,6605,train
Flakings/5.MOV_20201223130541_6606.JPEG,flaking,5.MOV,6606,train
Flakings/5.MOV_20201223130541_6607.JPEG,flaking,5.MOV,6607,train
Flakings/5.MOV_20201223130541_6608.JPEG,flaking,5.MOV,6608,train
Flakings/5.MOV_20201223130541_6609.JPEG,flaking,5.MOV,6609,train
Flakings/5.MOV_20201223130541_6610.JPEG,flaking,5.MOV,6610,train
Flakings/5.MOV_20201223130541_6611.JPEG,flaking,5.MOV,6611,train
Flakings/5.MOV_20201223130541_6612.JPEG,flaking,5.MOV,6612,train
Flakings/5.MOV_20201223130541_6613.JPEG,flaking,5.MOV,6613,train
Flakings/5.MOV_20201223130541_6614.JPEG,flaking,5.MOV,6614,train
Flakings/5.MOV_20201223130541_6797.JPEG,flaking,5.MOV,6797,train
Flakings/5.MOV_20201223130541_6798.JPEG,flaking,5.MOV,6798,train
Flakings/5.MOV_20201223130541_6799.JPEG,flaking,5.MOV,6799,train
Flakings/5.MOV_20201223130541_6800.JPEG,flaking,5.MOV,6800,train
Flakings/5.MOV_20201223130541_6801.JPEG,flaking,5.MOV,6801,train
Flakings/5.MOV_20201223130541_6802.JPEG,flaking,5.MOV,6802,train
Flakings/5.MOV_20201223130541_6803.JPEG,flaking,5.MOV,6803,train
Flakings/5.MOV_20201223130541_6804.JPEG,flaking,5.MOV,6804,train
Flakings/5.MOV_20201223130541_6805.JPEG,flaking,5.MOV,6805,train
Flakings/5.MOV_20201223130541_6806.JPEG,flaking,5.MOV,6806,train
Flakings/5.MOV_20201223130541_6807.JPEG,flaking,5.MOV,6807,train
Flakings/5.MOV_20201223130541_6808.JPEG,flaking,5.MOV,6808,train
Flakings/5.MOV_20201223130541_6809.JPEG,flaking,5.MOV,6809,train
Flakings/5.MOV_20201223130541_6810.JPEG,flaking,5.MOV,6810,train
Flakings/5.MOV_20201223130541_6811.JPEG,flaking,5.MOV,6811,train
Flakings/5.MOV_20201223130541_6812.JPEG,flaking,5.MOV,6812,train
Flakings/5.MOV_20201223130541_6813.JPEG,flaking,5.MOV,6813,train
Flakings/5.MOV_20201223130541_6814.JPEG,flaking,5.MOV,6814,train
Flakings/5.MOV_20201223130541_6815.JPEG,flaking,5.MOV,6815,train
Flakings/5.MOV_20201223130541_6816.JPEG,flaking,5.MOV,6816,train
Flakings/5.MOV_20201223130541_6817.JPEG,flaking,5.MOV,6817,train
Flakings/5.MOV_20201223130541_6818.JPEG,flaking,5.MOV,6818,train
Flakings/5.MOV_20201223130541_6819.JPEG,flaking,5.MOV,6819,train
Flakings/5.MOV_20201223130541_6820.JPEG,flaking,5.MOV,6820,train
Flakings/5.MOV_20201223130541_6821.JPEG,flaking,5.MOV,6821,train
Flakings/5.MOV_20201223130541_6822.JPEG,flaking,5.MOV,6822,train
Flakings/5.MOV_20201223130541_6823.JPEG,flaking,5.MOV,6823,train
Flakings/5.MOV_20201223130541_6824.JPEG,flaking,5.MOV,6824,train
Flakings/5.MOV_20201223130541_6825.JPEG,flaking,5.MOV,6825,train
Flakings/5.MOV_20201223130541_6826.JPEG,flaking,5.MOV,6826,train
Flakings/5.MOV_20201223130541_6827.JPEG,flaking,5.MOV,6827,train
Flakings/5.MOV_20201223130541_6828.JPEG,flaking,5.MOV,6828,train
Flakings/5.MOV_20201223130541_6829.JPEG,flaking,5.MOV,6829,train
Flakings/5.MOV_20201223130541_6830.JPEG,flaking,5.MOV,6830,train
Flakings/5.MOV_20201223130541_6831.JPEG,flaking,5.MOV,6831,train
Flakings/5.MOV_20201223130541_6832.JPEG,flaking,5.MOV,6832,train
Flakings/5.MOV_20201223130541_6833.JPEG,flaking,5.MOV,6833,train
Flakings/5.MOV_20201223130541_6834.JPEG,flaking,5.MOV,6834,train
Flakings/5.MOV_20201223130541_6835.JPEG,flaking,5.MOV,6835,train
Flakings/5.MOV_20201223130541_6836.JPEG,flaking,5.MOV,6836,train
Flakings/5.MOV_20201223130541_6837.JPEG,flaking,5.MOV,6837,train
Flakings/5.MOV_20201223130541_6878.JPEG,flaking,5.MOV,6878,val
Flakings/5.MOV_20201223130541_6879.JPEG,flaking,5.MOV,6879,val
Flakings/5.MOV_20201223130541_6880.JPEG,flaking,5.MOV,6880,val
Flakings/5.MOV_20201223130541_6881.JPEG,flaking,5.MOV,6881,val
Flakings/5.MOV_20201223130541_6882.JPEG,flaking,5.MOV,6882,val
Flakings/5.MOV_20201223130541_6883.JPEG,flaking,5.MOV,6883,val
Flakings/5.MOV_20201223130541_6884.JPEG,flaking,5.MOV,6884,val
Flakings/5.MOV_20201223130541_6885.JPEG,flaking,5.MOV,6885,val
Flakings/5.MOV_20201223130541_6886.JPEG,flaking,5.MOV,6886,val
Flakings/5.MOV_20201223130541_6887.JPEG,flaking,5.MOV,6887,val
Flakings/5.MOV_20201223130541_6888.JPEG,flaking,5.MOV,6888,val
Flakings/5.MOV_20201223130541_6889.JPEG,flaking,5.MOV,6889,val
Flakings/5.MOV_20201223130541_6890.JPEG,flaking,5.MOV,6890,val
Flakings/5.MOV_20201223130541_6891.JPEG,flaking,5.MOV,6891,val
Flakings/5.MOV_20201223130541_6892.JPEG,flaking,5.MOV,6892,val
Flakings/5.MOV_20201223130541_6893.JPEG,flaking,5.MOV,6893,val
Flakings/5.MOV_20201223130541_6894.JPEG,flaking,5.MOV,6894,val
Flakings/5.MOV_20201223130541_6923.JPEG,flaking,5.MOV,6923,test
Flakings/5.MOV_20201223130541_6924.JPEG,flaking,5.MOV,6924,test
Flakings/5.MOV_20201223130541_6925.JPEG,flaking,5.MOV,6925,test
Flakings/5.MOV_20201223130541_6926.JPEG,flaking,5.MOV,6926,test
Flakings/5.MOV_20201223130541_6927.JPEG,flaking,5.MOV,6927,test
Flakings/5.MOV_20201223130541_6928.JPEG,flaking,5.MOV,6928,test
Flakings/5.MOV_20201223130541_6929.JPEG,flaking,5.MOV,6929,test
Flakings/5.MOV_20201223130541_6930.JPEG,flaking,5.MOV,6930,test
Flakings/5.MOV_20201223130541_6931.JPEG,flaking,5.MOV,6931,test
Flakings/5.MOV_20201223130541_6932.JPEG,flaking,5.MOV,6932,test
Flakings/5.MOV_20201223130541_6933.JPEG,flaking,5.MOV,6933,test
Flakings/5.MOV_20201223130541_6934.JPEG,flaking,5.MOV,6934,test
Flakings/5.MOV_20201223130541_6935.JPEG,flaking,5.MOV,6935,test
Flakings/5.MOV_20201223130541_6936.JPEG,flaking,5.MOV,6936,test
Flakings/5.MOV_20201223130541_6937.JPEG,flaking,5.MOV,6937,test
Flakings/5.MOV_20201223130541_6938.JPEG,flaking,5.MOV,6938,test
Flakings/5.MOV_20201223130541_6939.JPEG,flaking,5.MOV,6939,test
Flakings/5.MOV_20201223130541_6940.JPEG,flaking,5.MOV,6940,test
Flakings/5.MOV_20201223130541_6941.JPEG,flaking,5.MOV,6941,test
Flakings/5.MOV_20201223130541_6952.JPEG,flaking,5.MOV,6952,train
Flakings/5.MOV_20201223130541_6953.JPEG,flaking,5.MOV,6953,train
Flakings/5.MOV_20201223130541_6954.JPEG,flaking,5.MOV,6954,train
Flakings/5.MOV_20201223130541_6955.JPEG,flaking,5.MOV,6955,train
Flakings/5.MOV_20201223130541_6956.JPEG,flaking,5.MOV,6956,train
Flakings/5.MOV_20201223130541_6957.JPEG,flaking,5.MOV,6957,train
Flakings/5.MOV_20201223130541_6958.JPEG,flaking,5.MOV,6958,train
Flakings/5.MOV_20201223130541_6959.JPEG,flaking,5.MOV,6959,train
Flakings/5.MOV_20201223130541_6960.JPEG,flaking,5.MOV,6960,train
Flakings/5.MOV_20201223130541_6961.JPEG,flaking,5.MOV,6961,train
Flakings/5.MOV_20201223130541_6962.JPEG,flaking,5.MOV,6962,train
Flakings/5.MOV_20201223130541_6963.JPEG,flaking,5.MOV,6963,train
Flakings/5.MOV_20201223130541_6964.JPEG,flaking,5.MOV,6964,train
Flakings/5.MOV_20201223130541_6965.JPEG,flaking,5.MOV,6965,train
Flakings/5.MOV_20201223130541_6966.JPEG,flaking,5.MOV,6966,train
Flakings/5.MOV_20201223130541_6994.JPEG,flaking,5.MOV,6994,train
Flakings/5.MOV_20201223130541_6995.JPEG,flaking,5.MOV,6995,train
Flakings/5.MOV_20201223130541_6996.JPEG,flaking,5.MOV,6996,train
Flakings/5.MOV_20201223130541_6997.JPEG,flaking,5.MOV,6997,train
Flakings/5.MOV_20201223130541_6998.JPEG,flaking,5.MOV,6998,train
Flakings/5.MOV_20201223130541_6999.JPEG,flaking,5.MOV,6999,train
Flakings/5.MOV_20201223130541_7000.JPEG,flaking,5.MOV,7000,train
Flakings/5.MOV_20201223130541_7001.JPEG,flaking,5.MOV,7001,train
Flakings/5.MOV_20201223130541_7002.JPEG,flaking,5.MOV,7002,train
Flakings/5.MOV_20201223130541_7003.JPEG,flaking,5.MOV,7003,train
Flakings/5.MOV_20201223130541_7004.JPEG,flaking,5.MOV,7004,train
Flakings/5.MOV_20201223130541_7005.JPEG,flaking,5.MOV,7005,train
Flakings/5.MOV_20201223130541_7006.JPEG,flaking,5.MOV,7006,train
Flakings/5.MOV_20201223130541_7007.JPEG,flaking,5.MOV,7007,train
Flakings/5.MOV_20201223130541_7008.JPEG,flaking,5.MOV,7008,train
Flakings/5.MOV_20201223130541_7009.JPEG,flaking,5.MOV,7009,train
Flakings/5.MOV_20201223130541_7010.JPEG,flaking,5.MOV,7010,train
Flakings/5.MOV_20201223130541_7011.JPEG,flaking,5.MOV,7011,train
Flakings/5.MOV_20201223130541_7012.JPEG,flaking,5.MOV,7012,train
Flakings/5.MOV_20201223130541_7013.JPEG,flaking,5.MOV,7013,train
Flakings/5.MOV_20201223130541_7022.JPEG,flaking,5.MOV,7022,train
Flakings/5.MOV_20201223130541_7023.JPEG,flaking,5.MOV,7023,train
Flakings/5.MOV_20201223130541_7024.JPEG,flaking,5.MOV,7024,train
Flakings/5.MOV_20201223130541_7025.JPEG,flaking,5.MOV,7025,train
Flakings/5.MOV_20201223130541_7150.JPEG,flaking,5.MOV,7150,train
Flakings/5.MOV_20201223130541_7151.JPEG,flaking,5.MOV,7151,train
Flakings/5.MOV_20201223130541_7152.JPEG,flaking,5.MOV,7152,train
Flakings/5.MOV_20201223130541_7153.JPEG,flaking,5.MOV,7153,train
Flakings/5.MOV_20201223130541_7154.JPEG,flaking,5.MOV,7154,train
Flakings/5.MOV_20201223130541_7155.JPEG,flaking,5.MOV,7155,train
Flakings/5.MOV_20201223130541_7156.JPEG,flaking,5.MOV,7156,train
Flakings/5.MOV_20201223130541_7157.JPEG,flaking,5.MOV,7157,train
Flakings/5.MOV_20201223130541_7158.JPEG,flaking,5.MOV,7158,train
Flakings/5.MOV_20201223130541_7159.JPEG,flaking,5.MOV,7159,train
Flakings/5.MOV_20201223130541_7160.JPEG,flaking,5.MOV,7160,train
Flakings/5.MOV_20201223130541_7161.JPEG,flaking,5.MOV,7161,train
Flakings/5.MOV_20201223130541_7162.JPEG,flaking,5.MOV,7162,train
Flakings/5.MOV_20201223130541_7163.JPEG,flaking,5.MOV,7163,train
Flakings/5.MOV_20201223130541_7164.JPEG,flaking,5.MOV,7164,train
Flakings/5.MOV_20201223130541_7165.JPEG,flaking,5.MOV,7165,train
Flakings/5.MOV_20201223130541_7166.JPEG,flaking,5.MOV,7166,train
Flakings/5.MOV_20201223130541_7167.JPEG,flaking,5.MOV,7167,train
Flakings/5.MOV_20201223130541_7168.JPEG,flaking,5.MOV,7168,train
Flakings/5.MOV_20201223130541_7169.JPEG,flaking,5.MOV,7169,train
Flakings/5.MOV_20201223130541_7170.JPEG,flaking,5.MOV,7170,train
Flakings/5.MOV_20201223130541_7171.JPEG,flaking,5.MOV,7171,train
Flakings/5.MOV_20201223130541_7172.JPEG,flaking,5.MOV,7172,train
Flakings/5.MOV_20201223130541_7173.JPEG,flaking,5.MOV,7173,train
Flakings/5.MOV_20201223130541_7174.JPEG,flaking,5.MOV,7174,train
Flakings/5.MOV_20201223130541_7175.JPEG,flaking,5.MOV,7175,train
Flakings/5.MOV_20201223130541_7176.JPEG,flaking,5.MOV,7176,train
Flakings/5.MOV_20201223130541_7177.JPEG,flaking,5.MOV,7177,train
Flakings/5.MOV_20201223130541_7309.JPEG,flaking,5.MOV,7309,train
Flakings/5.MOV_20201223130541_7310.JPEG,flaking,5.MOV,7310,train
Flakings/5.MOV_20201223130541_7311.JPEG,flaking,5.MOV,7311,train
Flakings/5.MOV_20201223130541_7312.JPEG,flaking,5.MOV,7312,train
Flakings/5.MOV_20201223130541_7318.JPEG,flaking,5.MOV,7318,train
Flakings/5.MOV_20201223130541_7319.JPEG,flaking,5.MOV,7319,train
Flakings/5.MOV_20201223130541_7320.JPEG,flaking,5.MOV,7320,train
Flakings/5.MOV_20201223130541_7321.JPEG,flaking,5.MOV,7321,train
Flakings/5.MOV_20201223130541_7322.JPEG,flaking,5.MOV,7322,train
Flakings/5.MOV_20201223130541_7323.JPEG,flaking,5.MOV,7323,train
Flakings/5.MOV_20201223130541_7324.JPEG,flaking,5.MOV,7324,train
Flakings/5.MOV_20201223130541_7325.JPEG,flaking,5.MOV,7325,train
Flakings/5.MOV_20201223130541_7326.JPEG,flaking,5.MOV,7326,train
Flakings/5.MOV_20201223130541_7327.JPEG,flaking,5.MOV,7327,train
Flakings/5.MOV_20201223130541_7328.JPEG,flaking,5.MOV,7328,train
Flakings/5.MOV_20201223130541_7329.JPEG,flaking,5.MOV,7329,train
Flakings/5.MOV_20201223130541_7330.JPEG,flaking,5.MOV,7330,train
Flakings/5.MOV_20201223130541_7331.JPEG,flaking,5.MOV,7331,train
Flakings/5.MOV_20201223130541_7332.JPEG,flaking,5.MOV,7332,train
Flakings/5.MOV_20201223130541_7333.JPEG,flaking,5.MOV,7333,train
Flakings/5.MOV_20201223130541_7334.JPEG,flaking,5.MOV,7334,train
Flakings/5.MOV_20201223130541_7335.JPEG,flaking,5.MOV,7335,train
Flakings/5.MOV_20201223130541_7336.JPEG,flaking,5.MOV,7336,train
Flakings/5.MOV_20201223130541_7337.JPEG,flaking,5.MOV,7337,train
Flakings/5.MOV_20201223130541_7338.JPEG,flaking,5.MOV,7338,train
Flakings/5.MOV_20201223130541_7339.JPEG,flaking,5.MOV,7339,train
Flakings/5.MOV_20201223130541_7340.JPEG,flaking,5.MOV,7340,train
Flakings/5.MOV_20201223130541_7341.JPEG,flaking,5.MOV,7341,train
Flakings/5.MOV_20201223130541_7342.JPEG,flaking,5.MOV,7342,train
Flakings/5.MOV_20201223130541_7343.JPEG,flaking,5.MOV,7343,train
Flakings/5.MOV_20201223130541_7344.JPEG,flaking,5.MOV,7344,train
Flakings/5.MOV_20201223130541_7345.JPEG,flaking,5.MOV,7345,train
Flakings/5.MOV_20201223130541_7346.JPEG,flaking,5.MOV,7346,train
Flakings/5.MOV_20201223130541_7347.JPEG,flaking,5.MOV,7347,train
Flakings/5.MOV_20201223130541_7348.JPEG,flaking,5.MOV,7348,train
Flakings/5.MOV_20201223130541_7349.JPEG,flaking,5.MOV,7349,train
Flakings/5.MOV_20201223130541_7350.JPEG,flaking,5.MOV,7350,train
Flakings/5.MOV_20201223130541_7351.JPEG,flaking,5.MOV,7351,train
Flakings/5.MOV_20201223130541_7352.JPEG,flaking,5.MOV,7352,train
Flakings/5.MOV_20201223130541_7366.JPEG,flaking,5.MOV,7366,train
Flakings/5.MOV_20201223130541_7367.JPEG,flaking,5.MOV,7367,train
Flakings/5.MOV_20201223130541_7368.JPEG,flaking,5.MOV,7368,train
Flakings/5.MOV_20201223130541_7369.JPEG,flaking,5.MOV,7369,train
Flakings/5.MOV_20201223130541_7370.JPEG,flaking,5.MOV,7370,train
Flakings/5.MOV_20201223130541_7605.JPEG,flaking,5.MOV,7605,train
Flakings/5.MOV_20201223130541_7606.JPEG,flaking,5.MOV,7606,train
Flakings/5.MOV_20201223130541_7607.JPEG,flaking,5.MOV,7607,train
Flakings/5.MOV_20201223130541_7608.JPEG,flaking,5.MOV,7608,train
Flakings/5.MOV_20201223130541_7609.JPEG,flaking,5.MOV,7609,train
Flakings/5.MOV_20201223130541_7610.JPEG,flaking,5.MOV,7610,train
Flakings/5.MOV_20201223130541_7611.JPEG,flaking,5.MOV,7611,train
Flakings/5.MOV_20201223130541_7612.JPEG,flaking,5.MOV,7612,train
Flakings/5.MOV_20201223130541_7865.JPEG,flaking,5.MOV,7865,train
Flakings/5.MOV_20201223130541_7866.JPEG,flaking,5.MOV,7866,train
Flakings/5.MOV_20201223130541_7867.JPEG,flaking,5.MOV,7867,train
Flakings/5.MOV_20201223130541_7868.JPEG,flaking,5.MOV,7868,train
Flakings/5.MOV_20201223130541_7869.JPEG,flaking,5.MOV,7869,train
Flakings/5.MOV_20201223130541_7870.JPEG,flaking,5.MOV,7870,train
Flakings/5.MOV_20201223130541_7871.JPEG,flaking,5.MOV,7871,train
Flakings/5.MOV_20201223130541_7906.JPEG,flaking,5.MOV,7906,val
Flakings/5.MOV_20201223130541_7907.JPEG,flaking,5.MOV,7907,val
Flakings/5.MOV_20201223130541_7908.JPEG,flaking,5.MOV,7908,val
Flakings/5.MOV_20201223130541_7909.JPEG,flaking,5.MOV,7909,val
Flakings/5.MOV_20201223130541_7910.JPEG,flaking,5.MOV,7910,val
Flakings/5.MOV_20201223130541_7911.JPEG,flaking,5.MOV,7911,val
Flakings/5.MOV_20201223130541_7912.JPEG,flaking,5.MOV,7912,val
Flakings/5.MOV_20201223130541_7913.JPEG,flaking,5.MOV,7913,val
Flakings/5.MOV_20201223130541_7914.JPEG,flaking,5.MOV,7914,val
Flakings/5.MOV_20201223130541_7915.JPEG,flaking,5.MOV,7915,val
Flakings/5.MOV_20201223130541_7916.JPEG,flaking,5.MOV,7916,val
Flakings/5.MOV_20201223130541_7917.JPEG,flaking,5.MOV,7917,val
Flakings/5.MOV_20201223130541_7918.JPEG,flaking,5.MOV,7918,val
Flakings/5.MOV_20201223130541_7919.JPEG,flaking,5.MOV,7919,val
Flakings/5.MOV_20201223130541_8153.JPEG,flaking,5.MOV,8153,train
Flakings/5.MOV_20201223130541_8154.JPEG,flaking,5.MOV,8154,train
Flakings/5.MOV_20201223130541_8155.JPEG,flaking,5.MOV,8155,train
Flakings/5.MOV_20201223130541_8156.JPEG,flaking,5.MOV,8156,train
Flakings/5.MOV_20201223130541_8157.JPEG,flaking,5.MOV,8157,train
Flakings/5.MOV_20201223130541_8158.JPEG,flaking,5.MOV,8158,train
Flakings/5.MOV_20201223130541_8159.JPEG,flaking,5.MOV,8159,train
Flakings/5.MOV_20201223130541_8160.JPEG,flaking,5.MOV,8160,train
Flakings/5.MOV_20201223130541_8161.JPEG,flaking,5.MOV,8161,train
Flakings/5.MOV_20201223130541_8162.JPEG,flaking,5.MOV,8162,train
Flakings/5.MOV_20201223130541_8163.JPEG,flaking,5.MOV,8163,train
Flakings/5.MOV_20201223130541_8164.JPEG,flaking,5.MOV,8164,train
Flakings/5.MOV_20201223130541_8165.JPEG,flaking,5.MOV,8165,train
Flakings/5.MOV_20201223130541_8222.JPEG,flaking,5.MOV,8222,test
Flakings/5.MOV_20201223130541_8223.JPEG,flaking,5.MOV,8223,test
Flakings/5.MOV_20201223130541_8224.JPEG,flaking,5.MOV,8224,test
Flakings/5.MOV_20201223130541_8243.JPEG,flaking,5.MOV,8243,val
Flakings/5.MOV_20201223130541_8244.JPEG,flaking,5.MOV,8244,val
Flakings/5.MOV_20201223130541_8245.JPEG,flaking,5.MOV,8245,val
Flakings/5.MOV_20201223130541_8246.JPEG,flaking,5.MOV,8246,val
Flakings/5.MOV_20201223130541_8247.JPEG,flaking,5.MOV,8247,val
Flakings/5.MOV_20201223130541_8248.JPEG,flaking,5.MOV,8248,val
Flakings/5.MOV_20201223130541_8249.JPEG,flaking,5.MOV,8249,val
Flakings/5.MOV_20201223130541_8250.JPEG,flaking,5.MOV,8250,val
Flakings/5.MOV_20201223130541_8251.JPEG,flaking,5.MOV,8251,val
Flakings/5.MOV_20201223130541_8252.JPEG,flaking,5.MOV,8252,val
Flakings/5.MOV_20201223130541_8253.JPEG,flaking,5.MOV,8253,val
Flakings/5.MOV_20201223130541_8254.JPEG,flaking,5.MOV,8254,val
Flakings/5.MOV_20201223130541_8255.JPEG,flaking,5.MOV,8255,val
Flakings/5.MOV_20201223130541_8256.JPEG,flaking,5.MOV,8256,val
Flakings/5.MOV_20201223130541_8257.JPEG,flaking,5.MOV,8257,val
Flakings/5.MOV_20201223130541_8258.JPEG,flaking,5.MOV,8258,val
Flakings/5.MOV_20201223130541_8259.JPEG,flaking,5.MOV,8259,val
Flakings/5.MOV_20201223130541_8260.JPEG,flaking,5.MOV,8260,val
Flakings/5.MOV_20201223130541_8261.JPEG,flaking,5.MOV,8261,val
Flakings/5.MOV_20201223130541_8262.JPEG,flaking,5.MOV,8262,val
Flakings/5.MOV_20201223130541_8263.JPEG,flaking,5.MOV,8263,val
Flakings/5.MOV_20201223130541_8264.JPEG,flaking,5.MOV,8264,val
Flakings/5.MOV_20201223130541_8265.JPEG,flaking,5.MOV,8265,val
Flakings/7.MOV_20201228114152_5081.JPEG,flaking,7.MOV,5081,train
Flakings/7.MOV_20201228114152_5082.JPEG,flaking,7.MOV,5082,train
Flakings/7.MOV_20201228114152_5083.JPEG,flaking,7.MOV,5083,train
Flakings/7.MOV_20201228114152_5084.JPEG,flaking,7.MOV,5084,train
Flakings/7.MOV_20201228114152_5085.JPEG,flaking,7.MOV,5085,train
Flakings/7.MOV_20201228114152_5086.JPEG,flaking,7.MOV,5086,train
Flakings/7.MOV_20201228114152_5087.JPEG,flaking,7.MOV,5087,train
Flakings/7.MOV_20201228114152_5088.JPEG,flaking,7.MOV,5088,train
Flakings/7.MOV_20201228114152_5089.JPEG,flaking,7.MOV,5089,train
Flakings/7.MOV_20201228114152_5090.JPEG,flaking,7.MOV,5090,train
Flakings/7.MOV_20201228114152_5091.JPEG,flaking,7.MOV,5091,train
Flakings/7.MOV_20201228114152_5092.JPEG,flaking,7.MOV,5092,train
Flakings/7.MOV_20201228114152_5093.JPEG,flaking,7.MOV,5093,train
Flakings/7.MOV_20201228114152_5094.JPEG,flaking,7.MOV,5094,train
Flakings/7.MOV_20201228114152_5095.JPEG,flaking,7.MOV,5095,train
Flakings/7.MOV_20201228114152_5096.JPEG,flaking,7.MOV,5096,train
Flakings/7.MOV_20201228114152_5097.JPEG,flaking,7.MOV,5097,train
Flakings/7.MOV_20201228114152_5098.JPEG,flaking,7.MOV,5098,train
Flakings/7.MOV_20201228114152_5099.JPEG,flaking,7.MOV,5099,train
Flakings/7.MOV_20201228114152_5100.JPEG,flaking,7.MOV,5100,train
Flakings/7.MOV_20201228114152_5101.JPEG,flaking,7.MOV,5101,train
Flakings/7.MOV_20201228114152_5102.JPEG,flaking,7.MOV,5102,train
Flakings/7.MOV_20201228114152_5103.JPEG,flaking,7.MOV,5103,train
Flakings/7.MOV_20201228114152_5104.JPEG,flaking,7.MOV,5104,train
Flakings/7.MOV_20201228114152_5105.JPEG,flaking,7.MOV,5105,train
Flakings/7.MOV_20201228114152_5106.JPEG,flaking,7.MOV,5106,train
Flakings/7.MOV_20201228114152_5107.JPEG,flaking,7.MOV,5107,train
Flakings/7.MOV_20201228114152_5108.JPEG,flaking,7.MOV,5108,train
Flakings/7.MOV_20201228114152_5109.JPEG,flaking,7.MOV,5109,train
Flakings/7.MOV_20201228114152_5110.JPEG,flaking,7.MOV,5110,train
Flakings/7.MOV_20201228114152_5111.JPEG,flaking,7.MOV,5111,train
Flakings/7.MOV_20201228114152_5112.JPEG,flaking,7.MOV,5112,train
Flakings/7.MOV_20201228114152_5113.JPEG,flaking,7.MOV,5113,train
Flakings/7.MOV_20201228114152_5114.JPEG,flaking,7.MOV,5114,train
Flakings/7.MOV_20201228114152_5115.JPEG,flaking,7.MOV,5115,train
Flakings/7.MOV_20201228114152_5116.JPEG,flaking,7.MOV,5116,train
Flakings/7.MOV_20201228114152_5117.JPEG,flaking,7.MOV,5117,train
Flakings/7.MOV_20201228114152_5118.JPEG,flaking,7.MOV,5118,train
Flakings/7.MOV_20201228114152_5119.JPEG,flaking,7.MOV,5119,train
Flakings/7.MOV_20201228114152_5120.JPEG,flaking,7.MOV,5120,train
Flakings/7.MOV_20201228114152_5121.JPEG,flaking,7.MOV,5121,train
Flakings/7.MOV_20201228114152_5122.JPEG,flaking,7.MOV,5122,train
Flakings/7.MOV_20201228114152_5123.JPEG,flaking,7.MOV,5123,train
Flakings/7.MOV_20201228114152_5124.JPEG,flaking,7.MOV,5124,train
Flakings/7.MOV_20201228114152_5125.JPEG,flaking,7.MOV,5125,train
Flakings/7.MOV_20201228114152_5126.JPEG,flaking,7.MOV,5126,train
Flakings/7.MOV_20201228114152_5127.JPEG,flaking,7.MOV,5127,train
Flakings/7.MOV_20201228114152_5128.JPEG,flaking,7.MOV,5128,train
Flakings/7.MOV_20201228114152_5129.JPEG,flaking,7.MOV,5129,train
Flakings/7.MOV_20201228114152_5130.JPEG,flaking,7.MOV,5130,train
Flakings/7.MOV_20201228114152_5131.JPEG,flaking,7.MOV,5131,train
Flakings/7.MOV_20201228114152_5132.JPEG,flaking,7.MOV,5132,train
Flakings/7.MOV_20201228114152_5133.JPEG,flaking,7.MOV,5133,train
Flakings/7.MOV_20201228114152_5134.JPEG,flaking,7.MOV,5134,train
Flakings/7.MOV_20201228114152_5135.JPEG,flaking,7.MOV,5135,train
Flakings/7.MOV_20201228114152_5136.JPEG,flaking,7.MOV,5136,train
Flakings/7.MOV_20201228114152_5137.JPEG,flaking,7.MOV,5137,train
Flakings/7.MOV_20201228114152_5138.JPEG,flaking,7.MOV,5138,train
Flakings/7.MOV_20201228114152_5139.JPEG,flaking,7.MOV,5139,train
Flakings/7.MOV_20201228114152_5140.JPEG,flaking,7.MOV,5140,train
Flakings/7.MOV_20201228114152_5848.JPEG,flaking,7.MOV,5848,test
Flakings/7.MOV_20201228114152_5857.JPEG,flaking,7.MOV,5857,test
Flakings/7.MOV_20201228114152_5858.JPEG,flaking,7.MOV,5858,test
Flakings/7.MOV_20201228114152_5860.JPEG,flaking,7.MOV,5860,test
Flakings/7.MOV_20201228114152_5861.JPEG,flaking,7.MOV,5861,test
Flakings/7.MOV_20201228114152_5862.JPEG,flaking,7.MOV,5862,test
Flakings/7.MOV_20201228114152_5863.JPEG,flaking,7.MOV,5863,test
Flakings/7.MOV_20201228114152_5864.JPEG,flaking,7.MOV,5864,test
Flakings/7.MOV_20201228114152_5865.JPEG,flaking,7.MOV,5865,test
Flakings/7.MOV_20201228114152_5866.JPEG,flaking,7.MOV,5866,test
Flakings/7.MOV_20201228114152_5867.JPEG,flaking,7.MOV,5867,test
Flakings/7.MOV_20201228114152_5868.JPEG,flaking,7.MOV,5868,test
Flakings/7.MOV_20201228114152_5869.JPEG,flaking,7.MOV,5869,test
Flakings/7.MOV_20201228114152_5870.JPEG,flaking,7.MOV,5870,test
Flakings/7.MOV_20201228114152_5871.JPEG,flaking,7.MOV,5871,test
Flakings/7.MOV_20201228114152_5872.JPEG,flaking,7.MOV,5872,test
Flakings/7.MOV_20201228114152_5873.JPEG,flaking,7.MOV,5873,test
Flakings/7.MOV_20201228114152_5874.JPEG,flaking,7.MOV,5874,test
Flakings/7.MOV_20201228114152_5890.JPEG,flaking,7.MOV,5890,train
Flakings/7.MOV_20201228114152_5891.JPEG,flaking,7.MOV,5891,train
Flakings/7.MOV_20201228114152_5896.JPEG,flaking,7.MOV,5896,train
Flakings/7.MOV_20201228114152_5897.JPEG,flaking,7.MOV,5897,train
Flakings/7.MOV_20201228114152_5898.JPEG,flaking,7.MOV,5898,train
Flakings/7.MOV_20201228114152_5899.JPEG,flaking,7.MOV,5899,train
Flakings/7.MOV_20201228114152_5900.JPEG,flaking,7.MOV,5900,train
Flakings/7.MOV_20201228114152_5901.JPEG,flaking,7.MOV,5901,train
Flakings/7.MOV_20201228114152_5902.JPEG,flaking,7.MOV,5902,train
Flakings/7.MOV_20201228114152_5903.JPEG,flaking,7.MOV,5903,train
Flakings/7.MOV_20201228114152_5904.JPEG,flaking,7.MOV,5904,train
Flakings/7.MOV_20201228114152_5905.JPEG,flaking,7.MOV,5905,train
Flakings/7.MOV_20201228114152_5906.JPEG,flaking,7.MOV,5906,train
Flakings/7.MOV_20201228114152_5907.JPEG,flaking,7.MOV,5907,train
Flakings/7.MOV_20201228114152_5908.JPEG,flaking,7.MOV,5908,train
Flakings/7.MOV_20201228114152_5909.JPEG,flaking,7.MOV,5909,train
Flakings/7.MOV_20201228114152_5910.JPEG,flaking,7.MOV,5910,train
Flakings/7.MOV_20201228114152_5911.JPEG,flaking,7.MOV,5911,train
Flakings/7.MOV_20201228114152_5912.JPEG,flaking,7.MOV,5912,train
Flakings/7.MOV_20201228114152_5913.JPEG,flaking,7.MOV,5913,train
Flakings/7.MOV_20201228114152_5914.JPEG,flaking,7.MOV,5914,train
Flakings/7.MOV_20201228114152_5915.JPEG,flaking,7.MOV,5915,train
Flakings/7.MOV_20201228114152_5916.JPEG,flaking,7.MOV,5916,train
Flakings/7.MOV_20201228114152_5917.JPEG,flaking,7.MOV,5917,train
Flakings/7.MOV_20201228114152_5918.JPEG,flaking,7.MOV,5918,train
Flakings/7.MOV_20201228114152_5919.JPEG,flaking,7.MOV,5919,train
Flakings/7.MOV_20201228114152_5920.JPEG,flaking,7.MOV,5920,train
Flakings/7.MOV_20201228114152_5921.JPEG,flaking,7.MOV,5921,train
Flakings/7.MOV_20201228114152_5922.JPEG,flaking,7.MOV,5922,train
Flakings/7.MOV_20201228114152_5974.JPEG,flaking,7.MOV,5974,train
Flakings/7.MOV_20201228114152_5975.JPEG,flaking,7.MOV,5975,train
Flakings/7.MOV_20201228114152_5976.JPEG,flaking,7.MOV,5976,train
Flakings/7.MOV_20201228114152_5977.JPEG,flaking,7.MOV,5977,train
Flakings/7.MOV_20201228114152_5978.JPEG,flaking,7.MOV,5978,train
Flakings/7.MOV_20201228114152_5979.JPEG,flaking,7.MOV,5979,train
Flakings/7.MOV_20201228114152_5980.JPEG,flaking,7.MOV,5980,train
Flakings/7.MOV_20201228114152_5981.JPEG,flaking,7.MOV,5981,train
Flakings/7.MOV_20201228114152_5982.JPEG,flaking,7.MOV,5982,train
Flakings/7.MOV_20201228114152_5983.JPEG,flaking,7.MOV,5983,train
Flakings/7.MOV_20201228114152_5984.JPEG,flaking,7.MOV,5984,train
Flakings/7.MOV_20201228114152_5985.JPEG,flaking,7.MOV,5985,train
Flakings/7.MOV_20201228114152_5986.JPEG,flaking,7.MOV,5986,train
Flakings/7.MOV_20201228114152_5987.JPEG,flaking,7.MOV,5987,train
Flakings/7.MOV_20201228114152_5988.JPEG,flaking,7.MOV,5988,train
Flakings/7.MOV_20201228114152_5989.JPEG,flaking,7.MOV,5989,train
Flakings/7.MOV_20201228114152_5990.JPEG,flaking,7.MOV,5990,train
Flakings/7.MOV_20201228114152_5991.JPEG,flaking,7.MOV,5991,train
Flakings/7.MOV_20201228114152_5992.JPEG,flaking,7.MOV,5992,train
Flakings/7.MOV_20201228114152_5993.JPEG,flaking,7.MOV,5993,train
Flakings/7.MOV_20201228114152_5994.JPEG,flaking,7.MOV,5994,train
Flakings/7.MOV_20201228114152_5995.JPEG,flaking,7.MOV,5995,train
Flakings/7.MOV_20201228114152_5996.JPEG,flaking,7.MOV,5996,train
Flakings/7.MOV_20201228114152_5997.JPEG,flaking,7.MOV,5997,train
Flakings/7.MOV_20201228114152_6098.JPEG,flaking,7.MOV,6098,train
Flakings/7.MOV_20201228114152_6099.JPEG,flaking,7.MOV,6099,train
Flakings/7.MOV_20201228114152_6100.JPEG,flaking,7.MOV,6100,train
Flakings/7.MOV_20201228114152_6101.JPEG,flaking,7.MOV,6101,train
Flakings/7.MOV_20201228114152_6102.JPEG,flaking,7.MOV,6102,train
Flakings/7.MOV_20201228114152_6103.JPEG,flaking,7.MOV,6103,train
Flakings/7.MOV_20201228114152_6104.JPEG,flaking,7.MOV,6104,train
Flakings/7.MOV_20201228114152_6105.JPEG,flaking,7.MOV,6105,train
Flakings/7.MOV_20201228114152_6106.JPEG,flaking,7.MOV,6106,train
Flakings/7.MOV_20201228114152_6107.JPEG,flaking,7.MOV,6107,train
Flakings/7.MOV_20201228114152_6108.JPEG,flaking,7.MOV,6108,train
Flakings/7.MOV_20201228114152_6109.JPEG,flaking,7.MOV,6109,train
Flakings/7.MOV_20201228114152_6110.JPEG,flaking,7.MOV,6110,train
Flakings/7.MOV_20201228114152_6111.JPEG,flaking,7.MOV,6111,train
Flakings/7.MOV_20201228114152_6112.JPEG,flaking,7.MOV,6112,train
Flakings/7.MOV_20201228114152_6113.JPEG,flaking,7.MOV,6113,train
Flakings/7.MOV_20201228114152_6114.JPEG,flaking,7.MOV,6114,train
Flakings/7.MOV_20201228114152_6115.JPEG,flaking,7.MOV,6115,train
Flakings/7.MOV_20201228114152_6128.JPEG,flaking,7.MOV,6128,train
Flakings/7.MOV_20201228114152_6129.JPEG,flaking,7.MOV,6129,train
Flakings/7.MOV_20201228114152_6130.JPEG,flaking,7.MOV,6130,train
Flakings/7.MOV_20201228114152_6131.JPEG,flaking,7.MOV,6131,train
Flakings/7.MOV_20201228114152_6132.JPEG,flaking,7.MOV,6132,train
Flakings/7.MOV_20201228114152_6133.JPEG,flaking,7.MOV,6133,train
Flakings/7.MOV_20201228114152_6134.JPEG,flaking,7.MOV,6134,train
Flakings/7.MOV_20201228114152_6135.JPEG,flaking,7.MOV,6135,train
Flakings/7.MOV_20201228114152_6136.JPEG,flaking,7.MOV,6136,train
Flakings/7.MOV_20201228114152_6137.JPEG,flaking,7.MOV,6137,train
Flakings/7.MOV_20201228114152_6138.JPEG,flaking,7.MOV,6138,train
Flakings/7.MOV_20201228114152_6139.JPEG,flaking,7.MOV,6139,train
Flakings/7.MOV_20201228114152_6140.JPEG,flaking,7.MOV,6140,train
Flakings/7.MOV_20201228114152_6141.JPEG,flaking,7.MOV,6141,train
Flakings/7.MOV_20201228114152_6142.JPEG,flaking,7.MOV,6142,train
Flakings/7.MOV_20201228114152_6143.JPEG,flaking,7.MOV,6143,train
Flakings/7.MOV_20201228114152_6144.JPEG,flaking,7.MOV,6144,train
Flakings/7.MOV_20201228114152_6145.JPEG,flaking,7.MOV,6145,train
Flakings/7.MOV_20201228114152_6146.JPEG,flaking,7.MOV,6146,train
Flakings/7.MOV_20201228114152_6147.JPEG,flaking,7.MOV,6147,train
Flakings/7.MOV_20201228114152_6148.JPEG,flaking,7.MOV,6148,train
Flakings/7.MOV_20201228114152_6266.JPEG,flaking,7.MOV,6266,val
Flakings/7.MOV_20201228114152_6267.JPEG,flaking,7.MOV,6267,val
Flakings/7.MOV_20201228114152_6268.JPEG,flaking,7.MOV,6268,val
Flakings/7.MOV_20201228114152_6269.JPEG,flaking,7.MOV,6269,val
Flakings/7.MOV_20201228114152_6270.JPEG,flaking,7.MOV,6270,val
Flakings/7.MOV_20201228114152_6271.JPEG,flaking,7.MOV,6271,val
Flakings/7.MOV_20201228114152_6272.JPEG,flaking,7.MOV,6272,val
Flakings/7.MOV_20201228114152_6273.JPEG,flaking,7.MOV,6273,val
Flakings/7.MOV_20201228114152_6274.JPEG,flaking,7.MOV,6274,val
Flakings/7.MOV_20201228114152_6275.JPEG,flaking,7.MOV,6275,val
Flakings/7.MOV_20201228114152_6276.JPEG,flaking,7.MOV,6276,val
Flakings/7.MOV_20201228114152_6277.JPEG,flaking,7.MOV,6277,val
Flakings/7.MOV_20201228114152_6278.JPEG,flaking,7.MOV,6278,val
Flakings/7.MOV_20201228114152_6279.JPEG,flaking,7.MOV,6279,val
Flakings/7.MOV_20201228114152_6280.JPEG,flaking,7.MOV,6280,val
Flakings/7.MOV_20201228114152_6281.JPEG,flaking,7.MOV,6281,val
Flakings/7.MOV_20201228114152_6282.JPEG,flaking,7.MOV,6282,val
Flakings/7.MOV_20201228114152_6283.JPEG,flaking,7.MOV,6283,val
Flakings/7.MOV_20201228114152_6284.JPEG,flaking,7.MOV,6284,val
Flakings/7.MOV_20201228114152_6285.JPEG,flaking,7.MOV,6285,val
Flakings/7.MOV_20201228114152_6286.JPEG,flaking,7.MOV,6286,val
Flakings/7.MOV_20201228114152_6287.JPEG,flaking,7.MOV,6287,val
Flakings/7.MOV_20201228114152_6288.JPEG,flaking,7.MOV,6288,val
Flakings/7.MOV_20201228114152_6289.JPEG,flaking,7.MOV,6289,val
Flakings/7.MOV_20201228114152_6290.JPEG,flaking,7.MOV,6290,val
Flakings/7.MOV_20201228114152_6291.JPEG,flaking,7.MOV,6291,val
Flakings/7.MOV_20201228114152_6292.JPEG,flaking,7.MOV,6292,val
Flakings/7.MOV_20201228114152_6293.JPEG,flaking,7.MOV,6293,val
Flakings/7.MOV_20201228114152_6294.JPEG,flaking,7.MOV,6294,val
Flakings/7.MOV_20201228114152_6295.JPEG,flaking,7.MOV,6295,val
Flakings/7.MOV_20201228114152_6296.JPEG,flaking,7.MOV,6296,val
Flakings/7.MOV_20201228114152_6297.JPEG,flaking,7.MOV,6297,val
Flakings/7.MOV_20201228114152_6298.JPEG,flaking,7.MOV,6298,val
Flakings/7.MOV_20201228114152_6299.JPEG,flaking,7.MOV,6299,val
Flakings/7.MOV_20201228114152_6300.JPEG,flaking,7.MOV,6300,val
Flakings/7.MOV_20201228114152_6301.JPEG,flaking,7.MOV,6301,val
Flakings/7.MOV_20201228114152_6302.JPEG,flaking,7.MOV,6302,val
Flakings/7.MOV_20201228114152_6303.JPEG,flaking,7.MOV,6303,val
Flakings/7.MOV_20201228114152_6304.JPEG,flaking,7.MOV,6304,val
Flakings/7.MOV_20201228114152_6305.JPEG,flaking,7.MOV,6305,val
Flakings/7.MOV_20201228114152_6306.JPEG,flaking,7.MOV,6306,val
Flakings/7.MOV_20201228114152_6307.JPEG,flaking,7.MOV,6307,val
Flakings/7.MOV_20201228114152_6308.JPEG,flaking,7.MOV,6308,val
Flakings/7.MOV_20201228114152_6309.JPEG,flaking,7.MOV,6309,val
Flakings/7.MOV_20201228114152_6310.JPEG,flaking,7.MOV,6310,val
Flakings/7.MOV_20201228114152_6382.JPEG,flaking,7.MOV,6382,test
Flakings/7.MOV_20201228114152_6383.JPEG,flaking,7.MOV,6383,test
Flakings/7.MOV_20201228114152_6384.JPEG,flaking,7.MOV,6384,test
Flakings/7.MOV_20201228114152_6481.JPEG,flaking,7.MOV,6481,train
Flakings/7.MOV_20201228114152_6482.JPEG,flaking,7.MOV,6482,train
Flakings/7.MOV_20201228114152_6483.JPEG,flaking,7.MOV,6483,train
Flakings/7.MOV_20201228114152_6484.JPEG,flaking,7.MOV,6484,train
Flakings/7.MOV_20201228114152_6686.JPEG,flaking,7.MOV,6686,train
Flakings/7.MOV_20201228114152_6687.JPEG,flaking,7.MOV,6687,train
Flakings/7.MOV_20201228114152_6688.JPEG,flaking,7.MOV,6688,train
Flakings/7.MOV_20201228114152_6689.JPEG,flaking,7.MOV,6689,train
Flakings/7.MOV_20201228114152_6690.JPEG,flaking,7.MOV,6690,train
Flakings/7.MOV_20201228114152_6691.JPEG,flaking,7.MOV,6691,train
Flakings/7.MOV_20201228114152_6692.JPEG,flaking,7.MOV,6692,train
Flakings/7.MOV_20201228114152_6693.JPEG,flaking,7.MOV,6693,train
Flakings/7.MOV_20201228114152_6694.JPEG,flaking,7.MOV,6694,train
Flakings/7.MOV_20201228114152_6695.JPEG,flaking,7.MOV,6695,train
Flakings/7.MOV_20201228114152_6696.JPEG,flaking,7.MOV,6696,train
Flakings/7.MOV_20201228114152_6697.JPEG,flaking,7.MOV,6697,train
Flakings/7.MOV_20201228114152_6698.JPEG,flaking,7.MOV,6698,train
Flakings/7.MOV_20201228114152_6699.JPEG,flaking,7.MOV,6699,train
Flakings/7.MOV_20201228114152_6700.JPEG,flaking,7.MOV,6700,train
Flakings/7.MOV_20201228114152_6701.JPEG,flaking,7.MOV,6701,train
Flakings/7.MOV_20201228114152_6702.JPEG,flaking,7.MOV,6702,train
Flakings/7.MOV_20201228114152_6703.JPEG,flaking,7.MOV,6703,train
Flakings/7.MOV_20201228114152_6704.JPEG,flaking,7.MOV,6704,train
Flakings/7.MOV_20201228114152_6705.JPEG,flaking,7.MOV,6705,train
Flakings/7.MOV_20201228114152_6706.JPEG,flaking,7.MOV,6706,train
Flakings/7.MOV_20201228114152_6707.JPEG,flaking,7.MOV,6707,train
Flakings/7.MOV_20201228114152_6708.JPEG,flaking,7.MOV,6708,train
Flakings/7.MOV_20201228114152_6709.JPEG,flaking,7.MOV,6709,train
Flakings/7.MOV_20201228114152_6710.JPEG,flaking,7.MOV,6710,train
Flakings/7.MOV_20201228114152_6711.JPEG,flaking,7.MOV,6711,train
Flakings/7.MOV_20201228114152_6712.JPEG,flaking,7.MOV,6712,train
Flakings/7.MOV_20201228114152_6713.JPEG,flaking,7.MOV,6713,train
Flakings/7.MOV_20201228114152_6714.JPEG,flaking,7.MOV,6714,train
Flakings/7.MOV_20201228114152_6715.JPEG,flaking,7.MOV,6715,train
Flakings/7.MOV_20201228114152_6716.JPEG,flaking,7.MOV,6716,train
Flakings/7.MOV_20201228114152_6717.JPEG,flaking,7.MOV,6717,train
Flakings/7.MOV_20201228114152_6718.JPEG,flaking,7.MOV,6718,train
Flakings/7.MOV_20201228114152_6719.JPEG,flaking,7.MOV,6719,train
Flakings/7.MOV_20201228114152_6720.JPEG,flaking,7.MOV,6720,train
Flakings/7.MOV_20201228114152_6873.JPEG,flaking,7.MOV,6873,train
Flakings/7.MOV_20201228114152_6874.JPEG,flaking,7.MOV,6874,train
Flakings/7.MOV_20201228114152_6875.JPEG,flaking,7.MOV,6875,train
Flakings/7.MOV_20201228114152_6876.JPEG,flaking,7.MOV,6876,train
Flakings/7.MOV_20201228114152_6877.JPEG,flaking,7.MOV,6877,train
Flakings/7.MOV_20201228114152_6878.JPEG,flaking,7.MOV,6878,train
Flakings/7.MOV_20201228114152_6879.JPEG,flaking,7.MOV,6879,train
Flakings/7.MOV_20201228114152_6880.JPEG,flaking,7.MOV,6880,train
Flakings/7.MOV_20201228114152_6881.JPEG,flaking,7.MOV,6881,train
Flakings/7.MOV_20201228114152_6882.JPEG,flaking,7.MOV,6882,train
Flakings/7.MOV_20201228114152_6883.JPEG,flaking,7.MOV,6883,train
Flakings/7.MOV_20201228114152_6884.JPEG,flaking,7.MOV,6884,train
Flakings/7.MOV_20201228114152_6885.JPEG,flaking,7.MOV,6885,train
Flakings/7.MOV_20201228114152_6886.JPEG,flaking,7.MOV,6886,train
Flakings/7.MOV_20201228114152_6987.JPEG,flaking,7.MOV,6987,train
Flakings/7.MOV_20201228114152_6988.JPEG,flaking,7.MOV,6988,train
Flakings/7.MOV_20201228114152_6989.JPEG,flaking,7.MOV,6989,train
Flakings/7.MOV_20201228114152_6990.JPEG,flaking,7.MOV,6990,train
Flakings/7.MOV_20201228114152_6991.JPEG,flaking,7.MOV,6991,train
Flakings/7.MOV_20201228114152_6992.JPEG,flaking,7.MOV,6992,train
Flakings/7.MOV_20201228114152_6993.JPEG,flaking,7.MOV,6993,train
Flakings/7.MOV_20201228114152_6994.JPEG,flaking,7.MOV,6994,train
Flakings/7.MOV_20201228114152_6995.JPEG,flaking,7.MOV,6995,train
Flakings/7.MOV_20201228114152_6996.JPEG,flaking,7.MOV,6996,train
Flakings/7.MOV_20201228114152_6997.JPEG,flaking,7.MOV,6997,train
Flakings/7.MOV_20201228114152_6998.JPEG,flaking,7.MOV,6998,train
Flakings/7.MOV_20201228114152_6999.JPEG,flaking,7.MOV,6999,train
Flakings/7.MOV_20201228114152_9792.JPEG,flaking,7.MOV,9792,train
Flakings/7.MOV_20201228114152_9793.JPEG,flaking,7.MOV,9793,train
Flakings/7.MOV_20201228114152_9794.JPEG,flaking,7.MOV,9794,train
Flakings/7.MOV_20201228114152_9795.JPEG,flaking,7.MOV,9795,train
Flakings/7.MOV_20201228114152_9796.JPEG,flaking,7.MOV,9796,train
Flakings/7.MOV_20201228114152_9797.JPEG,flaking,7.MOV,9797,train
Flakings/7.MOV_20201228114152_9798.JPEG,flaking,7.MOV,9798,train
Flakings/7.MOV_20201228114152_9799.JPEG,flaking,7.MOV,9799,train
Flakings/7.MOV_20201228114152_9800.JPEG,flaking,7.MOV,9800,train
Flakings/7.MOV_20201228114152_9801.JPEG,flaking,7.MOV,9801,train
Flakings/7.MOV_20201228114152_9802.JPEG,flaking,7.MOV,9802,train
Flakings/7.MOV_20201228114152_9803.JPEG,flaking,7.MOV,9803,train
Flakings/7.MOV_20201228114152_9804.JPEG,flaking,7.MOV,9804,train
Flakings/7.MOV_20201228114152_9805.JPEG,flaking,7.MOV,9805,train
Flakings/7.MOV_20201228114152_9806.JPEG,flaking,7.MOV,9806,train
Flakings/7.MOV_20201228114152_9807.JPEG,flaking,7.MOV,9807,train
Flakings/7.MOV_20201228114152_9808.JPEG,flaking,7.MOV,9808,train
Flakings/7.MOV_20201228114152_9809.JPEG,flaking,7.MOV,9809,train
Flakings/7.MOV_20201228114152_9810.JPEG,flaking,7.MOV,9810,train
Flakings/7.MOV_20201228114152_9811.JPEG,flaking,7.MOV,9811,train
Flakings/7.MOV_20201228114152_9812.JPEG,flaking,7.MOV,9812,train
Flakings/7.MOV_20201228114152_9813.JPEG,flaking,7.MOV,9813,train
Flakings/7.MOV_20201228114152_9814.JPEG,flaking,7.MOV,9814,train
Flakings/7.MOV_20201228114152_9815.JPEG,flaking,7.MOV,9815,train
Flakings/7.MOV_20201228114152_9816.JPEG,flaking,7.MOV,9816,train
Flakings/7.MOV_20201228114152_9817.JPEG,flaking,7.MOV,9817,train
Flakings/7.MOV_20201228114152_9818.JPEG,flaking,7.MOV,9818,train
Flakings/7.MOV_20201228114152_9819.JPEG,flaking,7.MOV,9819,train
Flakings/7.MOV_20201228114152_9820.JPEG,flaking,7.MOV,9820,train
Flakings/7.MOV_20201228114152_9821.JPEG,flaking,7.MOV,9821,train
Flakings/7.MOV_20201228114152_9822.JPEG,flaking,7.MOV,9822,train
Flakings/7.MOV_20201228114152_9823.JPEG,flaking,7.MOV,9823,train
Flakings/7.MOV_20201228114152_9824.JPEG,flaking,7.MOV,9824,train
Flakings/7.MOV_20201228114152_9825.JPEG,flaking,7.MOV,9825,train
Flakings/4.MOV_20201222164809_0042.JPEG,flaking,4.MOV,42,train
Flakings/4.MOV_20201222164809_0727.JPEG,flaking,4.MOV,727,train
Flakings/4.MOV_20201222164809_0728.JPEG,flaking,4.MOV,728,train
Flakings/4.MOV_20201222164809_0729.JPEG,flaking,4.MOV,729,train
Flakings/4.MOV_20201222164809_0730.JPEG,flaking,4.MOV,730,train
Flakings/4.MOV_20201222164809_0731.JPEG,flaking,4.MOV,731,train
Flakings/4.MOV_20201222164809_0732.JPEG,flaking,4.MOV,732,train
Flakings/4.MOV_20201222164809_0733.JPEG,flaking,4.MOV,733,train
Flakings/4.MOV_20201222164809_0734.JPEG,flaking,4.MOV,734,train
Flakings/4.MOV_20201222164809_0735.JPEG,flaking,4.MOV,735,train
Flakings/4.MOV_20201222164809_0736.JPEG,flaking,4.MOV,736,train
Flakings/4.MOV_20201222164809_0737.JPEG,flaking,4.MOV,737,train
Flakings/4.MOV_20201222164809_0738.JPEG,flaking,4.MOV,738,train
Flakings/4.MOV_20201222164809_0739.JPEG,flaking,4.MOV,739,train
Flakings/4.MOV_20201222164809_0740.JPEG,flaking,4.MOV,740,train
Flakings/4.MOV_20201222164809_0741.JPEG,flaking,4.MOV,741,train
Flakings/4.MOV_20201222164809_0742.JPEG,flaking,4.MOV,742,train
Flakings/4.MOV_20201222164809_0743.JPEG,flaking,4.MOV,743,train
Flakings/4.MOV_20201222164809_0744.JPEG,flaking,4.MOV,744,train
Flakings/4.MOV_20201222164809_0745.JPEG,flaking,4.MOV,745,train
Flakings/4.MOV_20201222164809_0746.JPEG,flaking,4.MOV,746,train
Flakings/4.MOV_20201222164809_0747.JPEG,flaking,4.MOV,747,train
Flakings/4.MOV_20201222164809_0748.JPEG,flaking,4.MOV,748,train
Flakings/4.MOV_20201222164809_0931.JPEG,flaking,4.MOV,931,train
Flakings/4.MOV_20201222164809_0932.JPEG,flaking,4.MOV,932,train
Flakings/4.MOV_20201222164809_0933.JPEG,flaking,4.MOV,933,train
Flakings/4.MOV_20201222164809_0934.JPEG,flaking,4.MOV,934,train
Flakings/4.MOV_20201222164809_1325.JPEG,flaking,4.MOV,1325,train
Flakings/4.MOV_20201222164809_1326.JPEG,flaking,4.MOV,1326,train
Flakings/4.MOV_20201222164809_1327.JPEG,flaking,4.MOV,1327,train
Flakings/4.MOV_20201222164809_1328.JPEG,flaking,4.MOV,1328,train
Flakings/4.MOV_20201222164809_1329.JPEG,flaking,4.MOV,1329,train
Flakings/4.MOV_20201222164809_1330.JPEG,flaking,4.MOV,1330,train
Flakings/4.MOV_20201222164809_1331.JPEG,flaking,4.MOV,1331,train
Flakings/4.MOV_20201222164809_1332.JPEG,flaking,4.MOV,1332,train
Flakings/4.MOV_20201222164809_1333.JPEG,flaking,4.MOV,1333,train
Flakings/4.MOV_20201222164809_1334.JPEG,flaking,4.MOV,1334,train
Flakings/4.MOV_20201222164809_1335.JPEG,flaking,4.MOV,1335,train
Flakings/4.MOV_20201222164809_1336.JPEG,flaking,4.MOV,1336,train
Flakings/4.MOV_20201222164809_1337.JPEG,flaking,4.MOV,1337,train
Flakings/4.MOV_20201222164809_1338.JPEG,flaking,4.MOV,1338,train
Flakings/4.MOV_20201222164809_1339.JPEG,flaking,4.MOV,1339,train
Flakings/4.MOV_20201222164809_1340.JPEG,flaking,4.MOV,1340,train
Flakings/4.MOV_20201222164809_1341.JPEG,flaking,4.MOV,1341,train
Flakings/4.MOV_20201222164809_1342.JPEG,flaking,4.MOV,1342,train
Flakings/4.MOV_20201222164809_1343.JPEG,flaking,4.MOV,1343,train
Flakings/4.MOV_20201222164809_1344.JPEG,flaking,4.MOV,1344,train
Flakings/4.MOV_20201222164809_1345.JPEG,flaking,4.MOV,1345,train
Flakings/4.MOV_20201222164809_1346.JPEG,flaking,4.MOV,1346,train
Flakings/4.MOV_20201222164809_1347.JPEG,flaking,4.MOV,1347,train
Flakings/4.MOV_20201222164809_1348.JPEG,flaking,4.MOV,1348,train
Flakings/4.MOV_20201222164809_1349.JPEG,flaking,4.MOV,1349,train
Flakings/4.MOV_20201222164809_1350.JPEG,flaking,4.MOV,1350,train
Flakings/4.MOV_20201222164809_1351.JPEG,flaking,4.MOV,1351,train
Flakings/4.MOV_20201222164809_1352.JPEG,flaking,4.MOV,1352,train
Flakings/4.MOV_20201222164809_1353.JPEG,flaking,4.MOV,1353,train
Flakings/4.MOV_20201222164809_1354.JPEG,flaking,4.MOV,1354,train
Flakings/4.MOV_20201222164809_1355.JPEG,flaking,4.MOV,1355,train
Flakings/4.MOV_20201222164809_1356.JPEG,flaking,4.MOV,1356,train
Flakings/4.MOV_20201222164809_1357.JPEG,flaking,4.MOV,1357,train
Flakings/4.MOV_20201222164809_1358.JPEG,flaking,4.MOV,1358,train
Flakings/4.MOV_20201222164809_1359.JPEG,flaking,4.MOV,1359,train
Flakings/4.MOV_20201222164809_1360.JPEG,flaking,4.MOV,1360,train
Flakings/4.MOV_20201222164809_1361.JPEG,flaking,4.MOV,1361,train
Flakings/4.MOV_20201222164809_1362.JPEG,flaking,4.MOV,1362,train
Flakings/4.MOV_20201222164809_1462.JPEG,flaking,4.MOV,1462,train
Flakings/4.MOV_20201222164809_1463.JPEG,flaking,4.MOV,1463,train
Flakings/4.MOV_20201222164809_1464.JPEG,flaking,4.MOV,1464,train
Flakings/4.MOV_20201222164809_1465.JPEG,flaking,4.MOV,1465,train
Flakings/4.MOV_20201222164809_1466.JPEG,flaking,4.MOV,1466,train
Flakings/4.MOV_20201222164809_1467.JPEG,flaking,4.MOV,1467,train
Flakings/4.MOV_20201222164809_1468.JPEG,flaking,4.MOV,1468,train
Flakings/4.MOV_20201222164809_1469.JPEG,flaking,4.MOV,1469,train
Flakings/4.MOV_20201222164809_1470.JPEG,flaking,4.MOV,1470,train
Flakings/4.MOV_20201222164809_1471.JPEG,flaking,4.MOV,1471,train
Flakings/4.MOV_20201222164809_1472.JPEG,flaking,4.MOV,1472,train
Flakings/4.MOV_20201222164809_1473.JPEG,flaking,4.MOV,1473,train
Flakings/4.MOV_20201222164809_1474.JPEG,flaking,4.MOV,1474,train
Flakings/4.MOV_20201222164809_1475.JPEG,flaking,4.MOV,1475,train
Flakings/4.MOV_20201222164809_1476.JPEG,flaking,4.MOV,1476,train
Flakings/3.MOV_20201221130147_1534.JPEG,flaking,3.MOV,1534,val
Flakings/3.MOV_20201221130147_1535.JPEG,flaking,3.MOV,1535,val
Flakings/3.MOV_20201221130147_1536.JPEG,flaking,3.MOV,1536,val
Flakings/3.MOV_20201221130147_1537.JPEG,flaking,3.MOV,1537,val
Flakings/3.MOV_20201221130147_1538.JPEG,flaking,3.MOV,1538,val
Flakings/3.MOV_20201221130147_1545.JPEG,flaking,3.MOV,1545,test
Flakings/3.MOV_20201221130147_1546.JPEG,flaking,3.MOV,1546,test
Flakings/3.MOV_20201221130147_1547.JPEG,flaking,3.MOV,1547,test
Flakings/3.MOV_20201221130147_1548.JPEG,flaking,3.MOV,1548,test
Flakings/3.MOV_20201221130147_1549.JPEG,flaking,3.MOV,1549,test
Flakings/3.MOV_20201221130147_1550.JPEG,flaking,3.MOV,1550,test
Flakings/3.MOV_20201221130147_2138.JPEG,flaking,3.MOV,2138,train
Flakings/3.MOV_20201221130147_2139.JPEG,flaking,3.MOV,2139,train
Flakings/3.MOV_20201221130147_2140.JPEG,flaking,3.MOV,2140,train
Flakings/3.MOV_20201221130147_2141.JPEG,flaking,3.MOV,2141,train
Flakings/3.MOV_20201221130147_2142.JPEG,flaking,3.MOV,2142,train
Flakings/3.MOV_20201221130147_2143.JPEG,flaking,3.MOV,2143,train
Flakings/3.MOV_20201221130147_2144.JPEG,flaking,3.MOV,2144,train
Flakings/3.MOV_20201221130147_2145.JPEG,flaking,3.MOV,2145,train
Flakings/3.MOV_20201221130147_2146.JPEG,flaking,3.MOV,2146,train
Flakings/3.MOV_20201221130147_3860.JPEG,flaking,3.MOV,3860,train
Flakings/3.MOV_20201221130147_3861.JPEG,flaking,3.MOV,3861,train
Flakings/3.MOV_20201221130147_3862.JPEG,flaking,3.MOV,3862,train
Flakings/3.MOV_20201221130147_3863.JPEG,flaking,3.MOV,3863,train
Flakings/3.MOV_20201221130147_3864.JPEG,flaking,3.MOV,3864,train
Flakings/3.MOV_20201221130147_3865.JPEG,flaking,3.MOV,3865,train
Flakings/3.MOV_20201221130147_3866.JPEG,flaking,3.MOV,3866,train
Flakings/3.MOV_20201221130147_3867.JPEG,flaking,3.MOV,3867,train
Flakings/3.MOV_20201221130147_3868.JPEG,flaking,3.MOV,3868,train
Flakings/3.MOV_20201221130147_3869.JPEG,flaking,3.MOV,3869,train
Flakings/3.MOV_20201221130147_3870.JPEG,flaking,3.MOV,3870,train
Flakings/3.MOV_20201221130147_3871.JPEG,flaking,3.MOV,3871,train
Flakings/3.MOV_20201221130147_3872.JPEG,flaking,3.MOV,3872,train
Flakings/3.MOV_20201221130147_3873.JPEG,flaking,3.MOV,3873,train
Flakings/3.MOV_20201221130147_3874.JPEG,flaking,3.MOV,3874,train
Flakings/3.MOV_20201221130147_3875.JPEG,flaking,3.MOV,3875,train
Flakings/3.MOV_20201221130147_3876.JPEG,flaking,3.MOV,3876,train
Flakings/3.MOV_20201221130147_3877.JPEG,flaking,3.MOV,3877,train
Flakings/3.MOV_20201221130147_3878.JPEG,flaking,3.MOV,3878,train
Flakings/3.MOV_20201221130147_3879.JPEG,flaking,3.MOV,3879,train
Flakings/3.MOV_20201221130147_3880.JPEG,flaking,3.MOV,3880,train
Flakings/3.MOV_20201221130147_3881.JPEG,flaking,3.MOV,3881,train
Flakings/3.MOV_20201221130147_3882.JPEG,flaking,3.MOV,3882,train
Flakings/3.MOV_20201221130147_3883.JPEG,flaking,3.MOV,3883,train
Flakings/3.MOV_20201221130147_3884.JPEG,flaking,3.MOV,3884,train
Flakings/3.MOV_20201221130147_3885.JPEG,flaking,3.MOV,3885,train
Flakings/3.MOV_20201221130147_3886.JPEG,flaking,3.MOV,3886,train
Flakings/3.MOV_20201221130147_3887.JPEG,flaking,3.MOV,3887,train
Flakings/3.MOV_20201221130147_3888.JPEG,flaking,3.MOV,3888,train
Flakings/3.MOV_20201221130147_3889.JPEG,flaking,3.MOV,3889,train
Flakings/3.MOV_20201221130147_3890.JPEG,flaking,3.MOV,3890,train
Flakings/3.MOV_20201221130147_3891.JPEG,flaking,3.MOV,3891,train
Flakings/3.MOV_20201221130147_3892.JPEG,flaking,3.MOV,3892,train
Flakings/3.MOV_20201221130147_3893.JPEG,flaking,3.MOV,3893,train
Flakings/3.MOV_20201221130147_3894.JPEG,flaking,3.MOV,3894,train
Flakings/3.MOV_20201221130147_3895.JPEG,flaking,3.MOV,3895,train
Flakings/3.MOV_20201221130147_3896.JPEG,flaking,3.MOV,3896,train
Flakings/3.MOV_20201221130147_3897.JPEG,flaking,3.MOV,3897,train
Flakings/3.MOV_20201221130147_3898.JPEG,flaking,3.MOV,3898,train
Flakings/3.MOV_20201221130147_3899.JPEG,flaking,3.MOV,3899,train
Flakings/3.MOV_20201221130147_3900.JPEG,flaking,3.MOV,3900,train
Flakings/3.MOV_20201221130147_3901.JPEG,flaking,3.MOV,3901,train
Flakings/3.MOV_20201221130147_3902.JPEG,flaking,3.MOV,3902,train
Flakings/3.MOV_20201221130147_3903.JPEG,flaking,3.MOV,3903,train
Flakings/3.MOV_20201221130147_3904.JPEG,flaking,3.MOV,3904,train
Flakings/3.MOV_20201221130147_3905.JPEG,flaking,3.MOV,3905,train
Flakings/3.MOV_20201221130147_3906.JPEG,flaking,3.MOV,3906,train
Flakings/3.MOV_20201221130147_3907.JPEG,flaking,3.MOV,3907,train
Flakings/3.MOV_20201221130147_3908.JPEG,flaking,3.MOV,3908,train
Flakings/3.MOV_20201221130147_3909.JPEG,flaking,3.MOV,3909,train
Flakings/3.MOV_20201221130147_3910.JPEG,flaking,3.MOV,3910,train
Flakings/3.MOV_20201221130147_3911.JPEG,flaking,3.MOV,3911,train
Flakings/3.MOV_20201221130147_3912.JPEG,flaking,3.MOV,3912,train
Flakings/3.MOV_20201221130147_3913.JPEG,flaking,3.MOV,3913,train
Flakings/3.MOV_20201221130147_3914.JPEG,flaking,3.MOV,3914,train
Flakings/3.MOV_20201221130147_3915.JPEG,flaking,3.MOV,3915,train
Flakings/3.MOV_20201221130147_3916.JPEG,flaking,3.MOV,3916,train
Flakings/3.MOV_20201221130147_3917.JPEG,flaking,3.MOV,3917,train
Flakings/3.MOV_20201221130147_3918.JPEG,flaking,3.MOV,3918,train
Flakings/3.MOV_20201221130147_3919.JPEG,flaking,3.MOV,3919,train
Flakings/3.MOV_20201221130147_3920.JPEG,flaking,3.MOV,3920,train
Flakings/3.MOV_20201221130147_3921.JPEG,flaking,3.MOV,3921,train
Flakings/3.MOV_20201221130147_3922.JPEG,flaking,3.MOV,3922,train
Flakings/3.MOV_20201221130147_3923.JPEG,flaking,3.MOV,3923,train
Flakings/3.MOV_20201221130147_3924.JPEG,flaking,3.MOV,3924,train
Flakings/3.MOV_20201221130147_3925.JPEG,flaking,3.MOV,3925,train
Flakings/3.MOV_20201221130147_3926.JPEG,flaking,3.MOV,3926,train
Flakings/3.MOV_20201221130147_3927.JPEG,flaking,3.MOV,3927,train
Flakings/3.MOV_20201221130147_3928.JPEG,flaking,3.MOV,3928,train
Flakings/3.MOV_20201221130147_3929.JPEG,flaking,3.MOV,3929,train
Flakings/3.MOV_20201221130147_3930.JPEG,flaking,3.MOV,3930,train
Flakings/3.MOV_20201221130147_3931.JPEG,flaking,3.MOV,3931,train
Flakings/3.MOV_20201221130147_3932.JPEG,flaking,3.MOV,3932,train
Flakings/3.MOV_20201221130147_3933.JPEG,flaking,3.MOV,3933,train
Flakings/3.MOV_20201221130147_3934.JPEG,flaking,3.MOV,3934,train
Flakings/3.MOV_20201221130147_3935.JPEG,flaking,3.MOV,3935,train
Flakings/3.MOV_20201221130147_3936.JPEG,flaking,3.MOV,3936,train
Flakings/3.MOV_20201221130147_3937.JPEG,flaking,3.MOV,3937,train
Flakings/3.MOV_20201221130147_3938.JPEG,flaking,3.MOV,3938,train
Flakings/3.MOV_20201221130147_3939.JPEG,flaking,3.MOV,3939,train
Flakings/3.MOV_20201221130147_3940.JPEG,flaking,3.MOV,3940,train
Flakings/3.MOV_20201221130147_3941.JPEG,flaking,3.MOV,3941,train
Flakings/3.MOV_20201221130147_3942.JPEG,flaking,3.MOV,3942,train
Flakings/3.MOV_20201221130147_4264.JPEG,flaking,3.MOV,4264,train
Flakings/3.MOV_20201221130147_4265.JPEG,flaking,3.MOV,4265,train
Flakings/3.MOV_20201221130147_4266.JPEG,flaking,3.MOV,4266,train
Flakings/3.MOV_20201221130147_4267.JPEG,flaking,3.MOV,4267,train
Flakings/3.MOV_20201221130147_4268.JPEG,flaking,3.MOV,4268,train
Flakings/3.MOV_20201221130147_4269.JPEG,flaking,3.MOV,4269,train
Flakings/3.MOV_20201221130147_4270.JPEG,flaking,3.MOV,4270,train
Flakings/3.MOV_20201221130147_4271.JPEG,flaking,3.MOV,4271,train
Flakings/3.MOV_20201221130147_4272.JPEG,flaking,3.MOV,4272,train
Flakings/3.MOV_20201221130147_4273.JPEG,flaking,3.MOV,4273,train
Flakings/3.MOV_20201221130147_4274.JPEG,flaking,3.MOV,4274,train
Flakings/3.MOV_20201221130147_4275.JPEG,flaking,3.MOV,4275,train
Flakings/3.MOV_20201221130147_4276.JPEG,flaking,3.MOV,4276,train
Flakings/3.MOV_20201221130147_4277.JPEG,flaking,3.MOV,4277,train
Flakings/3.MOV_20201221130147_4278.JPEG,flaking,3.MOV,4278,train
Flakings/3.MOV_20201221130147_4279.JPEG,flaking,3.MOV,4279,train
Flakings/3.MOV_20201221130147_4280.JPEG,flaking,3.MOV,4280,train
Flakings/3.MOV_20201221130147_4281.JPEG,flaking,3.MOV,4281,train
Flakings/3.MOV_20201221130147_4282.JPEG,flaking,3.MOV,4282,train
Flakings/3.MOV_20201221130147_4283.JPEG,flaking,3.MOV,4283,train
Flakings/3.MOV_20201221130147_4284.JPEG,flaking,3.MOV,4284,train
Flakings/3.MOV_20201221130147_4285.JPEG,flaking,3.MOV,4285,train
Flakings/3.MOV_20201221130147_4286.JPEG,flaking,3.MOV,4286,train
Flakings/3.MOV_20201221130147_4287.JPEG,flaking,3.MOV,4287,train
Flakings/3.MOV_20201221130147_4288.JPEG,flaking,3.MOV,4288,train
Flakings/3.MOV_20201221130147_4289.JPEG,flaking,3.MOV,4289,train
Flakings/3.MOV_20201221130147_4290.JPEG,flaking,3.MOV,4290,train
Flakings/3.MOV_20201221130147_4291.JPEG,flaking,3.MOV,4291,train
Flakings/3.MOV_20201221130147_4292.JPEG,flaking,3.MOV,4292,train
Flakings/3.MOV_20201221130147_4293.JPEG,flaking,3.MOV,4293,train
Flakings/3.MOV_20201221130147_4294.JPEG,flaking,3.MOV,4294,train
Flakings/3.MOV_20201221130147_4295.JPEG,flaking,3.MOV,4295,train
Flakings/3.MOV_20201221130147_4296.JPEG,flaking,3.MOV,4296,train
Flakings/3.MOV_20201221130147_4297.JPEG,flaking,3.MOV,4297,train
Flakings/3.MOV_20201221130147_4298.JPEG,flaking,3.MOV,4298,train
Flakings/3.MOV_20201221130147_4299.JPEG,flaking,3.MOV,4299,train
Flakings/3.MOV_20201221130147_4300.JPEG,flaking,3.MOV,4300,train
Flakings/3.MOV_20201221130147_4301.JPEG,flaking,3.MOV,4301,train
Flakings/3.MOV_20201221130147_4302.JPEG,flaking,3.MOV,4302,train
Flakings/3.MOV_20201221130147_4303.JPEG,flaking,3.MOV,4303,train
Flakings/3.MOV_20201221130147_4304.JPEG,flaking,3.MOV,4304,train
Flakings/3.MOV_20201221130147_4305.JPEG,flaking,3.MOV,4305,train
Flakings/3.MOV_20201221130147_4527.JPEG,flaking,3.MOV,4527,train
Flakings/3.MOV_20201221130147_4528.JPEG,flaking,3.MOV,4528,train
Flakings/3.MOV_20201221130147_4529.JPEG,flaking,3.MOV,4529,train
Flakings/3.MOV_20201221130147_4530.JPEG,flaking,3.MOV,4530,train
Flakings/3.MOV_20201221130147_4531.JPEG,flaking,3.MOV,4531,train
Flakings/3.MOV_20201221130147_4532.JPEG,flaking,3.MOV,4532,train
Flakings/3.MOV_20201221130147_4533.JPEG,flaking,3.MOV,4533,train
Flakings/3.MOV_20201221130147_4534.JPEG,flaking,3.MOV,4534,train
Flakings/3.MOV_20201221130147_4535.JPEG,flaking,3.MOV,4535,train
Flakings/3.MOV_20201221130147_4536.JPEG,flaking,3.MOV,4536,train
Flakings/3.MOV_20201221130147_4537.JPEG,flaking,3.MOV,4537,train
Flakings/3.MOV_20201221130147_4538.JPEG,flaking,3.MOV,4538,train
Flakings/3.MOV_20201221130147_4539.JPEG,flaking,3.MOV,4539,train
Flakings/3.MOV_20201221130147_4540.JPEG,flaking,3.MOV,4540,train
Flakings/3.MOV_20201221130147_4541.JPEG,flaking,3.MOV,4541,train
Flakings/3.MOV_20201221130147_4542.JPEG,flaking,3.MOV,4542,train
Flakings/3.MOV_20201221130147_4543.JPEG,flaking,3.MOV,4543,train
Flakings/3.MOV_20201221130147_4544.JPEG,flaking,3.MOV,4544,train
Flakings/3.MOV_20201221130147_4545.JPEG,flaking,3.MOV,4545,train
Flakings/3.MOV_20201221130147_4546.JPEG,flaking,3.MOV,4546,train
Flakings/3.MOV_20201221130147_4547.JPEG,flaking,3.MOV,4547,train
Flakings/3.MOV_20201221130147_4548.JPEG,flaking,3.MOV,4548,train
Flakings/3.MOV_20201221130147_4549.JPEG,flaking,3.MOV,4549,train
Flakings/3.MOV_20201221130147_4550.JPEG,flaking,3.MOV,4550,train
Flakings/3.MOV_20201221130147_4551.JPEG,flaking,3.MOV,4551,train
Flakings/3.MOV_20201221130147_4552.JPEG,flaking,3.MOV,4552,train
Flakings/3.MOV_20201221130147_4553.JPEG,flaking,3.MOV,4553,train
Flakings/3.MOV_20201221130147_4554.JPEG,flaking,3.MOV,4554,train
Flakings/3.MOV_20201221130147_4555.JPEG,flaking,3.MOV,4555,train
Flakings/3.MOV_20201221130147_4556.JPEG,flaking,3.MOV,4556,train
Flakings/3.MOV_20201221130147_4557.JPEG,flaking,3.MOV,4557,train
Flakings/3.MOV_20201221130147_4558.JPEG,flaking,3.MOV,4558,train
Flakings/3.MOV_20201221130147_4559.JPEG,flaking,3.MOV,4559,train
Flakings/3.MOV_20201221130147_4560.JPEG,flaking,3.MOV,4560,train
Flakings/3.MOV_20201221130147_4561.JPEG,flaking,3.MOV,4561,train
Flakings/3.MOV_20201221130147_4562.JPEG,flaking,3.MOV,4562,train
Flakings/3.MOV_20201221130147_4563.JPEG,flaking,3.MOV,4563,train
Flakings/3.MOV_20201221130147_4564.JPEG,flaking,3.MOV,4564,train
Flakings/3.MOV_20201221130147_4565.JPEG,flaking,3.MOV,4565,train
Flakings/3.MOV_20201221130147_4566.JPEG,flaking,3.MOV,4566,train
Flakings/3.MOV_20201221130147_4567.JPEG,flaking,3.MOV,4567,train
Flakings/3.MOV_20201221130147_4568.JPEG,flaking,3.MOV,4568,train
Flakings/3.MOV_20201221130147_4569.JPEG,flaking,3.MOV,4569,train
Flakings/3.MOV_20201221130147_4570.JPEG,flaking,3.MOV,4570,train
Flakings/3.MOV_20201221130147_4571.JPEG,flaking,3.MOV,4571,train
Flakings/3.MOV_20201221130147_4572.JPEG,flaking,3.MOV,4572,train
Flakings/3.MOV_20201221130147_4573.JPEG,flaking,3.MOV,4573,train
Flakings/3.MOV_20201221130147_4574.JPEG,flaking,3.MOV,4574,train
Flakings/3.MOV_20201221130147_4575.JPEG,flaking,3.MOV,4575,train
Flakings/3.MOV_20201221130147_4576.JPEG,flaking,3.MOV,4576,train
Flakings/3.MOV_20201221130147_4577.JPEG,flaking,3.MOV,4577,train
Flakings/6.MOV_20201227192101_0146.JPEG,flaking,6.MOV,146,train
Flakings/6.MOV_20201227192101_0147.JPEG,flaking,6.MOV,147,train
Flakings/6.MOV_20201227192101_0148.JPEG,flaking,6.MOV,148,train
Flakings/6.MOV_20201227192101_0149.JPEG,flaking,6.MOV,149,train
Flakings/6.MOV_20201227192101_0150.JPEG,flaking,6.MOV,150,train
Flakings/6.MOV_20201227192101_0151.JPEG,flaking,6.MOV,151,train
Flakings/6.MOV_20201227192101_0152.JPEG,flaking,6.MOV,152,train
Flakings/6.MOV_20201227192101_0153.JPEG,flaking,6.MOV,153,train
Flakings/6.MOV_20201227192101_0154.JPEG,flaking,6.MOV,154,train
Flakings/6.MOV_20201227192101_0155.JPEG,flaking,6.MOV,155,train
Flakings/6.MOV_20201227192101_0687.JPEG,flaking,6.MOV,687,train
Flakings/6.MOV_20201227192101_0688.JPEG,flaking,6.MOV,688,train
Flakings/6.MOV_20201227192101_0689.JPEG,flaking,6.MOV,689,train
Flakings/6.MOV_20201227192101_0690.JPEG,flaking,6.MOV,690,train
Flakings/6.MOV_20201227192101_0691.JPEG,flaking,6.MOV,691,train
Flakings/6.MOV_20201227192101_0692.JPEG,flaking,6.MOV,692,train
Flakings/6.MOV_20201227192101_0693.JPEG,flaking,6.MOV,693,train
Flakings/6.MOV_20201227192101_0694.JPEG,flaking,6.MOV,694,train
Squats/7.MOV_20201228114152_2754.JPEG,squat,7.MOV,2754,train
Squats/7.MOV_20201228114152_2755.JPEG,squat,7.MOV,2755,train
Squats/7.MOV_20201228114152_2756.JPEG,squat,7.MOV,2756,train
Squats/7.MOV_20201228114152_3740.JPEG,squat,7.MOV,3740,train
Squats/7.MOV_20201228114152_3741.JPEG,squat,7.MOV,3741,train
Squats/7.MOV_20201228114152_3742.JPEG,squat,7.MOV,3742,train
Squats/7.MOV_20201228114152_3759.JPEG,squat,7.MOV,3759,train
Squats/7.MOV_20201228114152_3760.JPEG,squat,7.MOV,3760,train
Squats/7.MOV_20201228114152_3761.JPEG,squat,7.MOV,3761,train
Squats/7.MOV_20201228114152_3762.JPEG,squat,7.MOV,3762,train
Squats/7.MOV_20201228114152_3763.JPEG,squat,7.MOV,3763,train
Squats/7.MOV_20201228114152_3794.JPEG,squat,7.MOV,3794,train
Squats/7.MOV_20201228114152_3795.JPEG,squat,7.MOV,3795,train
Squats/7.MOV_20201228114152_3796.JPEG,squat,7.MOV,3796,train
Squats/7.MOV_20201228114152_3825.JPEG,squat,7.MOV,3825,train
Squats/7.MOV_20201228114152_3826.JPEG,squat,7.MOV,3826,train
Squats/7.MOV_20201228114152_3827.JPEG,squat,7.MOV,3827,train
Squats/7.MOV_20201228114152_3828.JPEG,squat,7.MOV,3828,train
Squats/7.MOV_20201228114152_3829.JPEG,squat,7.MOV,3829,train
Squats/7.MOV_20201228114152_3830.JPEG,squat,7.MOV,3830,train
Squats/7.MOV_20201228114152_3844.JPEG,squat,7.MOV,3844,train
Squats/7.MOV_20201228114152_3845.JPEG,squat,7.MOV,3845,train
Squats/7.MOV_20201228114152_3846.JPEG,squat,7.MOV,3846,train
Squats/7.MOV_20201228114152_3867.JPEG,squat,7.MOV,3867,test
Squats/7.MOV_20201228114152_3868.JPEG,squat,7.MOV,3868,test
Squats/7.MOV_20201228114152_3876.JPEG,squat,7.MOV,3876,train
Squats/7.MOV_20201228114152_3877.JPEG,squat,7.MOV,3877,train
Squats/7.MOV_20201228114152_3878.JPEG,squat,7.MOV,3878,train
Squats/7.MOV_20201228114152_3881.JPEG,squat,7.MOV,3881,train
Squats/7.MOV_20201228114152_3882.JPEG,squat,7.MOV,3882,train
Squats/7.MOV_20201228114152_3883.JPEG,squat,7.MOV,3883,train
Squats/7.MOV_20201228114152_3894.JPEG,squat,7.MOV,3894,train
Squats/7.MOV_20201228114152_3895.JPEG,squat,7.MOV,3895,train
Squats/7.MOV_20201228114152_3896.JPEG,squat,7.MOV,3896,train
Squats/7.MOV_20201228114152_3897.JPEG,squat,7.MOV,3897,train
Squats/7.MOV_20201228114152_3898.JPEG,squat,7.MOV,3898,train
Squats/7.MOV_20201228114152_3899.JPEG,squat,7.MOV,3899,train
Squats/7.MOV_20201228114152_3962.JPEG,squat,7.MOV,3962,test
Squats/7.MOV_20201228114152_3963.JPEG,squat,7.MOV,3963,test
Squats/7.MOV_20201228114152_3964.JPEG,squat,7.MOV,3964,test
Squats/7.MOV_20201228114152_3965.JPEG,squat,7.MOV,3965,test
Squats/7.MOV_20201228114152_3966.JPEG,squat,7.MOV,3966,test
Squats/7.MOV_20201228114152_3967.JPEG,squat,7.MOV,3967,test
Squats/7.MOV_20201228114152_3968.JPEG,squat,7.MOV,3968,test
Squats/7.MOV_20201228114152_3969.JPEG,squat,7.MOV,3969,test
Squats/7.MOV_20201228114152_3973.JPEG,squat,7.MOV,3973,train
Squats/7.MOV_20201228114152_3974.JPEG,squat,7.MOV,3974,train
Squats/7.MOV_20201228114152_3975.JPEG,squat,7.MOV,3975,train
Squats/7.MOV_20201228114152_3976.JPEG,squat,7.MOV,3976,train
Squats/7.MOV_20201228114152_4011.JPEG,squat,7.MOV,4011,train
Squats/7.MOV_20201228114152_4012.JPEG,squat,7.MOV,4012,train
Squats/7.MOV_20201228114152_4013.JPEG,squat,7.MOV,4013,train
Squats/7.MOV_20201228114152_4014.JPEG,squat,7.MOV,4014,train
Squats/7.MOV_20201228114152_4015.JPEG,squat,7.MOV,4015,train
Squats/7.MOV_20201228114152_4016.JPEG,squat,7.MOV,4016,train
Squats/7.MOV_20201228114152_4019.JPEG,squat,7.MOV,4019,train
Squats/7.MOV_20201228114152_4020.JPEG,squat,7.MOV,4020,train
Squats/7.MOV_20201228114152_4021.JPEG,squat,7.MOV,4021,train
Squats/7.MOV_20201228114152_4022.JPEG,squat,7.MOV,4022,train
Squats/7.MOV_20201228114152_4023.JPEG,squat,7.MOV,4023,train
Squats/7.MOV_20201228114152_4024.JPEG,squat,7.MOV,4024,train
Squats/7.MOV_20201228114152_4026.JPEG,squat,7.MOV,4026,train
Squats/7.MOV_20201228114152_4027.JPEG,squat,7.MOV,4027,train
Squats/7.MOV_20201228114152_4028.JPEG,squat,7.MOV,4028,train
Squats/7.MOV_20201228114152_4054.JPEG,squat,7.MOV,4054,train
Squats/7.MOV_20201228114152_4055.JPEG,squat,7.MOV,4055,train
Squats/7.MOV_20201228114152_4056.JPEG,squat,7.MOV,4056,train
Squats/7.MOV_20201228114152_4129.JPEG,squat,7.MOV,4129,val
Squats/7.MOV_20201228114152_4130.JPEG,squat,7.MOV,4130,val
Squats/7.MOV_20201228114152_4131.JPEG,squat,7.MOV,4131,val
Squats/7.MOV_20201228114152_4200.JPEG,squat,7.MOV,4200,train
Squats/7.MOV_20201228114152_4201.JPEG,squat,7.MOV,4201,train
Squats/7.MOV_20201228114152_4202.JPEG,squat,7.MOV,4202,train
Squats/7.MOV_20201228114152_4204.JPEG,squat,7.MOV,4204,train
Squats/7.MOV_20201228114152_4205.JPEG,squat,7.MOV,4205,train
Squats/7.MOV_20201228114152_4261.JPEG,squat,7.MOV,4261,train
Squats/7.MOV_20201228114152_4262.JPEG,squat,7.MOV,4262,train
Squats/7.MOV_20201228114152_4283.JPEG,squat,7.MOV,4283,test
Squats/7.MOV_20201228114152_4284.JPEG,squat,7.MOV,4284,test
Squats/7.MOV_20201228114152_4285.JPEG,squat,7.MOV,4285,test
Squats/7.MOV_20201228114152_4315.JPEG,squat,7.MOV,4315,train
Squats/7.MOV_20201228114152_4316.JPEG,squat,7.MOV,4316,train
Squats/7.MOV_20201228114152_4324.JPEG,squat,7.MOV,4324,test
Squats/7.MOV_20201228114152_4325.JPEG,squat,7.MOV,4325,test
Squats/7.MOV_20201228114152_4326.JPEG,squat,7.MOV,4326,test
Squats/7.MOV_20201228114152_4327.JPEG,squat,7.MOV,4327,test
Squats/7.MOV_20201228114152_4328.JPEG,squat,7.MOV,4328,test
Squats/7.MOV_20201228114152_4335.JPEG,squat,7.MOV,4335,test
Squats/7.MOV_20201228114152_4336.JPEG,squat,7.MOV,4336,test
Squats/7.MOV_20201228114152_4365.JPEG,squat,7.MOV,4365,train
Squats/7.MOV_20201228114152_4366.JPEG,squat,7.MOV,4366,train
Squats/7.MOV_20201228114152_4381.JPEG,squat,7.MOV,4381,train
Squats/7.MOV_20201228114152_4382.JPEG,squat,7.MOV,4382,train
Squats/7.MOV_20201228114152_4383.JPEG,squat,7.MOV,4383,train
Squats/7.MOV_20201228114152_4389.JPEG,squat,7.MOV,4389,val
Squats/7.MOV_20201228114152_4390.JPEG,squat,7.MOV,4390,val
Squats/7.MOV_20201228114152_4391.JPEG,squat,7.MOV,4391,val
Squats/7.MOV_20201228114152_4405.JPEG,squat,7.MOV,4405,train
Squats/7.MOV_20201228114152_4406.JPEG,squat,7.MOV,4406,train
Squats/7.MOV_20201228114152_4407.JPEG,squat,7.MOV,4407,train
Squats/7.MOV_20201228114152_4408.JPEG,squat,7.MOV,4408,train
Squats/7.MOV_20201228114152_4409.JPEG,squat,7.MOV,4409,train
Squats/7.MOV_20201228114152_4410.JPEG,squat,7.MOV,4410,train
Squats/7.MOV_20201228114152_4443.JPEG,squat,7.MOV,4443,train
Squats/7.MOV_20201228114152_4444.JPEG,squat,7.MOV,4444,train
Squats/7.MOV_20201228114152_4445.JPEG,squat,7.MOV,4445,train
Squats/7.MOV_20201228114152_4464.JPEG,squat,7.MOV,4464,train
Squats/7.MOV_20201228114152_4465.JPEG,squat,7.MOV,4465,train
Squats/7.MOV_20201228114152_4466.JPEG,squat,7.MOV,4466,train
Squats/7.MOV_20201228114152_4469.JPEG,squat,7.MOV,4469,val
Squats/7.MOV_20201228114152_4470.JPEG,squat,7.MOV,4470,val
Squats/7.MOV_20201228114152_4471.JPEG,squat,7.MOV,4471,val
Squats/7.MOV_20201228114152_4472.JPEG,squat,7.MOV,4472,val
Squats/7.MOV_20201228114152_4473.JPEG,squat,7.MOV,4473,val
Squats/7.MOV_20201228114152_4474.JPEG,squat,7.MOV,4474,val
Squats/7.MOV_20201228114152_4484.JPEG,squat,7.MOV,4484,train
Squats/7.MOV_20201228114152_4485.JPEG,squat,7.MOV,4485,train
Squats/7.MOV_20201228114152_4497.JPEG,squat,7.MOV,4497,train
Squats/7.MOV_20201228114152_4556.JPEG,squat,7.MOV,4556,train
Squats/7.MOV_20201228114152_4557.JPEG,squat,7.MOV,4557,train
Squats/7.MOV_20201228114152_4558.JPEG,squat,7.MOV,4558,train
Squats/7.MOV_20201228114152_4596.JPEG,squat,7.MOV,4596,train
Squats/7.MOV_20201228114152_4597.JPEG,squat,7.MOV,4597,train
Squats/7.MOV_20201228114152_4598.JPEG,squat,7.MOV,4598,train
Squats/7.MOV_20201228114152_4630.JPEG,squat,7.MOV,4630,train
Squats/7.MOV_20201228114152_4631.JPEG,squat,7.MOV,4631,train
Squats/7.MOV_20201228114152_4654.JPEG,squat,7.MOV,4654,train
Squats/7.MOV_20201228114152_4655.JPEG,squat,7.MOV,4655,train
Squats/7.MOV_20201228114152_4656.JPEG,squat,7.MOV,4656,train
Squats/7.MOV_20201228114152_4672.JPEG,squat,7.MOV,4672,train
Squats/7.MOV_20201228114152_4673.JPEG,squat,7.MOV,4673,train
Squats/7.MOV_20201228114152_4690.JPEG,squat,7.MOV,4690,test
Squats/7.MOV_20201228114152_4691.JPEG,squat,7.MOV,4691,test
Squats/7.MOV_20201228114152_4692.JPEG,squat,7.MOV,4692,test
Squats/7.MOV_20201228114152_4699.JPEG,squat,7.MOV,4699,train
Squats/7.MOV_20201228114152_4700.JPEG,squat,7.MOV,4700,train
Squats/7.MOV_20201228114152_4701.JPEG,squat,7.MOV,4701,train
Squats/7.MOV_20201228114152_5202.JPEG,squat,7.MOV,5202,train
Squats/7.MOV_20201228114152_5203.JPEG,squat,7.MOV,5203,train
Squats/7.MOV_20201228114152_5204.JPEG,squat,7.MOV,5204,train
Squats/7.MOV_20201228114152_5205.JPEG,squat,7.MOV,5205,train
Squats/7.MOV_20201228114152_5221.JPEG,squat,7.MOV,5221,val
Squats/7.MOV_20201228114152_5222.JPEG,squat,7.MOV,5222,val
Squats/7.MOV_20201228114152_5223.JPEG,squat,7.MOV,5223,val
Squats/7.MOV_20201228114152_5224.JPEG,squat,7.MOV,5224,val
Squats/7.MOV_20201228114152_5225.JPEG,squat,7.MOV,5225,val
Squats/7.MOV_20201228114152_5243.JPEG,squat,7.MOV,5243,train
Squats/7.MOV_20201228114152_5244.JPEG,squat,7.MOV,5244,train
Squats/7.MOV_20201228114152_5245.JPEG,squat,7.MOV,5245,train
Squats/7.MOV_20201228114152_5246.JPEG,squat,7.MOV,5246,train
Squats/7.MOV_20201228114152_5288.JPEG,squat,7.MOV,5288,test
Squats/7.MOV_20201228114152_5289.JPEG,squat,7.MOV,5289,test
Squats/7.MOV_20201228114152_5290.JPEG,squat,7.MOV,5290,test
Squats/7.MOV_20201228114152_5291.JPEG,squat,7.MOV,5291,test
Squats/7.MOV_20201228114152_5296.JPEG,squat,7.MOV,5296,train
Squats/7.MOV_20201228114152_5297.JPEG,squat,7.MOV,5297,train
Squats/7.MOV_20201228114152_5298.JPEG,squat,7.MOV,5298,train
Squats/7.MOV_20201228114152_5470.JPEG,squat,7.MOV,5470,train
Squats/7.MOV_20201228114152_5471.JPEG,squat,7.MOV,5471,train
Squats/7.MOV_20201228114152_5716.JPEG,squat,7.MOV,5716,test
Squats/7.MOV_20201228114152_5717.JPEG,squat,7.MOV,5717,test
Squats/7.MOV_20201228114152_5718.JPEG,squat,7.MOV,5718,test
Squats/7.MOV_20201228114152_5800.JPEG,squat,7.MOV,5800,train
Squats/7.MOV_20201228114152_5801.JPEG,squat,7.MOV,5801,train
Squats/7.MOV_20201228114152_5802.JPEG,squat,7.MOV,5802,train
Squats/7.MOV_20201228114152_5812.JPEG,squat,7.MOV,5812,train
Squats/7.MOV_20201228114152_5813.JPEG,squat,7.MOV,5813,train
Squats/7.MOV_20201228114152_5814.JPEG,squat,7.MOV,5814,train
Squats/7.MOV_20201228114152_5822.JPEG,squat,7.MOV,5822,train
Squats/7.MOV_20201228114152_5823.JPEG,squat,7.MOV,5823,train
Squats/7.MOV_20201228114152_5824.JPEG,squat,7.MOV,5824,train
Squats/7.MOV_20201228114152_5829.JPEG,squat,7.MOV,5829,train
Squats/7.MOV_20201228114152_5830.JPEG,squat,7.MOV,5830,train
Squats/7.MOV_20201228114152_5831.JPEG,squat,7.MOV,5831,train
Squats/7.MOV_20201228114152_5832.JPEG,squat,7.MOV,5832,train
Squats/7.MOV_20201228114152_5844.JPEG,squat,7.MOV,5844,train
Squats/7.MOV_20201228114152_5845.JPEG,squat,7.MOV,5845,train
Squats/7.MOV_20201228114152_5846.JPEG,squat,7.MOV,5846,train
Squats/7.MOV_20201228114152_5847.JPEG,squat,7.MOV,5847,train
Squats/7.MOV_20201228114152_5892.JPEG,squat,7.MOV,5892,train
Squats/7.MOV_20201228114152_5893.JPEG,squat,7.MOV,5893,train
Squats/7.MOV_20201228114152_5894.JPEG,squat,7.MOV,5894,train
Squats/7.MOV_20201228114152_5895.JPEG,squat,7.MOV,5895,train
Squats/7.MOV_20201228114152_5940.JPEG,squat,7.MOV,5940,val
Squats/7.MOV_20201228114152_5941.JPEG,squat,7.MOV,5941,val
Squats/7.MOV_20201228114152_5942.JPEG,squat,7.MOV,5942,val
Squats/7.MOV_20201228114152_5943.JPEG,squat,7.MOV,5943,val
Squats/7.MOV_20201228114152_5944.JPEG,squat,7.MOV,5944,val
Squats/7.MOV_20201228114152_6018.JPEG,squat,7.MOV,6018,train
Squats/7.MOV_20201228114152_6019.JPEG,squat,7.MOV,6019,train
Squats/7.MOV_20201228114152_6020.JPEG,squat,7.MOV,6020,train
Squats/7.MOV_20201228114152_6082.JPEG,squat,7.MOV,6082,val
Squats/7.MOV_20201228114152_6083.JPEG,squat,7.MOV,6083,val
Squats/7.MOV_20201228114152_6084.JPEG,squat,7.MOV,6084,val
Squats/7.MOV_20201228114152_6085.JPEG,squat,7.MOV,6085,val
Squats/7.MOV_20201228114152_6122.JPEG,squat,7.MOV,6122,train
Squats/7.MOV_20201228114152_6123.JPEG,squat,7.MOV,6123,train
Squats/7.MOV_20201228114152_6124.JPEG,squat,7.MOV,6124,train
Squats/7.MOV_20201228114152_6125.JPEG,squat,7.MOV,6125,train
Squats/7.MOV_20201228114152_6575.JPEG,squat,7.MOV,6575,val
Squats/7.MOV_20201228114152_6576.JPEG,squat,7.MOV,6576,val
Squats/7.MOV_20201228114152_6577.JPEG,squat,7.MOV,6577,val
Squats/7.MOV_20201228114152_6578.JPEG,squat,7.MOV,6578,val
Squats/7.MOV_20201228114152_6579.JPEG,squat,7.MOV,6579,val
Squats/7.MOV_20201228114152_6634.JPEG,squat,7.MOV,6634,train
Squats/7.MOV_20201228114152_6635.JPEG,squat,7.MOV,6635,train
Squats/7.MOV_20201228114152_6636.JPEG,squat,7.MOV,6636,train
Squats/7.MOV_20201228114152_6637.JPEG,squat,7.MOV,6637,train
Squats/7.MOV_20201228114152_6749.JPEG,squat,7.MOV,6749,val
Squats/7.MOV_20201228114152_6750.JPEG,squat,7.MOV,6750,val
Squats/7.MOV_20201228114152_6751.JPEG,squat,7.MOV,6751,val
Squats/7.MOV_20201228114152_6752.JPEG,squat,7.MOV,6752,val
Squats/7.MOV_20201228114152_6962.JPEG,squat,7.MOV,6962,train
Squats/7.MOV_20201228114152_6963.JPEG,squat,7.MOV,6963,train
Squats/7.MOV_20201228114152_6964.JPEG,squat,7.MOV,6964,train
Squats/7.MOV_20201228114152_7338.JPEG,squat,7.MOV,7338,train
Squats/7.MOV_20201228114152_7339.JPEG,squat,7.MOV,7339,train
Squats/7.MOV_20201228114152_7340.JPEG,squat,7.MOV,7340,train
Squats/7.MOV_20201228114152_7341.JPEG,squat,7.MOV,7341,train
Squats/7.MOV_20201228114152_7349.JPEG,squat,7.MOV,7349,val
Squats/7.MOV_20201228114152_7350.JPEG,squat,7.MOV,7350,val
Squats/7.MOV_20201228114152_7351.JPEG,squat,7.MOV,7351,val
Squats/7.MOV_20201228114152_7375.JPEG,squat,7.MOV,7375,train
Squats/7.MOV_20201228114152_7376.JPEG,squat,7.MOV,7376,train
Squats/7.MOV_20201228114152_7377.JPEG,squat,7.MOV,7377,train
Squats/7.MOV_20201228114152_8188.JPEG,squat,7.MOV,8188,train
Squats/7.MOV_20201228114152_8189.JPEG,squat,7.MOV,8189,train
Squats/7.MOV_20201228114152_8190.JPEG,squat,7.MOV,8190,train
Squats/7.MOV_20201228114152_8191.JPEG,squat,7.MOV,8191,train
Squats/7.MOV_20201228114152_8192.JPEG,squat,7.MOV,8192,train
Squats/7.MOV_20201228114152_8193.JPEG,squat,7.MOV,8193,train
Squats/7.MOV_20201228114152_8194.JPEG,squat,7.MOV,8194,train
Squats/7.MOV_20201228114152_8195.JPEG,squat,7.MOV,8195,train
Squats/7.MOV_20201228114152_8196.JPEG,squat,7.MOV,8196,train
Squats/7.MOV_20201228114152_8197.JPEG,squat,7.MOV,8197,train
Squats/7.MOV_20201228114152_8198.JPEG,squat,7.MOV,8198,train
Squats/7.MOV_20201228114152_9306.JPEG,squat,7.MOV,9306,train
Squats/7.MOV_20201228114152_9307.JPEG,squat,7.MOV,9307,train
Squats/7.MOV_20201228114152_9308.JPEG,squat,7.MOV,9308,train
Squats/7.MOV_20201228114152_9309.JPEG,squat,7.MOV,9309,train
Squats/7.MOV_20201228114152_9431.JPEG,squat,7.MOV,9431,train
Squats/7.MOV_20201228114152_9432.JPEG,squat,7.MOV,9432,train
Squats/7.MOV_20201228114152_9433.JPEG,squat,7.MOV,9433,train
Squats/7.MOV_20201228114152_9434.JPEG,squat,7.MOV,9434,train
Squats/7.MOV_20201228114152_9874.JPEG,squat,7.MOV,9874,val
Squats/7.MOV_20201228114152_9875.JPEG,squat,7.MOV,9875,val
Squats/7.MOV_20201228114152_9876.JPEG,squat,7.MOV,9876,val
Squats/7.MOV_20201228114152_9877.JPEG,squat,7.MOV,9877,val
Squats/7.MOV_20201228114152_9878.JPEG,squat,7.MOV,9878,val
Squats/7.MOV_20201228114152_9957.JPEG,squat,7.MOV,9957,test
Squats/7.MOV_20201228114152_9958.JPEG,squat,7.MOV,9958,test
Squats/7.MOV_20201228114152_9959.JPEG,squat,7.MOV,9959,test
Squats/7.MOV_20201228114152_9960.JPEG,squat,7.MOV,9960,test
Squats/5.MOV_20201223130541_2095.JPEG,squat,5.MOV,2095,train
Squats/5.MOV_20201223130541_2096.JPEG,squat,5.MOV,2096,train
Squats/5.MOV_20201223130541_2097.JPEG,squat,5.MOV,2097,train
Squats/5.MOV_20201223130541_2098.JPEG,squat,5.MOV,2098,train
Squats/5.MOV_20201223130541_2099.JPEG,squat,5.MOV,2099,train
Squats/5.MOV_20201223130541_3557.JPEG,squat,5.MOV,3557,train
Squats/5.MOV_20201223130541_3558.JPEG,squat,5.MOV,3558,train
Squats/5.MOV_20201223130541_3559.JPEG,squat,5.MOV,3559,train
Squats/5.MOV_20201223130541_3560.JPEG,squat,5.MOV,3560,train
Squats/5.MOV_20201223130541_3583.JPEG,squat,5.MOV,3583,test
Squats/5.MOV_20201223130541_3584.JPEG,squat,5.MOV,3584,test
Squats/5.MOV_20201223130541_3585.JPEG,squat,5.MOV,3585,test
Squats/5.MOV_20201223130541_3586.JPEG,squat,5.MOV,3586,test
Squats/5.MOV_20201223130541_3587.JPEG,squat,5.MOV,3587,test
Squats/5.MOV_20201223130541_3588.JPEG,squat,5.MOV,3588,test
Squats/5.MOV_20201223130541_3589.JPEG,squat,5.MOV,3589,test
Squats/5.MOV_20201223130541_3612.JPEG,squat,5.MOV,3612,train
Squats/5.MOV_20201223130541_3613.JPEG,squat,5.MOV,3613,train
Squats/5.MOV_20201223130541_3614.JPEG,squat,5.MOV,3614,train
Squats/5.MOV_20201223130541_3615.JPEG,squat,5.MOV,3615,train
Squats/5.MOV_20201223130541_3616.JPEG,squat,5.MOV,3616,train
Squats/5.MOV_20201223130541_4614.JPEG,squat,5.MOV,4614,train
Squats/5.MOV_20201223130541_4615.JPEG,squat,5.MOV,4615,train
Squats/5.MOV_20201223130541_4616.JPEG,squat,5.MOV,4616,train
Squats/5.MOV_20201223130541_4617.JPEG,squat,5.MOV,4617,train
Squats/5.MOV_20201223130541_4618.JPEG,squat,5.MOV,4618,train
Squats/5.MOV_20201223130541_4619.JPEG,squat,5.MOV,4619,train
Squats/5.MOV_20201223130541_4627.JPEG,squat,5.MOV,4627,train
Squats/5.MOV_20201223130541_4628.JPEG,squat,5.MOV,4628,train
Squats/5.MOV_20201223130541_4629.JPEG,squat,5.MOV,4629,train
Squats/5.MOV_20201223130541_4630.JPEG,squat,5.MOV,4630,train
Squats/5.MOV_20201223130541_4631.JPEG,squat,5.MOV,4631,train
Squats/5.MOV_20201223130541_4645.JPEG,squat,5.MOV,4645,train
Squats/5.MOV_20201223130541_4646.JPEG,squat,5.MOV,4646,train
Squats/5.MOV_20201223130541_4647.JPEG,squat,5.MOV,4647,train
Squats/5.MOV_20201223130541_4648.JPEG,squat,5.MOV,4648,train
Squats/5.MOV_20201223130541_4649.JPEG,squat,5.MOV,4649,train
Squats/5.MOV_20201223130541_4660.JPEG,squat,5.MOV,4660,train
Squats/5.MOV_20201223130541_4661.JPEG,squat,5.MOV,4661,train
Squats/5.MOV_20201223130541_4662.JPEG,squat,5.MOV,4662,train
Squats/5.MOV_20201223130541_4663.JPEG,squat,5.MOV,4663,train
Squats/5.MOV_20201223130541_4664.JPEG,squat,5.MOV,4664,train
Squats/5.MOV_20201223130541_4665.JPEG,squat,5.MOV,4665,train
Squats/5.MOV_20201223130541_4666.JPEG,squat,5.MOV,4666,train
Squats/5.MOV_20201223130541_4667.JPEG,squat,5.MOV,4667,train
Squats/5.MOV_20201223130541_4688.JPEG,squat,5.MOV,4688,test
Squats/5.MOV_20201223130541_4689.JPEG,squat,5.MOV,4689,test
Squats/5.MOV_20201223130541_4690.JPEG,squat,5.MOV,4690,test
Squats/5.MOV_20201223130541_4691.JPEG,squat,5.MOV,4691,test
Squats/5.MOV_20201223130541_4692.JPEG,squat,5.MOV,4692,test
Squats/5.MOV_20201223130541_4734.JPEG,squat,5.MOV,4734,train
Squats/5.MOV_20201223130541_4735.JPEG,squat,5.MOV,4735,train
Squats/5.MOV_20201223130541_4736.JPEG,squat,5.MOV,4736,train
Squats/5.MOV_20201223130541_4737.JPEG,squat,5.MOV,4737,train
Squats/5.MOV_20201223130541_4738.JPEG,squat,5.MOV,4738,train
Squats/5.MOV_20201223130541_4739.JPEG,squat,5.MOV,4739,train
Squats/5.MOV_20201223130541_4742.JPEG,squat,5.MOV,4742,test
Squats/5.MOV_20201223130541_4743.JPEG,squat,5.MOV,4743,test
Squats/5.MOV_20201223130541_4744.JPEG,squat,5.MOV,4744,test
Squats/5.MOV_20201223130541_4745.JPEG,squat,5.MOV,4745,test
Squats/5.MOV_20201223130541_4746.JPEG,squat,5.MOV,4746,test
Squats/5.MOV_20201223130541_4747.JPEG,squat,5.MOV,4747,test
Squats/5.MOV_20201223130541_4757.JPEG,squat,5.MOV,4757,train
Squats/5.MOV_20201223130541_4758.JPEG,squat,5.MOV,4758,train
Squats/5.MOV_20201223130541_4759.JPEG,squat,5.MOV,4759,train
Squats/5.MOV_20201223130541_4760.JPEG,squat,5.MOV,4760,train
Squats/5.MOV_20201223130541_4761.JPEG,squat,5.MOV,4761,train
Squats/5.MOV_20201223130541_4811.JPEG,squat,5.MOV,4811,train
Squats/5.MOV_20201223130541_4812.JPEG,squat,5.MOV,4812,train
Squats/5.MOV_20201223130541_4813.JPEG,squat,5.MOV,4813,train
Squats/5.MOV_20201223130541_4814.JPEG,squat,5.MOV,4814,train
Squats/5.MOV_20201223130541_4815.JPEG,squat,5.MOV,4815,train
Squats/5.MOV_20201223130541_5262.JPEG,squat,5.MOV,5262,train
Squats/5.MOV_20201223130541_5263.JPEG,squat,5.MOV,5263,train
Squats/5.MOV_20201223130541_5267.JPEG,squat,5.MOV,5267,train
Squats/5.MOV_20201223130541_5268.JPEG,squat,5.MOV,5268,train
Squats/5.MOV_20201223130541_5269.JPEG,squat,5.MOV,5269,train
Squats/5.MOV_20201223130541_5274.JPEG,squat,5.MOV,5274,train
Squats/5.MOV_20201223130541_5275.JPEG,squat,5.MOV,5275,train
Squats/5.MOV_20201223130541_5278.JPEG,squat,5.MOV,5278,train
Squats/5.MOV_20201223130541_5279.JPEG,squat,5.MOV,5279,train
Squats/5.MOV_20201223130541_5282.JPEG,squat,5.MOV,5282,val
Squats/5.MOV_20201223130541_5283.JPEG,squat,5.MOV,5283,val
Squats/5.MOV_20201223130541_5311.JPEG,squat,5.MOV,5311,train
Squats/5.MOV_20201223130541_5312.JPEG,squat,5.MOV,5312,train
Squats/5.MOV_20201223130541_5313.JPEG,squat,5.MOV,5313,train
Squats/5.MOV_20201223130541_5318.JPEG,squat,5.MOV,5318,train
Squats/5.MOV_20201223130541_5319.JPEG,squat,5.MOV,5319,train
Squats/5.MOV_20201223130541_5328.JPEG,squat,5.MOV,5328,train
Squats/5.MOV_20201223130541_5329.JPEG,squat,5.MOV,5329,train
Squats/5.MOV_20201223130541_5330.JPEG,squat,5.MOV,5330,train
Squats/5.MOV_20201223130541_5331.JPEG,squat,5.MOV,5331,train
Squats/5.MOV_20201223130541_5332.JPEG,squat,5.MOV,5332,train
Squats/5.MOV_20201223130541_5333.JPEG,squat,5.MOV,5333,train
Squats/5.MOV_20201223130541_5334.JPEG,squat,5.MOV,5334,train
Squats/5.MOV_20201223130541_5335.JPEG,squat,5.MOV,5335,train
Squats/5.MOV_20201223130541_5336.JPEG,squat,5.MOV,5336,train
Squats/5.MOV_20201223130541_5337.JPEG,squat,5.MOV,5337,train
Squats/5.MOV_20201223130541_5338.JPEG,squat,5.MOV,5338,train
Squats/5.MOV_20201223130541_5339.JPEG,squat,5.MOV,5339,train
Squats/5.MOV_20201223130541_5340.JPEG,squat,5.MOV,5340,train
Squats/5.MOV_20201223130541_5341.JPEG,squat,5.MOV,5341,train
Squats/5.MOV_20201223130541_5342.JPEG,squat,5.MOV,5342,train
Squats/5.MOV_20201223130541_5347.JPEG,squat,5.MOV,5347,train
Squats/5.MOV_20201223130541_5348.JPEG,squat,5.MOV,5348,train
Squats/5.MOV_20201223130541_5349.JPEG,squat,5.MOV,5349,train
Squats/5.MOV_20201223130541_5367.JPEG,squat,5.MOV,5367,train
Squats/5.MOV_20201223130541_5368.JPEG,squat,5.MOV,5368,train
Squats/5.MOV_20201223130541_5369.JPEG,squat,5.MOV,5369,train
Squats/5.MOV_20201223130541_5370.JPEG,squat,5.MOV,5370,train
Squats/5.MOV_20201223130541_5371.JPEG,squat,5.MOV,5371,train
Squats/5.MOV_20201223130541_5372.JPEG,squat,5.MOV,5372,train
Squats/5.MOV_20201223130541_5373.JPEG,squat,5.MOV,5373,train
Squats/5.MOV_20201223130541_5374.JPEG,squat,5.MOV,5374,train
Squats/5.MOV_20201223130541_5375.JPEG,squat,5.MOV,5375,train
Squats/5.MOV_20201223130541_5376.JPEG,squat,5.MOV,5376,train
Squats/5.MOV_20201223130541_5377.JPEG,squat,5.MOV,5377,train
Squats/5.MOV_20201223130541_5378.JPEG,squat,5.MOV,5378,train
Squats/5.MOV_20201223130541_5379.JPEG,squat,5.MOV,5379,train
Squats/5.MOV_20201223130541_5380.JPEG,squat,5.MOV,5380,train
Squats/5.MOV_20201223130541_5381.JPEG,squat,5.MOV,5381,train
Squats/5.MOV_20201223130541_5382.JPEG,squat,5.MOV,5382,train
Squats/5.MOV_20201223130541_5383.JPEG,squat,5.MOV,5383,train
Squats/5.MOV_20201223130541_5384.JPEG,squat,5.MOV,5384,train
Squats/5.MOV_20201223130541_5396.JPEG,squat,5.MOV,5396,train
Squats/5.MOV_20201223130541_5397.JPEG,squat,5.MOV,5397,train
Squats/5.MOV_20201223130541_5402.JPEG,squat,5.MOV,5402,train
Squats/5.MOV_20201223130541_5403.JPEG,squat,5.MOV,5403,train
Squats/5.MOV_20201223130541_5404.JPEG,squat,5.MOV,5404,train
Squats/5.MOV_20201223130541_5413.JPEG,squat,5.MOV,5413,train
Squats/5.MOV_20201223130541_5414.JPEG,squat,5.MOV,5414,train
Squats/5.MOV_20201223130541_5415.JPEG,squat,5.MOV,5415,train
Squats/5.MOV_20201223130541_5416.JPEG,squat,5.MOV,5416,train
Squats/5.MOV_20201223130541_5417.JPEG,squat,5.MOV,5417,train
Squats/5.MOV_20201223130541_5418.JPEG,squat,5.MOV,5418,train
Squats/5.MOV_20201223130541_5419.JPEG,squat,5.MOV,5419,train
Squats/5.MOV_20201223130541_5420.JPEG,squat,5.MOV,5420,train
Squats/5.MOV_20201223130541_5421.JPEG,squat,5.MOV,5421,train
Squats/5.MOV_20201223130541_5422.JPEG,squat,5.MOV,5422,train
Squats/5.MOV_20201223130541_5447.JPEG,squat,5.MOV,5447,train
Squats/5.MOV_20201223130541_5448.JPEG,squat,5.MOV,5448,train
Squats/5.MOV_20201223130541_5449.JPEG,squat,5.MOV,5449,train
Squats/5.MOV_20201223130541_5450.JPEG,squat,5.MOV,5450,train
Squats/5.MOV_20201223130541_5451.JPEG,squat,5.MOV,5451,train
Squats/5.MOV_20201223130541_5452.JPEG,squat,5.MOV,5452,train
Squats/5.MOV_20201223130541_5475.JPEG,squat,5.MOV,5475,train
Squats/5.MOV_20201223130541_5476.JPEG,squat,5.MOV,5476,train
Squats/5.MOV_20201223130541_5482.JPEG,squat,5.MOV,5482,train
Squats/5.MOV_20201223130541_5483.JPEG,squat,5.MOV,5483,train
Squats/5.MOV_20201223130541_5484.JPEG,squat,5.MOV,5484,train
Squats/5.MOV_20201223130541_5485.JPEG,squat,5.MOV,5485,train
Squats/5.MOV_20201223130541_5512.JPEG,squat,5.MOV,5512,train
Squats/5.MOV_20201223130541_5513.JPEG,squat,5.MOV,5513,train
Squats/5.MOV_20201223130541_5514.JPEG,squat,5.MOV,5514,train
Squats/5.MOV_20201223130541_5516.JPEG,squat,5.MOV,5516,train
Squats/5.MOV_20201223130541_5517.JPEG,squat,5.MOV,5517,train
Squats/5.MOV_20201223130541_5518.JPEG,squat,5.MOV,5518,train
Squats/5.MOV_20201223130541_5519.JPEG,squat,5.MOV,5519,train
Squats/5.MOV_20201223130541_5520.JPEG,squat,5.MOV,5520,train
Squats/5.MOV_20201223130541_5521.JPEG,squat,5.MOV,5521,train
Squats/5.MOV_20201223130541_5522.JPEG,squat,5.MOV,5522,train
Squats/5.MOV_20201223130541_5523.JPEG,squat,5.MOV,5523,train
Squats/5.MOV_20201223130541_5538.JPEG,squat,5.MOV,5538,train
Squats/5.MOV_20201223130541_5539.JPEG,squat,5.MOV,5539,train
Squats/5.MOV_20201223130541_5540.JPEG,squat,5.MOV,5540,train
Squats/5.MOV_20201223130541_5541.JPEG,squat,5.MOV,5541,train
Squats/5.MOV_20201223130541_5542.JPEG,squat,5.MOV,5542,train
Squats/5.MOV_20201223130541_5543.JPEG,squat,5.MOV,5543,train
Squats/5.MOV_20201223130541_5555.JPEG,squat,5.MOV,5555,train
Squats/5.MOV_20201223130541_5556.JPEG,squat,5.MOV,5556,train
Squats/5.MOV_20201223130541_5557.JPEG,squat,5.MOV,5557,train
Squats/5.MOV_20201223130541_5561.JPEG,squat,5.MOV,5561,test
Squats/5.MOV_20201223130541_5562.JPEG,squat,5.MOV,5562,test
Squats/5.MOV_20201223130541_5574.JPEG,squat,5.MOV,5574,train
Squats/5.MOV_20201223130541_5575.JPEG,squat,5.MOV,5575,train
Squats/5.MOV_20201223130541_5578.JPEG,squat,5.MOV,5578,train
Squats/5.MOV_20201223130541_5588.JPEG,squat,5.MOV,5588,train
Squats/5.MOV_20201223130541_5589.JPEG,squat,5.MOV,5589,train
Squats/5.MOV_20201223130541_5590.JPEG,squat,5.MOV,5590,train
Squats/5.MOV_20201223130541_5591.JPEG,squat,5.MOV,5591,train
Squats/5.MOV_20201223130541_5592.JPEG,squat,5.MOV,5592,train
Squats/5.MOV_20201223130541_5593.JPEG,squat,5.MOV,5593,train
Squats/5.MOV_20201223130541_5595.JPEG,squat,5.MOV,5595,train
Squats/5.MOV_20201223130541_5596.JPEG,squat,5.MOV,5596,train
Squats/5.MOV_20201223130541_5597.JPEG,squat,5.MOV,5597,train
Squats/5.MOV_20201223130541_5598.JPEG,squat,5.MOV,5598,train
Squats/5.MOV_20201223130541_5599.JPEG,squat,5.MOV,5599,train
Squats/5.MOV_20201223130541_5600.JPEG,squat,5.MOV,5600,train
Squats/5.MOV_20201223130541_5601.JPEG,squat,5.MOV,5601,train
Squats/5.MOV_20201223130541_5602.JPEG,squat,5.MOV,5602,train
Squats/5.MOV_20201223130541_5605.JPEG,squat,5.MOV,5605,train
Squats/5.MOV_20201223130541_5606.JPEG,squat,5.MOV,5606,train
Squats/5.MOV_20201223130541_5607.JPEG,squat,5.MOV,5607,train
Squats/5.MOV_20201223130541_5608.JPEG,squat,5.MOV,5608,train
Squats/5.MOV_20201223130541_5609.JPEG,squat,5.MOV,5609,train
Squats/5.MOV_20201223130541_5610.JPEG,squat,5.MOV,5610,train
Squats/5.MOV_20201223130541_5611.JPEG,squat,5.MOV,5611,train
Squats/5.MOV_20201223130541_5612.JPEG,squat,5.MOV,5612,train
Squats/5.MOV_20201223130541_5613.JPEG,squat,5.MOV,5613,train
Squats/5.MOV_20201223130541_5631.JPEG,squat,5.MOV,5631,train
Squats/5.MOV_20201223130541_5632.JPEG,squat,5.MOV,5632,train
Squats/5.MOV_20201223130541_5633.JPEG,squat,5.MOV,5633,train
Squats/5.MOV_20201223130541_5643.JPEG,squat,5.MOV,5643,test
Squats/5.MOV_20201223130541_5644.JPEG,squat,5.MOV,5644,test
Squats/5.MOV_20201223130541_5645.JPEG,squat,5.MOV,5645,test
Squats/5.MOV_20201223130541_5646.JPEG,squat,5.MOV,5646,test
Squats/5.MOV_20201223130541_5647.JPEG,squat,5.MOV,5647,test
Squats/5.MOV_20201223130541_5648.JPEG,squat,5.MOV,5648,test
Squats/5.MOV_20201223130541_5649.JPEG,squat,5.MOV,5649,test
Squats/5.MOV_20201223130541_5666.JPEG,squat,5.MOV,5666,train
Squats/5.MOV_20201223130541_5667.JPEG,squat,5.MOV,5667,train
Squats/5.MOV_20201223130541_5668.JPEG,squat,5.MOV,5668,train
Squats/5.MOV_20201223130541_5669.JPEG,squat,5.MOV,5669,train
Squats/5.MOV_20201223130541_5670.JPEG,squat,5.MOV,5670,train
Squats/5.MOV_20201223130541_5671.JPEG,squat,5.MOV,5671,train
Squats/5.MOV_20201223130541_5672.JPEG,squat,5.MOV,5672,train
Squats/5.MOV_20201223130541_5673.JPEG,squat,5.MOV,5673,train
Squats/5.MOV_20201223130541_5674.JPEG,squat,5.MOV,5674,train
Squats/5.MOV_20201223130541_5675.JPEG,squat,5.MOV,5675,train
Squats/5.MOV_20201223130541_5676.JPEG,squat,5.MOV,5676,train
Squats/5.MOV_20201223130541_5677.JPEG,squat,5.MOV,5677,train
Squats/5.MOV_20201223130541_5678.JPEG,squat,5.MOV,5678,train
Squats/5.MOV_20201223130541_5679.JPEG,squat,5.MOV,5679,train
Squats/5.MOV_20201223130541_5683.JPEG,squat,5.MOV,5683,test
Squats/5.MOV_20201223130541_5689.JPEG,squat,5.MOV,5689,train
Squats/5.MOV_20201223130541_5690.JPEG,squat,5.MOV,5690,train
Squats/5.MOV_20201223130541_5692.JPEG,squat,5.MOV,5692,train
Squats/5.MOV_20201223130541_5693.JPEG,squat,5.MOV,5693,train
Squats/5.MOV_20201223130541_5695.JPEG,squat,5.MOV,5695,train
Squats/5.MOV_20201223130541_5696.JPEG,squat,5.MOV,5696,train
Squats/5.MOV_20201223130541_5697.JPEG,squat,5.MOV,5697,train
Squats/5.MOV_20201223130541_5699.JPEG,squat,5.MOV,5699,train
Squats/5.MOV_20201223130541_5700.JPEG,squat,5.MOV,5700,train
Squats/5.MOV_20201223130541_5701.JPEG,squat,5.MOV,5701,train
Squats/5.MOV_20201223130541_5703.JPEG,squat,5.MOV,5703,train
Squats/5.MOV_20201223130541_5704.JPEG,squat,5.MOV,5704,train
Squats/5.MOV_20201223130541_5705.JPEG,squat,5.MOV,5705,train
Squats/5.MOV_20201223130541_5707.JPEG,squat,5.MOV,5707,train
Squats/5.MOV_20201223130541_5708.JPEG,squat,5.MOV,5708,train
Squats/5.MOV_20201223130541_5709.JPEG,squat,5.MOV,5709,train
Squats/5.MOV_20201223130541_5710.JPEG,squat,5.MOV,5710,train
Squats/5.MOV_20201223130541_5711.JPEG,squat,5.MOV,5711,train
Squats/5.MOV_20201223130541_5723.JPEG,squat,5.MOV,5723,train
Squats/5.MOV_20201223130541_5724.JPEG,squat,5.MOV,5724,train
Squats/5.MOV_20201223130541_5725.JPEG,squat,5.MOV,5725,train
Squats/5.MOV_20201223130541_5728.JPEG,squat,5.MOV,5728,train
Squats/5.MOV_20201223130541_5729.JPEG,squat,5.MOV,5729,train
Squats/5.MOV_20201223130541_5730.JPEG,squat,5.MOV,5730,train
Squats/5.MOV_20201223130541_5737.JPEG,squat,5.MOV,5737,train
Squats/5.MOV_20201223130541_5738.JPEG,squat,5.MOV,5738,train
Squats/5.MOV_20201223130541_5739.JPEG,squat,5.MOV,5739,train
Squats/5.MOV_20201223130541_5740.JPEG,squat,5.MOV,5740,train
Squats/5.MOV_20201223130541_5741.JPEG,squat,5.MOV,5741,train
Squats/5.MOV_20201223130541_5742.JPEG,squat,5.MOV,5742,train
Squats/5.MOV_20201223130541_5744.JPEG,squat,5.MOV,5744,train
Squats/5.MOV_20201223130541_5745.JPEG,squat,5.MOV,5745,train
Squats/5.MOV_20201223130541_5746.JPEG,squat,5.MOV,5746,train
Squats/5.MOV_20201223130541_5747.JPEG,squat,5.MOV,5747,train
Squats/5.MOV_20201223130541_5764.JPEG,squat,5.MOV,5764,test
Squats/5.MOV_20201223130541_5765.JPEG,squat,5.MOV,5765,test
Squats/5.MOV_20201223130541_5766.JPEG,squat,5.MOV,5766,test
Squats/5.MOV_20201223130541_5785.JPEG,squat,5.MOV,5785,train
Squats/5.MOV_20201223130541_5786.JPEG,squat,5.MOV,5786,train
Squats/5.MOV_20201223130541_5787.JPEG,squat,5.MOV,5787,train
Squats/5.MOV_20201223130541_5788.JPEG,squat,5.MOV,5788,train
Squats/5.MOV_20201223130541_5789.JPEG,squat,5.MOV,5789,train
Squats/5.MOV_20201223130541_5790.JPEG,squat,5.MOV,5790,train
Squats/5.MOV_20201223130541_5791.JPEG,squat,5.MOV,5791,train
Squats/5.MOV_20201223130541_5792.JPEG,squat,5.MOV,5792,train
Squats/5.MOV_20201223130541_5793.JPEG,squat,5.MOV,5793,train
Squats/5.MOV_20201223130541_5794.JPEG,squat,5.MOV,5794,train
Squats/5.MOV_20201223130541_5797.JPEG,squat,5.MOV,5797,test
Squats/5.MOV_20201223130541_5798.JPEG,squat,5.MOV,5798,test
Squats/5.MOV_20201223130541_5799.JPEG,squat,5.MOV,5799,test
Squats/5.MOV_20201223130541_5820.JPEG,squat,5.MOV,5820,val
Squats/5.MOV_20201223130541_5821.JPEG,squat,5.MOV,5821,val
Squats/5.MOV_20201223130541_5822.JPEG,squat,5.MOV,5822,val
Squats/5.MOV_20201223130541_5823.JPEG,squat,5.MOV,5823,val
Squats/5.MOV_20201223130541_5824.JPEG,squat,5.MOV,5824,val
Squats/5.MOV_20201223130541_5825.JPEG,squat,5.MOV,5825,val
Squats/5.MOV_20201223130541_5826.JPEG,squat,5.MOV,5826,val
Squats/5.MOV_20201223130541_5827.JPEG,squat,5.MOV,5827,val
Squats/5.MOV_20201223130541_5828.JPEG,squat,5.MOV,5828,val
Squats/5.MOV_20201223130541_5830.JPEG,squat,5.MOV,5830,val
Squats/5.MOV_20201223130541_5831.JPEG,squat,5.MOV,5831,val
Squats/5.MOV_20201223130541_5832.JPEG,squat,5.MOV,5832,val
Squats/5.MOV_20201223130541_5833.JPEG,squat,5.MOV,5833,val
Squats/5.MOV_20201223130541_5834.JPEG,squat,5.MOV,5834,val
Squats/5.MOV_20201223130541_5835.JPEG,squat,5.MOV,5835,val
Squats/5.MOV_20201223130541_5842.JPEG,squat,5.MOV,5842,val
Squats/5.MOV_20201223130541_5843.JPEG,squat,5.MOV,5843,val
Squats/5.MOV_20201223130541_5844.JPEG,squat,5.MOV,5844,val
Squats/5.MOV_20201223130541_5845.JPEG,squat,5.MOV,5845,val
Squats/5.MOV_20201223130541_5846.JPEG,squat,5.MOV,5846,val
Squats/5.MOV_20201223130541_5848.JPEG,squat,5.MOV,5848,val
Squats/5.MOV_20201223130541_5849.JPEG,squat,5.MOV,5849,val
Squats/5.MOV_20201223130541_5850.JPEG,squat,5.MOV,5850,val
Squats/5.MOV_20201223130541_5851.JPEG,squat,5.MOV,5851,val
Squats/5.MOV_20201223130541_5852.JPEG,squat,5.MOV,5852,val
Squats/5.MOV_20201223130541_5853.JPEG,squat,5.MOV,5853,val
Squats/5.MOV_20201223130541_5854.JPEG,squat,5.MOV,5854,val
Squats/5.MOV_20201223130541_5855.JPEG,squat,5.MOV,5855,val
Squats/5.MOV_20201223130541_5858.JPEG,squat,5.MOV,5858,train
Squats/5.MOV_20201223130541_5859.JPEG,squat,5.MOV,5859,train
Squats/5.MOV_20201223130541_5860.JPEG,squat,5.MOV,5860,train
Squats/5.MOV_20201223130541_5861.JPEG,squat,5.MOV,5861,train
Squats/5.MOV_20201223130541_5862.JPEG,squat,5.MOV,5862,train
Squats/5.MOV_20201223130541_5863.JPEG,squat,5.MOV,5863,train
Squats/5.MOV_20201223130541_5864.JPEG,squat,5.MOV,5864,train
Squats/5.MOV_20201223130541_5865.JPEG,squat,5.MOV,5865,train
Squats/5.MOV_20201223130541_5866.JPEG,squat,5.MOV,5866,train
Squats/5.MOV_20201223130541_5867.JPEG,squat,5.MOV,5867,train
Squats/5.MOV_20201223130541_5868.JPEG,squat,5.MOV,5868,train
Squats/5.MOV_20201223130541_5869.JPEG,squat,5.MOV,5869,train
Squats/5.MOV_20201223130541_5870.JPEG,squat,5.MOV,5870,train
Squats/5.MOV_20201223130541_5871.JPEG,squat,5.MOV,5871,train
Squats/5.MOV_20201223130541_5872.JPEG,squat,5.MOV,5872,train
Squats/5.MOV_20201223130541_5873.JPEG,squat,5.MOV,5873,train
Squats/5.MOV_20201223130541_5874.JPEG,squat,5.MOV,5874,train
Squats/5.MOV_20201223130541_5875.JPEG,squat,5.MOV,5875,train
Squats/5.MOV_20201223130541_5876.JPEG,squat,5.MOV,5876,train
Squats/5.MOV_20201223130541_5888.JPEG,squat,5.MOV,5888,train
Squats/5.MOV_20201223130541_5889.JPEG,squat,5.MOV,5889,train
Squats/5.MOV_20201223130541_5890.JPEG,squat,5.MOV,5890,train
Squats/5.MOV_20201223130541_5893.JPEG,squat,5.MOV,5893,val
Squats/5.MOV_20201223130541_5894.JPEG,squat,5.MOV,5894,val
Squats/5.MOV_20201223130541_5895.JPEG,squat,5.MOV,5895,val
Squats/5.MOV_20201223130541_5902.JPEG,squat,5.MOV,5902,train
Squats/5.MOV_20201223130541_5903.JPEG,squat,5.MOV,5903,train
Squats/5.MOV_20201223130541_5904.JPEG,squat,5.MOV,5904,train
Squats/5.MOV_20201223130541_6109.JPEG,squat,5.MOV,6109,val
Squats/5.MOV_20201223130541_6110.JPEG,squat,5.MOV,6110,val
Squats/5.MOV_20201223130541_6111.JPEG,squat,5.MOV,6111,val
Squats/5.MOV_20201223130541_6112.JPEG,squat,5.MOV,6112,val
Squats/5.MOV_20201223130541_6442.JPEG,squat,5.MOV,6442,train
Squats/5.MOV_20201223130541_6443.JPEG,squat,5.MOV,6443,train
Squats/5.MOV_20201223130541_6444.JPEG,squat,5.MOV,6444,train
Squats/5.MOV_20201223130541_6445.JPEG,squat,5.MOV,6445,train
Squats/5.MOV_20201223130541_6446.JPEG,squat,5.MOV,6446,train
Squats/5.MOV_20201223130541_6447.JPEG,squat,5.MOV,6447,train
Squats/5.MOV_20201223130541_6448.JPEG,squat,5.MOV,6448,train
Squats/5.MOV_20201223130541_6454.JPEG,squat,5.MOV,6454,train
Squats/5.MOV_20201223130541_6455.JPEG,squat,5.MOV,6455,train
Squats/5.MOV_20201223130541_6456.JPEG,squat,5.MOV,6456,train
Squats/5.MOV_20201223130541_6457.JPEG,squat,5.MOV,6457,train
Squats/5.MOV_20201223130541_6458.JPEG,squat,5.MOV,6458,train
Squats/5.MOV_20201223130541_6459.JPEG,squat,5.MOV,6459,train
Squats/5.MOV_20201223130541_6460.JPEG,squat,5.MOV,6460,train
Squats/5.MOV_20201223130541_6540.JPEG,squat,5.MOV,6540,test
Squats/5.MOV_20201223130541_6541.JPEG,squat,5.MOV,6541,test
Squats/5.MOV_20201223130541_6542.JPEG,squat,5.MOV,6542,test
Squats/5.MOV_20201223130541_6543.JPEG,squat,5.MOV,6543,test
Squats/5.MOV_20201223130541_6544.JPEG,squat,5.MOV,6544,test
Squats/5.MOV_20201223130541_6545.JPEG,squat,5.MOV,6545,test
Squats/5.MOV_20201223130541_6546.JPEG,squat,5.MOV,6546,test
Squats/5.MOV_20201223130541_6547.JPEG,squat,5.MOV,6547,test
Squats/5.MOV_20201223130541_6548.JPEG,squat,5.MOV,6548,test
Squats/5.MOV_20201223130541_6615.JPEG,squat,5.MOV,6615,test
Squats/5.MOV_20201223130541_6616.JPEG,squat,5.MOV,6616,test
Squats/5.MOV_20201223130541_6617.JPEG,squat,5.MOV,6617,test
Squats/5.MOV_20201223130541_6618.JPEG,squat,5.MOV,6618,test
Squats/5.MOV_20201223130541_6619.JPEG,squat,5.MOV,6619,test
Squats/5.MOV_20201223130541_6620.JPEG,squat,5.MOV,6620,test
Squats/5.MOV_20201223130541_6621.JPEG,squat,5.MOV,6621,test
Squats/5.MOV_20201223130541_6622.JPEG,squat,5.MOV,6622,test
Squats/5.MOV_20201223130541_6623.JPEG,squat,5.MOV,6623,test
Squats/5.MOV_20201223130541_6624.JPEG,squat,5.MOV,6624,test
Squats/5.MOV_20201223130541_6625.JPEG,squat,5.MOV,6625,test
Squats/5.MOV_20201223130541_6626.JPEG,squat,5.MOV,6626,test
Squats/5.MOV_20201223130541_6627.JPEG,squat,5.MOV,6627,test
Squats/5.MOV_20201223130541_6628.JPEG,squat,5.MOV,6628,test
Squats/5.MOV_20201223130541_6629.JPEG,squat,5.MOV,6629,test
Squats/5.MOV_20201223130541_6630.JPEG,squat,5.MOV,6630,test
Squats/5.MOV_20201223130541_6631.JPEG,squat,5.MOV,6631,test
Squats/5.MOV_20201223130541_6632.JPEG,squat,5.MOV,6632,test
Squats/5.MOV_20201223130541_6633.JPEG,squat,5.MOV,6633,test
Squats/5.MOV_20201223130541_6634.JPEG,squat,5.MOV,6634,test
Squats/5.MOV_20201223130541_6635.JPEG,squat,5.MOV,6635,test
Squats/5.MOV_20201223130541_6636.JPEG,squat,5.MOV,6636,test
Squats/5.MOV_20201223130541_6637.JPEG,squat,5.MOV,6637,test
Squats/5.MOV_20201223130541_6638.JPEG,squat,5.MOV,6638,test
Squats/5.MOV_20201223130541_6639.JPEG,squat,5.MOV,6639,test
Squats/5.MOV_20201223130541_6640.JPEG,squat,5.MOV,6640,test
Squats/5.MOV_20201223130541_6641.JPEG,squat,5.MOV,6641,test
Squats/5.MOV_20201223130541_6642.JPEG,squat,5.MOV,6642,test
Squats/5.MOV_20201223130541_6643.JPEG,squat,5.MOV,6643,test
Squats/5.MOV_20201223130541_6644.JPEG,squat,5.MOV,6644,test
Squats/5.MOV_20201223130541_6645.JPEG,squat,5.MOV,6645,test
Squats/5.MOV_20201223130541_6646.JPEG,squat,5.MOV,6646,test
Squats/5.MOV_20201223130541_6647.JPEG,squat,5.MOV,6647,test
Squats/5.MOV_20201223130541_6648.JPEG,squat,5.MOV,6648,test
Squats/5.MOV_20201223130541_6649.JPEG,squat,5.MOV,6649,test
Squats/5.MOV_20201223130541_6650.JPEG,squat,5.MOV,6650,test
Squats/5.MOV_20201223130541_6651.JPEG,squat,5.MOV,6651,test
Squats/5.MOV_20201223130541_6652.JPEG,squat,5.MOV,6652,test
Squats/5.MOV_20201223130541_6653.JPEG,squat,5.MOV,6653,test
Squats/5.MOV_20201223130541_6654.JPEG,squat,5.MOV,6654,test
Squats/5.MOV_20201223130541_6655.JPEG,squat,5.MOV,6655,test
Squats/5.MOV_20201223130541_6656.JPEG,squat,5.MOV,6656,test
Squats/5.MOV_20201223130541_6657.JPEG,squat,5.MOV,6657,test
Squats/5.MOV_20201223130541_6658.JPEG,squat,5.MOV,6658,test
Squats/5.MOV_20201223130541_6659.JPEG,squat,5.MOV,6659,test
Squats/5.MOV_20201223130541_6660.JPEG,squat,5.MOV,6660,test
Squats/5.MOV_20201223130541_6661.JPEG,squat,5.MOV,6661,test
Squats/5.MOV_20201223130541_6781.JPEG,squat,5.MOV,6781,train
Squats/5.MOV_20201223130541_6782.JPEG,squat,5.MOV,6782,train
Squats/5.MOV_20201223130541_6783.JPEG,squat,5.MOV,6783,train
Squats/5.MOV_20201223130541_6784.JPEG,squat,5.MOV,6784,train
Squats/5.MOV_20201223130541_6785.JPEG,squat,5.MOV,6785,train
Squats/5.MOV_20201223130541_6786.JPEG,squat,5.MOV,6786,train
Squats/5.MOV_20201223130541_6787.JPEG,squat,5.MOV,6787,train
Squats/5.MOV_20201223130541_6788.JPEG,squat,5.MOV,6788,train
Squats/5.MOV_20201223130541_6789.JPEG,squat,5.MOV,6789,train
Squats/5.MOV_20201223130541_6790.JPEG,squat,5.MOV,6790,train
Squats/5.MOV_20201223130541_6791.JPEG,squat,5.MOV,6791,train
Squats/5.MOV_20201223130541_6792.JPEG,squat,5.MOV,6792,train
Squats/5.MOV_20201223130541_6793.JPEG,squat,5.MOV,6793,train
Squats/5.MOV_20201223130541_6794.JPEG,squat,5.MOV,6794,train
Squats/5.MOV_20201223130541_6795.JPEG,squat,5.MOV,6795,train
Squats/5.MOV_20201223130541_6796.JPEG,squat,5.MOV,6796,train
Squats/5.MOV_20201223130541_6838.JPEG,squat,5.MOV,6838,train
Squats/5.MOV_20201223130541_6839.JPEG,squat,5.MOV,6839,train
Squats/5.MOV_20201223130541_6840.JPEG,squat,5.MOV,6840,train
Squats/5.MOV_20201223130541_6841.JPEG,squat,5.MOV,6841,train
Squats/5.MOV_20201223130541_6842.JPEG,squat,5.MOV,6842,train
Squats/5.MOV_20201223130541_6843.JPEG,squat,5.MOV,6843,train
Squats/5.MOV_20201223130541_6844.JPEG,squat,5.MOV,6844,train
Squats/5.MOV_20201223130541_6845.JPEG,squat,5.MOV,6845,train
Squats/5.MOV_20201223130541_6846.JPEG,squat,5.MOV,6846,train
Squats/5.MOV_20201223130541_6847.JPEG,squat,5.MOV,6847,train
Squats/5.MOV_20201223130541_6848.JPEG,squat,5.MOV,6848,train
Squats/5.MOV_20201223130541_6865.JPEG,squat,5.MOV,6865,test
Squats/5.MOV_20201223130541_6866.JPEG,squat,5.MOV,6866,test
Squats/5.MOV_20201223130541_6867.JPEG,squat,5.MOV,6867,test
Squats/5.MOV_20201223130541_6868.JPEG,squat,5.MOV,6868,test
Squats/5.MOV_20201223130541_6869.JPEG,squat,5.MOV,6869,test
Squats/5.MOV_20201223130541_6870.JPEG,squat,5.MOV,6870,test
Squats/5.MOV_20201223130541_6871.JPEG,squat,5.MOV,6871,test
Squats/5.MOV_20201223130541_6872.JPEG,squat,5.MOV,6872,test
Squats/5.MOV_20201223130541_6873.JPEG,squat,5.MOV,6873,test
Squats/5.MOV_20201223130541_6874.JPEG,squat,5.MOV,6874,test
Squats/5.MOV_20201223130541_6914.JPEG,squat,5.MOV,6914,train
Squats/5.MOV_20201223130541_6915.JPEG,squat,5.MOV,6915,train
Squats/5.MOV_20201223130541_6916.JPEG,squat,5.MOV,6916,train
Squats/5.MOV_20201223130541_6917.JPEG,squat,5.MOV,6917,train
Squats/5.MOV_20201223130541_6918.JPEG,squat,5.MOV,6918,train
Squats/5.MOV_20201223130541_6919.JPEG,squat,5.MOV,6919,train
Squats/5.MOV_20201223130541_6920.JPEG,squat,5.MOV,6920,train
Squats/5.MOV_20201223130541_6921.JPEG,squat,5.MOV,6921,train
Squats/5.MOV_20201223130541_6922.JPEG,squat,5.MOV,6922,train
Squats/5.MOV_20201223130541_6942.JPEG,squat,5.MOV,6942,train
Squats/5.MOV_20201223130541_6943.JPEG,squat,5.MOV,6943,train
Squats/5.MOV_20201223130541_6944.JPEG,squat,5.MOV,6944,train
Squats/5.MOV_20201223130541_6945.JPEG,squat,5.MOV,6945,train
Squats/5.MOV_20201223130541_6946.JPEG,squat,5.MOV,6946,train
Squats/5.MOV_20201223130541_6947.JPEG,squat,5.MOV,6947,train
Squats/5.MOV_20201223130541_6948.JPEG,squat,5.MOV,6948,train
Squats/5.MOV_20201223130541_6949.JPEG,squat,5.MOV,6949,train
Squats/5.MOV_20201223130541_6950.JPEG,squat,5.MOV,6950,train
Squats/5.MOV_20201223130541_6951.JPEG,squat,5.MOV,6951,train
Squats/5.MOV_20201223130541_7014.JPEG,squat,5.MOV,7014,val
Squats/5.MOV_20201223130541_7015.JPEG,squat,5.MOV,7015,val
Squats/5.MOV_20201223130541_7016.JPEG,squat,5.MOV,7016,val
Squats/5.MOV_20201223130541_7017.JPEG,squat,5.MOV,7017,val
Squats/5.MOV_20201223130541_7018.JPEG,squat,5.MOV,7018,val
Squats/5.MOV_20201223130541_7019.JPEG,squat,5.MOV,7019,val
Squats/5.MOV_20201223130541_7020.JPEG,squat,5.MOV,7020,val
Squats/5.MOV_20201223130541_7021.JPEG,squat,5.MOV,7021,val
Squats/5.MOV_20201223130541_7026.JPEG,squat,5.MOV,7026,train
Squats/5.MOV_20201223130541_7027.JPEG,squat,5.MOV,7027,train
Squats/5.MOV_20201223130541_7028.JPEG,squat,5.MOV,7028,train
Squats/5.MOV_20201223130541_7029.JPEG,squat,5.MOV,7029,train
Squats/5.MOV_20201223130541_7030.JPEG,squat,5.MOV,7030,train
Squats/5.MOV_20201223130541_7031.JPEG,squat,5.MOV,7031,train
Squats/5.MOV_20201223130541_7032.JPEG,squat,5.MOV,7032,train
Squats/5.MOV_20201223130541_7033.JPEG,squat,5.MOV,7033,train
Squats/5.MOV_20201223130541_7111.JPEG,squat,5.MOV,7111,train
Squats/5.MOV_20201223130541_7112.JPEG,squat,5.MOV,7112,train
Squats/5.MOV_20201223130541_7113.JPEG,squat,5.MOV,7113,train
Squats/5.MOV_20201223130541_7114.JPEG,squat,5.MOV,7114,train
Squats/5.MOV_20201223130541_7115.JPEG,squat,5.MOV,7115,train
Squats/5.MOV_20201223130541_7116.JPEG,squat,5.MOV,7116,train
Squats/5.MOV_20201223130541_7117.JPEG,squat,5.MOV,7117,train
Squats/5.MOV_20201223130541_7204.JPEG,squat,5.MOV,7204,train
Squats/5.MOV_20201223130541_7205.JPEG,squat,5.MOV,7205,train
Squats/5.MOV_20201223130541_7206.JPEG,squat,5.MOV,7206,train
Squats/5.MOV_20201223130541_7207.JPEG,squat,5.MOV,7207,train
Squats/5.MOV_20201223130541_7208.JPEG,squat,5.MOV,7208,train
Squats/5.MOV_20201223130541_7209.JPEG,squat,5.MOV,7209,train
Squats/5.MOV_20201223130541_7210.JPEG,squat,5.MOV,7210,train
Squats/5.MOV_20201223130541_7304.JPEG,squat,5.MOV,7304,test
Squats/5.MOV_20201223130541_7305.JPEG,squat,5.MOV,7305,test
Squats/5.MOV_20201223130541_7306.JPEG,squat,5.MOV,7306,test
Squats/5.MOV_20201223130541_7307.JPEG,squat,5.MOV,7307,test
Squats/5.MOV_20201223130541_7308.JPEG,squat,5.MOV,7308,test
Squats/5.MOV_20201223130541_7313.JPEG,squat,5.MOV,7313,test
Squats/5.MOV_20201223130541_7314.JPEG,squat,5.MOV,7314,test
Squats/5.MOV_20201223130541_7315.JPEG,squat,5.MOV,7315,test
Squats/5.MOV_20201223130541_7316.JPEG,squat,5.MOV,7316,test
Squats/5.MOV_20201223130541_7317.JPEG,squat,5.MOV,7317,test
Squats/5.MOV_20201223130541_7371.JPEG,squat,5.MOV,7371,val
Squats/5.MOV_20201223130541_7372.JPEG,squat,5.MOV,7372,val
Squats/5.MOV_20201223130541_7373.JPEG,squat,5.MOV,7373,val
Squats/5.MOV_20201223130541_7374.JPEG,squat,5.MOV,7374,val
Squats/5.MOV_20201223130541_7375.JPEG,squat,5.MOV,7375,val
Squats/5.MOV_20201223130541_7376.JPEG,squat,5.MOV,7376,val
Squats/5.MOV_20201223130541_7377.JPEG,squat,5.MOV,7377,val
Squats/5.MOV_20201223130541_7378.JPEG,squat,5.MOV,7378,val
Squats/5.MOV_20201223130541_7384.JPEG,squat,5.MOV,7384,train
Squats/5.MOV_20201223130541_7385.JPEG,squat,5.MOV,7385,train
Squats/5.MOV_20201223130541_7386.JPEG,squat,5.MOV,7386,train
Squats/5.MOV_20201223130541_7387.JPEG,squat,5.MOV,7387,train
Squats/5.MOV_20201223130541_7388.JPEG,squat,5.MOV,7388,train
Squats/5.MOV_20201223130541_7389.JPEG,squat,5.MOV,7389,train
Squats/5.MOV_20201223130541_7390.JPEG,squat,5.MOV,7390,train
Squats/5.MOV_20201223130541_7391.JPEG,squat,5.MOV,7391,train
Squats/5.MOV_20201223130541_7392.JPEG,squat,5.MOV,7392,train
Squats/5.MOV_20201223130541_7393.JPEG,squat,5.MOV,7393,train
Squats/5.MOV_20201223130541_7394.JPEG,squat,5.MOV,7394,train
Squats/5.MOV_20201223130541_7395.JPEG,squat,5.MOV,7395,train
Squats/5.MOV_20201223130541_7396.JPEG,squat,5.MOV,7396,train
Squats/5.MOV_20201223130541_7397.JPEG,squat,5.MOV,7397,train
Squats/5.MOV_20201223130541_7398.JPEG,squat,5.MOV,7398,train
Squats/5.MOV_20201223130541_7399.JPEG,squat,5.MOV,7399,train
Squats/5.MOV_20201223130541_7400.JPEG,squat,5.MOV,7400,train
Squats/5.MOV_20201223130541_7401.JPEG,squat,5.MOV,7401,train
Squats/5.MOV_20201223130541_7419.JPEG,squat,5.MOV,7419,train
Squats/5.MOV_20201223130541_7420.JPEG,squat,5.MOV,7420,train
Squats/5.MOV_20201223130541_7421.JPEG,squat,5.MOV,7421,train
Squats/5.MOV_20201223130541_7422.JPEG,squat,5.MOV,7422,train
Squats/5.MOV_20201223130541_7423.JPEG,squat,5.MOV,7423,train
Squats/5.MOV_20201223130541_7424.JPEG,squat,5.MOV,7424,train
Squats/5.MOV_20201223130541_7425.JPEG,squat,5.MOV,7425,train
Squats/5.MOV_20201223130541_7426.JPEG,squat,5.MOV,7426,train
Squats/5.MOV_20201223130541_7432.JPEG,squat,5.MOV,7432,val
Squats/5.MOV_20201223130541_7433.JPEG,squat,5.MOV,7433,val
Squats/5.MOV_20201223130541_7434.JPEG,squat,5.MOV,7434,val
Squats/5.MOV_20201223130541_7435.JPEG,squat,5.MOV,7435,val
Squats/5.MOV_20201223130541_7436.JPEG,squat,5.MOV,7436,val
Squats/5.MOV_20201223130541_7437.JPEG,squat,5.MOV,7437,val
Squats/5.MOV_20201223130541_7486.JPEG,squat,5.MOV,7486,train
Squats/5.MOV_20201223130541_7487.JPEG,squat,5.MOV,7487,train
Squats/5.MOV_20201223130541_7488.JPEG,squat,5.MOV,7488,train
Squats/5.MOV_20201223130541_7489.JPEG,squat,5.MOV,7489,train
Squats/5.MOV_20201223130541_7490.JPEG,squat,5.MOV,7490,train
Squats/5.MOV_20201223130541_7491.JPEG,squat,5.MOV,7491,train
Squats/5.MOV_20201223130541_7492.JPEG,squat,5.MOV,7492,train
Squats/5.MOV_20201223130541_7533.JPEG,squat,5.MOV,7533,test
Squats/5.MOV_20201223130541_7534.JPEG,squat,5.MOV,7534,test
Squats/5.MOV_20201223130541_7535.JPEG,squat,5.MOV,7535,test
Squats/5.MOV_20201223130541_7536.JPEG,squat,5.MOV,7536,test
Squats/5.MOV_20201223130541_7537.JPEG,squat,5.MOV,7537,test
Squats/5.MOV_20201223130541_7538.JPEG,squat,5.MOV,7538,test
Squats/5.MOV_20201223130541_7539.JPEG,squat,5.MOV,7539,test
Squats/5.MOV_20201223130541_7540.JPEG,squat,5.MOV,7540,test
Squats/5.MOV_20201223130541_7575.JPEG,squat,5.MOV,7575,train
Squats/5.MOV_20201223130541_7576.JPEG,squat,5.MOV,7576,train
Squats/5.MOV_20201223130541_7577.JPEG,squat,5.MOV,7577,train
Squats/5.MOV_20201223130541_7578.JPEG,squat,5.MOV,7578,train
Squats/5.MOV_20201223130541_7579.JPEG,squat,5.MOV,7579,train
Squats/5.MOV_20201223130541_7580.JPEG,squat,5.MOV,7580,train
Squats/5.MOV_20201223130541_7581.JPEG,squat,5.MOV,7581,train
Squats/5.MOV_20201223130541_7616.JPEG,squat,5.MOV,7616,train
Squats/5.MOV_20201223130541_7617.JPEG,squat,5.MOV,7617,train
Squats/5.MOV_20201223130541_7618.JPEG,squat,5.MOV,7618,train
Squats/5.MOV_20201223130541_7619.JPEG,squat,5.MOV,7619,train
Squats/5.MOV_20201223130541_7620.JPEG,squat,5.MOV,7620,train
Squats/5.MOV_20201223130541_7621.JPEG,squat,5.MOV,7621,train
Squats/5.MOV_20201223130541_7622.JPEG,squat,5.MOV,7622,train
Squats/5.MOV_20201223130541_7624.JPEG,squat,5.MOV,7624,train
Squats/5.MOV_20201223130541_7625.JPEG,squat,5.MOV,7625,train
Squats/5.MOV_20201223130541_7626.JPEG,squat,5.MOV,7626,train
Squats/5.MOV_20201223130541_7627.JPEG,squat,5.MOV,7627,train
Squats/5.MOV_20201223130541_7628.JPEG,squat,5.MOV,7628,train
Squats/5.MOV_20201223130541_7629.JPEG,squat,5.MOV,7629,train
Squats/5.MOV_20201223130541_7630.JPEG,squat,5.MOV,7630,train
Squats/5.MOV_20201223130541_7651.JPEG,squat,5.MOV,7651,train
Squats/5.MOV_20201223130541_7652.JPEG,squat,5.MOV,7652,train
Squats/5.MOV_20201223130541_7653.JPEG,squat,5.MOV,7653,train
Squats/5.MOV_20201223130541_7654.JPEG,squat,5.MOV,7654,train
Squats/5.MOV_20201223130541_7655.JPEG,squat,5.MOV,7655,train
Squats/5.MOV_20201223130541_7656.JPEG,squat,5.MOV,7656,train
Squats/5.MOV_20201223130541_7657.JPEG,squat,5.MOV,7657,train
Squats/5.MOV_20201223130541_7666.JPEG,squat,5.MOV,7666,train
Squats/5.MOV_20201223130541_7667.JPEG,squat,5.MOV,7667,train
Squats/5.MOV_20201223130541_7668.JPEG,squat,5.MOV,7668,train
Squats/5.MOV_20201223130541_7669.JPEG,squat,5.MOV,7669,train
Squats/5.MOV_20201223130541_7670.JPEG,squat,5.MOV,7670,train
Squats/5.MOV_20201223130541_7671.JPEG,squat,5.MOV,7671,train
Squats/5.MOV_20201223130541_7672.JPEG,squat,5.MOV,7672,train
Squats/5.MOV_20201223130541_7709.JPEG,squat,5.MOV,7709,train
Squats/5.MOV_20201223130541_7710.JPEG,squat,5.MOV,7710,train
Squats/5.MOV_20201223130541_7711.JPEG,squat,5.MOV,7711,train
Squats/5.MOV_20201223130541_7712.JPEG,squat,5.MOV,7712,train
Squats/5.MOV_20201223130541_7713.JPEG,squat,5.MOV,7713,train
Squats/5.MOV_20201223130541_7714.JPEG,squat,5.MOV,7714,train
Squats/5.MOV_20201223130541_7715.JPEG,squat,5.MOV,7715,train
Squats/5.MOV_20201223130541_7754.JPEG,squat,5.MOV,7754,train
Squats/5.MOV_20201223130541_7755.JPEG,squat,5.MOV,7755,train
Squats/5.MOV_20201223130541_7756.JPEG,squat,5.MOV,7756,train
Squats/5.MOV_20201223130541_7757.JPEG,squat,5.MOV,7757,train
Squats/5.MOV_20201223130541_7758.JPEG,squat,5.MOV,7758,train
Squats/5.MOV_20201223130541_7759.JPEG,squat,5.MOV,7759,train
Squats/5.MOV_20201223130541_7760.JPEG,squat,5.MOV,7760,train
Squats/5.MOV_20201223130541_7761.JPEG,squat,5.MOV,7761,train
Squats/5.MOV_20201223130541_7769.JPEG,squat,5.MOV,7769,train
Squats/5.MOV_20201223130541_7770.JPEG,squat,5.MOV,7770,train
Squats/5.MOV_20201223130541_7771.JPEG,squat,5.MOV,7771,train
Squats/5.MOV_20201223130541_7772.JPEG,squat,5.MOV,7772,train
Squats/5.MOV_20201223130541_7773.JPEG,squat,5.MOV,7773,train
Squats/5.MOV_20201223130541_7774.JPEG,squat,5.MOV,7774,train
Squats/5.MOV_20201223130541_7775.JPEG,squat,5.MOV,7775,train
Squats/5.MOV_20201223130541_7776.JPEG,squat,5.MOV,7776,train
Squats/5.MOV_20201223130541_7789.JPEG,squat,5.MOV,7789,train
Squats/5.MOV_20201223130541_7790.JPEG,squat,5.MOV,7790,train
Squats/5.MOV_20201223130541_7791.JPEG,squat,5.MOV,7791,train
Squats/5.MOV_20201223130541_7792.JPEG,squat,5.MOV,7792,train
Squats/5.MOV_20201223130541_7793.JPEG,squat,5.MOV,7793,train
Squats/5.MOV_20201223130541_7794.JPEG,squat,5.MOV,7794,train
Squats/5.MOV_20201223130541_7800.JPEG,squat,5.MOV,7800,val
Squats/5.MOV_20201223130541_7801.JPEG,squat,5.MOV,7801,val
Squats/5.MOV_20201223130541_7802.JPEG,squat,5.MOV,7802,val
Squats/5.MOV_20201223130541_7803.JPEG,squat,5.MOV,7803,val
Squats/5.MOV_20201223130541_7804.JPEG,squat,5.MOV,7804,val
Squats/5.MOV_20201223130541_7805.JPEG,squat,5.MOV,7805,val
Squats/5.MOV_20201223130541_7806.JPEG,squat,5.MOV,7806,val
Squats/5.MOV_20201223130541_7807.JPEG,squat,5.MOV,7807,val
Squats/5.MOV_20201223130541_7808.JPEG,squat,5.MOV,7808,val
Squats/5.MOV_20201223130541_7819.JPEG,squat,5.MOV,7819,train
Squats/5.MOV_20201223130541_7820.JPEG,squat,5.MOV,7820,train
Squats/5.MOV_20201223130541_7821.JPEG,squat,5.MOV,7821,train
Squats/5.MOV_20201223130541_7828.JPEG,squat,5.MOV,7828,val
Squats/5.MOV_20201223130541_7829.JPEG,squat,5.MOV,7829,val
Squats/5.MOV_20201223130541_7830.JPEG,squat,5.MOV,7830,val
Squats/5.MOV_20201223130541_7831.JPEG,squat,5.MOV,7831,val
Squats/5.MOV_20201223130541_7832.JPEG,squat,5.MOV,7832,val
Squats/5.MOV_20201223130541_7833.JPEG,squat,5.MOV,7833,val
Squats/5.MOV_20201223130541_7834.JPEG,squat,5.MOV,7834,val
Squats/5.MOV_20201223130541_7835.JPEG,squat,5.MOV,7835,val
Squats/5.MOV_20201223130541_7875.JPEG,squat,5.MOV,7875,train
Squats/5.MOV_20201223130541_7876.JPEG,squat,5.MOV,7876,train
Squats/5.MOV_20201223130541_7877.JPEG,squat,5.MOV,7877,train
Squats/5.MOV_20201223130541_7878.JPEG,squat,5.MOV,7878,train
Squats/5.MOV_20201223130541_7879.JPEG,squat,5.MOV,7879,train
Squats/5.MOV_20201223130541_7880.JPEG,squat,5.MOV,7880,train
Squats/5.MOV_20201223130541_7881.JPEG,squat,5.MOV,7881,train
Squats/5.MOV_20201223130541_7882.JPEG,squat,5.MOV,7882,train
Squats/5.MOV_20201223130541_7894.JPEG,squat,5.MOV,7894,test
Squats/5.MOV_20201223130541_7895.JPEG,squat,5.MOV,7895,test
Squats/5.MOV_20201223130541_7896.JPEG,squat,5.MOV,7896,test
Squats/5.MOV_20201223130541_7897.JPEG,squat,5.MOV,7897,test
Squats/5.MOV_20201223130541_7898.JPEG,squat,5.MOV,7898,test
Squats/5.MOV_20201223130541_7899.JPEG,squat,5.MOV,7899,test
Squats/5.MOV_20201223130541_7900.JPEG,squat,5.MOV,7900,test
Squats/5.MOV_20201223130541_7901.JPEG,squat,5.MOV,7901,test
Squats/5.MOV_20201223130541_7920.JPEG,squat,5.MOV,7920,train
Squats/5.MOV_20201223130541_7921.JPEG,squat,5.MOV,7921,train
Squats/5.MOV_20201223130541_7922.JPEG,squat,5.MOV,7922,train
Squats/5.MOV_20201223130541_7923.JPEG,squat,5.MOV,7923,train
Squats/5.MOV_20201223130541_7924.JPEG,squat,5.MOV,7924,train
Squats/5.MOV_20201223130541_7925.JPEG,squat,5.MOV,7925,train
Squats/5.MOV_20201223130541_7926.JPEG,squat,5.MOV,7926,train
Squats/5.MOV_20201223130541_7927.JPEG,squat,5.MOV,7927,train
Squats/5.MOV_20201223130541_7939.JPEG,squat,5.MOV,7939,train
Squats/5.MOV_20201223130541_7940.JPEG,squat,5.MOV,7940,train
Squats/5.MOV_20201223130541_7941.JPEG,squat,5.MOV,7941,train
Squats/5.MOV_20201223130541_7942.JPEG,squat,5.MOV,7942,train
Squats/5.MOV_20201223130541_7943.JPEG,squat,5.MOV,7943,train
Squats/5.MOV_20201223130541_7944.JPEG,squat,5.MOV,7944,train
Squats/5.MOV_20201223130541_7994.JPEG,squat,5.MOV,7994,val
Squats/5.MOV_20201223130541_7995.JPEG,squat,5.MOV,7995,val
Squats/5.MOV_20201223130541_7996.JPEG,squat,5.MOV,7996,val
Squats/5.MOV_20201223130541_7997.JPEG,squat,5.MOV,7997,val
Squats/5.MOV_20201223130541_7998.JPEG,squat,5.MOV,7998,val
Squats/5.MOV_20201223130541_7999.JPEG,squat,5.MOV,7999,val
Squats/5.MOV_20201223130541_8000.JPEG,squat,5.MOV,8000,val
Squats/5.MOV_20201223130541_8001.JPEG,squat,5.MOV,8001,val
Squats/5.MOV_20201223130541_8013.JPEG,squat,5.MOV,8013,train
Squats/5.MOV_20201223130541_8014.JPEG,squat,5.MOV,8014,train
Squats/5.MOV_20201223130541_8015.JPEG,squat,5.MOV,8015,train
Squats/5.MOV_20201223130541_8016.JPEG,squat,5.MOV,8016,train
Squats/5.MOV_20201223130541_8017.JPEG,squat,5.MOV,8017,train
Squats/5.MOV_20201223130541_8018.JPEG,squat,5.MOV,8018,train
Squats/5.MOV_20201223130541_8019.JPEG,squat,5.MOV,8019,train
Squats/5.MOV_20201223130541_8020.JPEG,squat,5.MOV,8020,train
Squats/5.MOV_20201223130541_8035.JPEG,squat,5.MOV,8035,train
Squats/5.MOV_20201223130541_8036.JPEG,squat,5.MOV,8036,train
Squats/5.MOV_20201223130541_8037.JPEG,squat,5.MOV,8037,train
Squats/5.MOV_20201223130541_8038.JPEG,squat,5.MOV,8038,train
Squats/5.MOV_20201223130541_8039.JPEG,squat,5.MOV,8039,train
Squats/5.MOV_20201223130541_8040.JPEG,squat,5.MOV,8040,train
Squats/5.MOV_20201223130541_8041.JPEG,squat,5.MOV,8041,train
Squats/5.MOV_20201223130541_8062.JPEG,squat,5.MOV,8062,train
Squats/5.MOV_20201223130541_8063.JPEG,squat,5.MOV,8063,train
Squats/5.MOV_20201223130541_8064.JPEG,squat,5.MOV,8064,train
Squats/5.MOV_20201223130541_8065.JPEG,squat,5.MOV,8065,train
Squats/5.MOV_20201223130541_8066.JPEG,squat,5.MOV,8066,train
Squats/5.MOV_20201223130541_8067.JPEG,squat,5.MOV,8067,train
Squats/5.MOV_20201223130541_8068.JPEG,squat,5.MOV,8068,train
Squats/5.MOV_20201223130541_8069.JPEG,squat,5.MOV,8069,train
Squats/5.MOV_20201223130541_8070.JPEG,squat,5.MOV,8070,train
Squats/5.MOV_20201223130541_8071.JPEG,squat,5.MOV,8071,train
Squats/5.MOV_20201223130541_8072.JPEG,squat,5.MOV,8072,train
Squats/5.MOV_20201223130541_8078.JPEG,squat,5.MOV,8078,test
Squats/5.MOV_20201223130541_8079.JPEG,squat,5.MOV,8079,test
Squats/5.MOV_20201223130541_8080.JPEG,squat,5.MOV,8080,test
Squats/5.MOV_20201223130541_8081.JPEG,squat,5.MOV,8081,test
Squats/5.MOV_20201223130541_8082.JPEG,squat,5.MOV,8082,test
Squats/5.MOV_20201223130541_8083.JPEG,squat,5.MOV,8083,test
Squats/5.MOV_20201223130541_8084.JPEG,squat,5.MOV,8084,test
Squats/5.MOV_20201223130541_8117.JPEG,squat,5.MOV,8117,train
Squats/5.MOV_20201223130541_8118.JPEG,squat,5.MOV,8118,train
Squats/5.MOV_20201223130541_8119.JPEG,squat,5.MOV,8119,train
Squats/5.MOV_20201223130541_8120.JPEG,squat,5.MOV,8120,train
Squats/5.MOV_20201223130541_8121.JPEG,squat,5.MOV,8121,train
Squats/5.MOV_20201223130541_8122.JPEG,squat,5.MOV,8122,train
Squats/5.MOV_20201223130541_8123.JPEG,squat,5.MOV,8123,train
Squats/5.MOV_20201223130541_8124.JPEG,squat,5.MOV,8124,train
Squats/5.MOV_20201223130541_8125.JPEG,squat,5.MOV,8125,train
Squats/5.MOV_20201223130541_8126.JPEG,squat,5.MOV,8126,train
Squats/5.MOV_20201223130541_8127.JPEG,squat,5.MOV,8127,train
Squats/5.MOV_20201223130541_8128.JPEG,squat,5.MOV,8128,train
Squats/5.MOV_20201223130541_8129.JPEG,squat,5.MOV,8129,train
Squats/5.MOV_20201223130541_8130.JPEG,squat,5.MOV,8130,train
Squats/5.MOV_20201223130541_8131.JPEG,squat,5.MOV,8131,train
Squats/5.MOV_20201223130541_8132.JPEG,squat,5.MOV,8132,train
Squats/5.MOV_20201223130541_8133.JPEG,squat,5.MOV,8133,train
Squats/5.MOV_20201223130541_8136.JPEG,squat,5.MOV,8136,test
Squats/5.MOV_20201223130541_8137.JPEG,squat,5.MOV,8137,test
Squats/5.MOV_20201223130541_8138.JPEG,squat,5.MOV,8138,test
Squats/5.MOV_20201223130541_8139.JPEG,squat,5.MOV,8139,test
Squats/5.MOV_20201223130541_8140.JPEG,squat,5.MOV,8140,test
Squats/5.MOV_20201223130541_8141.JPEG,squat,5.MOV,8141,test
Squats/5.MOV_20201223130541_8142.JPEG,squat,5.MOV,8142,test
Squats/5.MOV_20201223130541_8143.JPEG,squat,5.MOV,8143,test
Squats/5.MOV_20201223130541_8144.JPEG,squat,5.MOV,8144,test
Squats/5.MOV_20201223130541_8145.JPEG,squat,5.MOV,8145,test
Squats/5.MOV_20201223130541_8146.JPEG,squat,5.MOV,8146,test
Squats/5.MOV_20201223130541_8147.JPEG,squat,5.MOV,8147,test
Squats/5.MOV_20201223130541_8148.JPEG,squat,5.MOV,8148,test
Squats/5.MOV_20201223130541_8149.JPEG,squat,5.MOV,8149,test
Squats/5.MOV_20201223130541_8150.JPEG,squat,5.MOV,8150,test
Squats/5.MOV_20201223130541_8151.JPEG,squat,5.MOV,8151,test
Squats/5.MOV_20201223130541_8152.JPEG,squat,5.MOV,8152,test
Squats/5.MOV_20201223130541_8190.JPEG,squat,5.MOV,8190,train
Squats/5.MOV_20201223130541_8191.JPEG,squat,5.MOV,8191,train
Squats/5.MOV_20201223130541_8192.JPEG,squat,5.MOV,8192,train
Squats/5.MOV_20201223130541_8193.JPEG,squat,5.MOV,8193,train
Squats/5.MOV_20201223130541_8194.JPEG,squat,5.MOV,8194,train
Squats/5.MOV_20201223130541_8195.JPEG,squat,5.MOV,8195,train
Squats/5.MOV_20201223130541_8196.JPEG,squat,5.MOV,8196,train
Squats/5.MOV_20201223130541_8197.JPEG,squat,5.MOV,8197,train
Squats/5.MOV_20201223130541_8198.JPEG,squat,5.MOV,8198,train
Squats/5.MOV_20201223130541_8209.JPEG,squat,5.MOV,8209,train
Squats/5.MOV_20201223130541_8210.JPEG,squat,5.MOV,8210,train
Squats/5.MOV_20201223130541_8211.JPEG,squat,5.MOV,8211,train
Squats/5.MOV_20201223130541_8212.JPEG,squat,5.MOV,8212,train
Squats/5.MOV_20201223130541_8213.JPEG,squat,5.MOV,8213,train
Squats/5.MOV_20201223130541_8214.JPEG,squat,5.MOV,8214,train
Squats/5.MOV_20201223130541_8237.JPEG,squat,5.MOV,8237,val
Squats/5.MOV_20201223130541_8238.JPEG,squat,5.MOV,8238,val
Squats/5.MOV_20201223130541_8239.JPEG,squat,5.MOV,8239,val
Squats/5.MOV_20201223130541_8240.JPEG,squat,5.MOV,8240,val
Squats/5.MOV_20201223130541_8241.JPEG,squat,5.MOV,8241,val
Squats/5.MOV_20201223130541_8242.JPEG,squat,5.MOV,8242,val
Squats/5.MOV_20201223130541_8278.JPEG,squat,5.MOV,8278,train
Squats/5.MOV_20201223130541_8279.JPEG,squat,5.MOV,8279,train
Squats/5.MOV_20201223130541_8280.JPEG,squat,5.MOV,8280,train
Squats/5.MOV_20201223130541_8281.JPEG,squat,5.MOV,8281,train
Squats/5.MOV_20201223130541_8282.JPEG,squat,5.MOV,8282,train
Squats/5.MOV_20201223130541_8283.JPEG,squat,5.MOV,8283,train
Squats/5.MOV_20201223130541_8284.JPEG,squat,5.MOV,8284,train
Squats/5.MOV_20201223130541_8285.JPEG,squat,5.MOV,8285,train
Squats/5.MOV_20201223130541_8286.JPEG,squat,5.MOV,8286,train
Squats/5.MOV_20201223130541_8287.JPEG,squat,5.MOV,8287,train
Squats/5.MOV_20201223130541_8288.JPEG,squat,5.MOV,8288,train
Squats/5.MOV_20201223130541_8289.JPEG,squat,5.MOV,8289,train
Squats/5.MOV_20201223130541_8290.JPEG,squat,5.MOV,8290,train
Squats/1.MOV_20201221091849_2632.JPEG,squat,1.MOV,2632,test
Squats/1.MOV_20201221091849_2633.JPEG,squat,1.MOV,2633,test
Squats/1.MOV_20201221091849_2634.JPEG,squat,1.MOV,2634,test
Squats/1.MOV_20201221091849_2635.JPEG,squat,1.MOV,2635,test
Squats/1.MOV_20201221091849_2636.JPEG,squat,1.MOV,2636,test
Squats/1.MOV_20201221091849_4215.JPEG,squat,1.MOV,4215,train
Squats/1.MOV_20201221091849_4216.JPEG,squat,1.MOV,4216,train
Squats/1.MOV_20201221091849_4217.JPEG,squat,1.MOV,4217,train
Squats/1.MOV_20201221091849_4218.JPEG,squat,1.MOV,4218,train
Squats/1.MOV_20201221091849_4219.JPEG,squat,1.MOV,4219,train
Squats/1.MOV_20201221091849_4220.JPEG,squat,1.MOV,4220,train
Squats/1.MOV_20201221091849_4626.JPEG,squat,1.MOV,4626,train
Squats/1.MOV_20201221091849_4627.JPEG,squat,1.MOV,4627,train
Squats/1.MOV_20201221091849_4628.JPEG,squat,1.MOV,4628,train
Squats/1.MOV_20201221091849_4893.JPEG,squat,1.MOV,4893,train
Squats/1.MOV_20201221091849_4894.JPEG,squat,1.MOV,4894,train
Squats/1.MOV_20201221091849_4895.JPEG,squat,1.MOV,4895,train
Squats/1.MOV_20201221091849_4896.JPEG,squat,1.MOV,4896,train
Squats/1.MOV_20201221091849_4897.JPEG,squat,1.MOV,4897,train
Squats/1.MOV_20201221091849_5312.JPEG,squat,1.MOV,5312,train
Squats/1.MOV_20201221091849_5313.JPEG,squat,1.MOV,5313,train
Squats/1.MOV_20201221091849_5314.JPEG,squat,1.MOV,5314,train
Squats/1.MOV_20201221091849_5315.JPEG,squat,1.MOV,5315,train
Squats/1.MOV_20201221091849_5316.JPEG,squat,1.MOV,5316,train
Squats/1.MOV_20201221091849_5317.JPEG,squat,1.MOV,5317,train
Squats/1.MOV_20201221091849_5318.JPEG,squat,1.MOV,5318,train
Squats/1.MOV_20201221091849_5319.JPEG,squat,1.MOV,5319,train
Squats/1.MOV_20201221091849_5320.JPEG,squat,1.MOV,5320,train
Squats/1.MOV_20201221091849_5628.JPEG,squat,1.MOV,5628,train
Squats/1.MOV_20201221091849_5629.JPEG,squat,1.MOV,5629,train
Squats/1.MOV_20201221091849_5630.JPEG,squat,1.MOV,5630,train
Squats/1.MOV_20201221091849_5631.JPEG,squat,1.MOV,5631,train
Squats/1.MOV_20201221091849_5632.JPEG,squat,1.MOV,5632,train
Squats/1.MOV_20201221091849_5633.JPEG,squat,1.MOV,5633,train
Squats/1.MOV_20201221091849_5634.JPEG,squat,1.MOV,5634,train
Squats/1.MOV_20201221091849_6323.JPEG,squat,1.MOV,6323,train
Squats/1.MOV_20201221091849_6324.JPEG,squat,1.MOV,6324,train
Squats/1.MOV_20201221091849_6325.JPEG,squat,1.MOV,6325,train
Squats/1.MOV_20201221091849_6326.JPEG,squat,1.MOV,6326,train
Squats/1.MOV_20201221091849_6327.JPEG,squat,1.MOV,6327,train
Squats/1.MOV_20201221091849_6328.JPEG,squat,1.MOV,6328,train
Squats/1.MOV_20201221091849_6329.JPEG,squat,1.MOV,6329,train
Squats/1.MOV_20201221091849_6330.JPEG,squat,1.MOV,6330,train
Squats/1.MOV_20201221091849_6331.JPEG,squat,1.MOV,6331,train
Squats/1.MOV_20201221091849_6332.JPEG,squat,1.MOV,6332,train
Squats/1.MOV_20201221091849_6671.JPEG,squat,1.MOV,6671,train
Squats/1.MOV_20201221091849_6672.JPEG,squat,1.MOV,6672,train
Squats/1.MOV_20201221091849_6673.JPEG,squat,1.MOV,6673,train
Squats/1.MOV_20201221091849_6674.JPEG,squat,1.MOV,6674,train
Squats/1.MOV_20201221091849_6675.JPEG,squat,1.MOV,6675,train
Squats/1.MOV_20201221091849_6854.JPEG,squat,1.MOV,6854,train
Squats/1.MOV_20201221091849_6855.JPEG,squat,1.MOV,6855,train
Squats/1.MOV_20201221091849_6856.JPEG,squat,1.MOV,6856,train
Squats/1.MOV_20201221091849_6857.JPEG,squat,1.MOV,6857,train
Squats/1.MOV_20201221091849_6899.JPEG,squat,1.MOV,6899,train
Squats/1.MOV_20201221091849_6900.JPEG,squat,1.MOV,6900,train
Squats/1.MOV_20201221091849_6901.JPEG,squat,1.MOV,6901,train
Squats/1.MOV_20201221091849_6902.JPEG,squat,1.MOV,6902,train
Squats/1.MOV_20201221091849_6914.JPEG,squat,1.MOV,6914,train
Squats/1.MOV_20201221091849_6915.JPEG,squat,1.MOV,6915,train
Squats/1.MOV_20201221091849_6916.JPEG,squat,1.MOV,6916,train
Squats/1.MOV_20201221091849_6917.JPEG,squat,1.MOV,6917,train
Squats/1.MOV_20201221091849_6985.JPEG,squat,1.MOV,6985,train
Squats/1.MOV_20201221091849_6986.JPEG,squat,1.MOV,6986,train
Squats/1.MOV_20201221091849_6987.JPEG,squat,1.MOV,6987,train
Squats/1.MOV_20201221091849_6988.JPEG,squat,1.MOV,6988,train
Squats/1.MOV_20201221091849_7312.JPEG,squat,1.MOV,7312,train
Squats/1.MOV_20201221091849_7313.JPEG,squat,1.MOV,7313,train
Squats/1.MOV_20201221091849_7314.JPEG,squat,1.MOV,7314,train
Squats/1.MOV_20201221091849_7315.JPEG,squat,1.MOV,7315,train
Squats/1.MOV_20201221091849_7342.JPEG,squat,1.MOV,7342,train
Squats/1.MOV_20201221091849_7343.JPEG,squat,1.MOV,7343,train
Squats/1.MOV_20201221091849_7344.JPEG,squat,1.MOV,7344,train
Squats/1.MOV_20201221091849_7345.JPEG,squat,1.MOV,7345,train
Squats/1.MOV_20201221091849_7346.JPEG,squat,1.MOV,7346,train
Squats/1.MOV_20201221091849_7347.JPEG,squat,1.MOV,7347,train
Squats/1.MOV_20201221091849_7498.JPEG,squat,1.MOV,7498,train
Squats/1.MOV_20201221091849_7499.JPEG,squat,1.MOV,7499,train
Squats/1.MOV_20201221091849_7500.JPEG,squat,1.MOV,7500,train
Squats/1.MOV_20201221091849_7501.JPEG,squat,1.MOV,7501,train
Squats/1.MOV_20201221091849_7502.JPEG,squat,1.MOV,7502,train
Squats/1.MOV_20201221091849_7503.JPEG,squat,1.MOV,7503,train
Squats/1.MOV_20201221091849_7504.JPEG,squat,1.MOV,7504,train
Squats/1.MOV_20201221091849_7589.JPEG,squat,1.MOV,7589,train
Squats/1.MOV_20201221091849_7590.JPEG,squat,1.MOV,7590,train
Squats/1.MOV_20201221091849_7591.JPEG,squat,1.MOV,7591,train
Squats/1.MOV_20201221091849_7592.JPEG,squat,1.MOV,7592,train
Squats/1.MOV_20201221091849_7593.JPEG,squat,1.MOV,7593,train
Squats/1.MOV_20201221091849_7645.JPEG,squat,1.MOV,7645,train
Squats/1.MOV_20201221091849_7646.JPEG,squat,1.MOV,7646,train
Squats/1.MOV_20201221091849_7647.JPEG,squat,1.MOV,7647,train
Squats/1.MOV_20201221091849_7648.JPEG,squat,1.MOV,7648,train
Squats/1.MOV_20201221091849_7649.JPEG,squat,1.MOV,7649,train
Squats/1.MOV_20201221091849_7794.JPEG,squat,1.MOV,7794,train
Squats/1.MOV_20201221091849_7795.JPEG,squat,1.MOV,7795,train
Squats/1.MOV_20201221091849_7796.JPEG,squat,1.MOV,7796,train
Squats/1.MOV_20201221091849_7797.JPEG,squat,1.MOV,7797,train
Squats/1.MOV_20201221091849_7798.JPEG,squat,1.MOV,7798,train
Squats/1.MOV_20201221091849_7913.JPEG,squat,1.MOV,7913,test
Squats/1.MOV_20201221091849_7914.JPEG,squat,1.MOV,7914,test
Squats/1.MOV_20201221091849_7915.JPEG,squat,1.MOV,7915,test
Squats/1.MOV_20201221091849_7916.JPEG,squat,1.MOV,7916,test
Squats/1.MOV_20201221091849_7917.JPEG,squat,1.MOV,7917,test
Squats/1.MOV_20201221091849_7918.JPEG,squat,1.MOV,7918,test
Squats/1.MOV_20201221091849_7979.JPEG,squat,1.MOV,7979,train
Squats/1.MOV_20201221091849_7980.JPEG,squat,1.MOV,7980,train
Squats/1.MOV_20201221091849_7981.JPEG,squat,1.MOV,7981,train
Squats/1.MOV_20201221091849_7982.JPEG,squat,1.MOV,7982,train
Squats/1.MOV_20201221091849_7983.JPEG,squat,1.MOV,7983,train
Squats/1.MOV_20201221091849_7984.JPEG,squat,1.MOV,7984,train
Squats/1.MOV_20201221091849_8010.JPEG,squat,1.MOV,8010,val
Squats/1.MOV_20201221091849_8011.JPEG,squat,1.MOV,8011,val
Squats/1.MOV_20201221091849_8012.JPEG,squat,1.MOV,8012,val
Squats/1.MOV_20201221091849_8013.JPEG,squat,1.MOV,8013,val
Squats/1.MOV_20201221091849_8014.JPEG,squat,1.MOV,8014,val
Squats/1.MOV_20201221091849_8015.JPEG,squat,1.MOV,8015,val
Squats/1.MOV_20201221091849_8102.JPEG,squat,1.MOV,8102,train
Squats/1.MOV_20201221091849_8103.JPEG,squat,1.MOV,8103,train
Squats/1.MOV_20201221091849_8104.JPEG,squat,1.MOV,8104,train
Squats/1.MOV_20201221091849_8105.JPEG,squat,1.MOV,8105,train
Squats/1.MOV_20201221091849_8106.JPEG,squat,1.MOV,8106,train
Squats/1.MOV_20201221091849_8107.JPEG,squat,1.MOV,8107,train
Squats/1.MOV_20201221091849_8108.JPEG,squat,1.MOV,8108,train
Squats/1.MOV_20201221091849_8109.JPEG,squat,1.MOV,8109,train
Squats/1.MOV_20201221091849_8188.JPEG,squat,1.MOV,8188,train
Squats/1.MOV_20201221091849_8189.JPEG,squat,1.MOV,8189,train
Squats/1.MOV_20201221091849_8190.JPEG,squat,1.MOV,8190,train
Squats/1.MOV_20201221091849_8191.JPEG,squat,1.MOV,8191,train
Squats/1.MOV_20201221091849_8192.JPEG,squat,1.MOV,8192,train
Squats/1.MOV_20201221091849_8193.JPEG,squat,1.MOV,8193,train
Squats/1.MOV_20201221091849_8194.JPEG,squat,1.MOV,8194,train
Squats/1.MOV_20201221091849_8387.JPEG,squat,1.MOV,8387,train
Squats/1.MOV_20201221091849_8388.JPEG,squat,1.MOV,8388,train
Squats/1.MOV_20201221091849_8389.JPEG,squat,1.MOV,8389,train
Squats/1.MOV_20201221091849_8390.JPEG,squat,1.MOV,8390,train
Squats/1.MOV_20201221091849_8391.JPEG,squat,1.MOV,8391,train
Squats/1.MOV_20201221091849_8392.JPEG,squat,1.MOV,8392,train
Squats/1.MOV_20201221091849_8393.JPEG,squat,1.MOV,8393,train
Squats/1.MOV_20201221091849_8394.JPEG,squat,1.MOV,8394,train
Squats/1.MOV_20201221091849_8395.JPEG,squat,1.MOV,8395,train
Squats/1.MOV_20201221091849_8396.JPEG,squat,1.MOV,8396,train
Squats/1.MOV_20201221091849_8397.JPEG,squat,1.MOV,8397,train
Squats/1.MOV_20201221091849_8398.JPEG,squat,1.MOV,8398,train
Squats/1.MOV_20201221091849_8399.JPEG,squat,1.MOV,8399,train
Squats/1.MOV_20201221091849_8400.JPEG,squat,1.MOV,8400,train
Squats/1.MOV_20201221091849_8422.JPEG,squat,1.MOV,8422,val
Squats/1.MOV_20201221091849_8423.JPEG,squat,1.MOV,8423,val
Squats/1.MOV_20201221091849_8424.JPEG,squat,1.MOV,8424,val
Squats/1.MOV_20201221091849_8425.JPEG,squat,1.MOV,8425,val
Squats/1.MOV_20201221091849_8426.JPEG,squat,1.MOV,8426,val
Squats/1.MOV_20201221091849_8427.JPEG,squat,1.MOV,8427,val
Squats/1.MOV_20201221091849_8428.JPEG,squat,1.MOV,8428,val
Squats/1.MOV_20201221091849_8429.JPEG,squat,1.MOV,8429,val
Squats/1.MOV_20201221091849_8430.JPEG,squat,1.MOV,8430,val
Squats/1.MOV_20201221091849_8458.JPEG,squat,1.MOV,8458,test
Squats/1.MOV_20201221091849_8459.JPEG,squat,1.MOV,8459,test
Squats/1.MOV_20201221091849_8460.JPEG,squat,1.MOV,8460,test
Squats/1.MOV_20201221091849_8461.JPEG,squat,1.MOV,8461,test
Squats/1.MOV_20201221091849_8462.JPEG,squat,1.MOV,8462,test
Squats/1.MOV_20201221091849_8463.JPEG,squat,1.MOV,8463,test
Squats/1.MOV_20201221091849_8464.JPEG,squat,1.MOV,8464,test
Squats/1.MOV_20201221091849_8465.JPEG,squat,1.MOV,8465,test
Squats/1.MOV_20201221091849_8466.JPEG,squat,1.MOV,8466,test
Squats/1.MOV_20201221091849_8467.JPEG,squat,1.MOV,8467,test
Squats/1.MOV_20201221091849_8583.JPEG,squat,1.MOV,8583,train
Squats/1.MOV_20201221091849_8584.JPEG,squat,1.MOV,8584,train
Squats/1.MOV_20201221091849_8585.JPEG,squat,1.MOV,8585,train
Squats/1.MOV_20201221091849_8586.JPEG,squat,1.MOV,8586,train
Squats/1.MOV_20201221091849_8587.JPEG,squat,1.MOV,8587,train
Squats/1.MOV_20201221091849_8588.JPEG,squat,1.MOV,8588,train
Squats/1.MOV_20201221091849_8589.JPEG,squat,1.MOV,8589,train
Squats/1.MOV_20201221091849_8638.JPEG,squat,1.MOV,8638,val
Squats/1.MOV_20201221091849_8639.JPEG,squat,1.MOV,8639,val
Squats/1.MOV_20201221091849_8640.JPEG,squat,1.MOV,8640,val
Squats/1.MOV_20201221091849_8641.JPEG,squat,1.MOV,8641,val
Squats/1.MOV_20201221091849_8642.JPEG,squat,1.MOV,8642,val
Squats/1.MOV_20201221091849_8653.JPEG,squat,1.MOV,8653,train
Squats/1.MOV_20201221091849_8654.JPEG,squat,1.MOV,8654,train
Squats/1.MOV_20201221091849_8655.JPEG,squat,1.MOV,8655,train
Squats/1.MOV_20201221091849_8656.JPEG,squat,1.MOV,8656,train
Squats/1.MOV_20201221091849_8657.JPEG,squat,1.MOV,8657,train
Squats/1.MOV_20201221091849_8658.JPEG,squat,1.MOV,8658,train
Squats/1.MOV_20201221091849_8659.JPEG,squat,1.MOV,8659,train
Squats/1.MOV_20201221091849_8660.JPEG,squat,1.MOV,8660,train
Squats/1.MOV_20201221091849_8661.JPEG,squat,1.MOV,8661,train
Squats/1.MOV_20201221091849_8662.JPEG,squat,1.MOV,8662,train
Squats/1.MOV_20201221091849_8663.JPEG,squat,1.MOV,8663,train
Squats/1.MOV_20201221091849_8664.JPEG,squat,1.MOV,8664,train
Squats/1.MOV_20201221091849_8695.JPEG,squat,1.MOV,8695,train
Squats/1.MOV_20201221091849_8696.JPEG,squat,1.MOV,8696,train
Squats/1.MOV_20201221091849_8697.JPEG,squat,1.MOV,8697,train
Squats/1.MOV_20201221091849_8698.JPEG,squat,1.MOV,8698,train
Squats/1.MOV_20201221091849_8699.JPEG,squat,1.MOV,8699,train
Squats/1.MOV_20201221091849_8700.JPEG,squat,1.MOV,8700,train
Squats/1.MOV_20201221091849_8701.JPEG,squat,1.MOV,8701,train
Squats/1.MOV_20201221091849_8736.JPEG,squat,1.MOV,8736,test
Squats/1.MOV_20201221091849_8737.JPEG,squat,1.MOV,8737,test
Squats/1.MOV_20201221091849_8738.JPEG,squat,1.MOV,8738,test
Squats/1.MOV_20201221091849_8739.JPEG,squat,1.MOV,8739,test
Squats/1.MOV_20201221091849_8740.JPEG,squat,1.MOV,8740,test
Squats/1.MOV_20201221091849_8741.JPEG,squat,1.MOV,8741,test
Squats/1.MOV_20201221091849_8919.JPEG,squat,1.MOV,8919,train
Squats/1.MOV_20201221091849_8920.JPEG,squat,1.MOV,8920,train
Squats/1.MOV_20201221091849_8921.JPEG,squat,1.MOV,8921,train
Squats/1.MOV_20201221091849_8922.JPEG,squat,1.MOV,8922,train
Squats/1.MOV_20201221091849_8923.JPEG,squat,1.MOV,8923,train
Squats/1.MOV_20201221091849_8924.JPEG,squat,1.MOV,8924,train
Squats/1.MOV_20201221091849_8925.JPEG,squat,1.MOV,8925,train
Squats/1.MOV_20201221091849_8926.JPEG,squat,1.MOV,8926,train
Squats/1.MOV_20201221091849_8927.JPEG,squat,1.MOV,8927,train
Squats/1.MOV_20201221091849_8966.JPEG,squat,1.MOV,8966,val
Squats/1.MOV_20201221091849_8967.JPEG,squat,1.MOV,8967,val
Squats/1.MOV_20201221091849_8968.JPEG,squat,1.MOV,8968,val
Squats/1.MOV_20201221091849_8969.JPEG,squat,1.MOV,8969,val
Squats/1.MOV_20201221091849_8970.JPEG,squat,1.MOV,8970,val
Squats/1.MOV_20201221091849_8971.JPEG,squat,1.MOV,8971,val
Squats/1.MOV_20201221091849_8972.JPEG,squat,1.MOV,8972,val
Squats/1.MOV_20201221091849_8973.JPEG,squat,1.MOV,8973,val
Squats/1.MOV_20201221091849_9214.JPEG,squat,1.MOV,9214,train
Squats/1.MOV_20201221091849_9215.JPEG,squat,1.MOV,9215,train
Squats/1.MOV_20201221091849_9216.JPEG,squat,1.MOV,9216,train
Squats/1.MOV_20201221091849_9217.JPEG,squat,1.MOV,9217,train
Squats/1.MOV_20201221091849_9218.JPEG,squat,1.MOV,9218,train
Squats/1.MOV_20201221091849_9342.JPEG,squat,1.MOV,9342,train
Squats/1.MOV_20201221091849_9343.JPEG,squat,1.MOV,9343,train
Squats/1.MOV_20201221091849_9344.JPEG,squat,1.MOV,9344,train
Squats/1.MOV_20201221091849_9345.JPEG,squat,1.MOV,9345,train
Squats/1.MOV_20201221091849_9555.JPEG,squat,1.MOV,9555,train
Squats/1.MOV_20201221091849_9556.JPEG,squat,1.MOV,9556,train
Squats/1.MOV_20201221091849_9557.JPEG,squat,1.MOV,9557,train
Squats/1.MOV_20201221091849_9558.JPEG,squat,1.MOV,9558,train
Squats/1.MOV_20201221091849_9559.JPEG,squat,1.MOV,9559,train
Squats/1.MOV_20201221091849_9867.JPEG,squat,1.MOV,9867,train
Squats/1.MOV_20201221091849_9868.JPEG,squat,1.MOV,9868,train
Squats/1.MOV_20201221091849_9869.JPEG,squat,1.MOV,9869,train
Squats/1.MOV_20201221091849_9870.JPEG,squat,1.MOV,9870,train
Squats/1.MOV_20201221091849_9871.JPEG,squat,1.MOV,9871,train
Squats/1.MOV_20201221091849_10140.JPEG,squat,1.MOV,10140,test
Squats/1.MOV_20201221091849_10141.JPEG,squat,1.MOV,10141,test
Squats/1.MOV_20201221091849_10142.JPEG,squat,1.MOV,10142,test
Squats/1.MOV_20201221091849_10143.JPEG,squat,1.MOV,10143,test
Squats/1.MOV_20201221091849_10144.JPEG,squat,1.MOV,10144,test
Squats/6.MOV_20201227192101_0004.JPEG,squat,6.MOV,4,train
Squats/6.MOV_20201227192101_0005.JPEG,squat,6.MOV,5,train
Squats/6.MOV_20201227192101_0006.JPEG,squat,6.MOV,6,train
Squats/6.MOV_20201227192101_0007.JPEG,squat,6.MOV,7,train
Squats/6.MOV_20201227192101_0008.JPEG,squat,6.MOV,8,train
Squats/6.MOV_20201227192101_0009.JPEG,squat,6.MOV,9,train
Squats/6.MOV_20201227192101_0010.JPEG,squat,6.MOV,10,train
Squats/6.MOV_20201227192101_0011.JPEG,squat,6.MOV,11,train
Squats/6.MOV_20201227192101_0012.JPEG,squat,6.MOV,12,train
Squats/6.MOV_20201227192101_0013.JPEG,squat,6.MOV,13,train
Squats/6.MOV_20201227192101_0014.JPEG,squat,6.MOV,14,train
Squats/6.MOV_20201227192101_0024.JPEG,squat,6.MOV,24,train
Squats/6.MOV_20201227192101_0025.JPEG,squat,6.MOV,25,train
Squats/6.MOV_20201227192101_0026.JPEG,squat,6.MOV,26,train
Squats/6.MOV_20201227192101_0027.JPEG,squat,6.MOV,27,train
Squats/6.MOV_20201227192101_0028.JPEG,squat,6.MOV,28,train
Squats/6.MOV_20201227192101_0045.JPEG,squat,6.MOV,45,val
Squats/6.MOV_20201227192101_0046.JPEG,squat,6.MOV,46,val
Squats/6.MOV_20201227192101_0047.JPEG,squat,6.MOV,47,val
Squats/6.MOV_20201227192101_0048.JPEG,squat,6.MOV,48,val
Squats/6.MOV_20201227192101_0049.JPEG,squat,6.MOV,49,val
Squats/6.MOV_20201227192101_0050.JPEG,squat,6.MOV,50,val
Squats/6.MOV_20201227192101_0051.JPEG,squat,6.MOV,51,val
Squats/6.MOV_20201227192101_0052.JPEG,squat,6.MOV,52,val
Squats/6.MOV_20201227192101_0053.JPEG,squat,6.MOV,53,val
Squats/6.MOV_20201227192101_0054.JPEG,squat,6.MOV,54,val
Squats/6.MOV_20201227192101_0055.JPEG,squat,6.MOV,55,val
Squats/6.MOV_20201227192101_0056.JPEG,squat,6.MOV,56,val
Squats/6.MOV_20201227192101_0057.JPEG,squat,6.MOV,57,val
Squats/6.MOV_20201227192101_0058.JPEG,squat,6.MOV,58,val
Squats/6.MOV_20201227192101_0059.JPEG,squat,6.MOV,59,val
Squats/6.MOV_20201227192101_0060.JPEG,squat,6.MOV,60,val
Squats/6.MOV_20201227192101_0069.JPEG,squat,6.MOV,69,train
Squats/6.MOV_20201227192101_0070.JPEG,squat,6.MOV,70,train
Squats/6.MOV_20201227192101_0071.JPEG,squat,6.MOV,71,train
Squats/6.MOV_20201227192101_0072.JPEG,squat,6.MOV,72,train
Squats/6.MOV_20201227192101_0073.JPEG,squat,6.MOV,73,train
Squats/6.MOV_20201227192101_0089.JPEG,squat,6.MOV,89,train
Squats/6.MOV_20201227192101_0090.JPEG,squat,6.MOV,90,train
Squats/6.MOV_20201227192101_0091.JPEG,squat,6.MOV,91,train
Squats/6.MOV_20201227192101_0092.JPEG,squat,6.MOV,92,train
Squats/6.MOV_20201227192101_0093.JPEG,squat,6.MOV,93,train
Squats/6.MOV_20201227192101_0094.JPEG,squat,6.MOV,94,train
Squats/6.MOV_20201227192101_0095.JPEG,squat,6.MOV,95,train
Squats/6.MOV_20201227192101_0096.JPEG,squat,6.MOV,96,train
Squats/6.MOV_20201227192101_0103.JPEG,squat,6.MOV,103,val
Squats/6.MOV_20201227192101_0104.JPEG,squat,6.MOV,104,val
Squats/6.MOV_20201227192101_0105.JPEG,squat,6.MOV,105,val
Squats/6.MOV_20201227192101_0106.JPEG,squat,6.MOV,106,val
Squats/6.MOV_20201227192101_0107.JPEG,squat,6.MOV,107,val
Squats/6.MOV_20201227192101_0108.JPEG,squat,6.MOV,108,val
Squats/6.MOV_20201227192101_0116.JPEG,squat,6.MOV,116,val
Squats/6.MOV_20201227192101_0117.JPEG,squat,6.MOV,117,val
Squats/6.MOV_20201227192101_0118.JPEG,squat,6.MOV,118,val
Squats/6.MOV_20201227192101_0119.JPEG,squat,6.MOV,119,val
Squats/6.MOV_20201227192101_0120.JPEG,squat,6.MOV,120,val
Squats/6.MOV_20201227192101_0121.JPEG,squat,6.MOV,121,val
Squats/6.MOV_20201227192101_0122.JPEG,squat,6.MOV,122,val
Squats/6.MOV_20201227192101_0123.JPEG,squat,6.MOV,123,val
Squats/6.MOV_20201227192101_0124.JPEG,squat,6.MOV,124,val
Squats/6.MOV_20201227192101_0125.JPEG,squat,6.MOV,125,val
Squats/6.MOV_20201227192101_0126.JPEG,squat,6.MOV,126,val
Squats/6.MOV_20201227192101_0127.JPEG,squat,6.MOV,127,val
Squats/6.MOV_20201227192101_0128.JPEG,squat,6.MOV,128,val
Squats/6.MOV_20201227192101_0129.JPEG,squat,6.MOV,129,val
Squats/6.MOV_20201227192101_0130.JPEG,squat,6.MOV,130,val
Squats/6.MOV_20201227192101_0131.JPEG,squat,6.MOV,131,val
Squats/6.MOV_20201227192101_0132.JPEG,squat,6.MOV,132,val
Squats/6.MOV_20201227192101_0133.JPEG,squat,6.MOV,133,val
Squats/6.MOV_20201227192101_0137.JPEG,squat,6.MOV,137,train
Squats/6.MOV_20201227192101_0138.JPEG,squat,6.MOV,138,train
Squats/6.MOV_20201227192101_0139.JPEG,squat,6.MOV,139,train
Squats/6.MOV_20201227192101_0140.JPEG,squat,6.MOV,140,train
Squats/6.MOV_20201227192101_0141.JPEG,squat,6.MOV,141,train
Squats/6.MOV_20201227192101_0142.JPEG,squat,6.MOV,142,train
Squats/6.MOV_20201227192101_0143.JPEG,squat,6.MOV,143,train
Squats/6.MOV_20201227192101_0144.JPEG,squat,6.MOV,144,train
Squats/6.MOV_20201227192101_0217.JPEG,squat,6.MOV,217,train
Squats/6.MOV_20201227192101_0218.JPEG,squat,6.MOV,218,train
Squats/6.MOV_20201227192101_0219.JPEG,squat,6.MOV,219,train
Squats/6.MOV_20201227192101_0220.JPEG,squat,6.MOV,220,train
Squats/6.MOV_20201227192101_0271.JPEG,squat,6.MOV,271,train
Squats/6.MOV_20201227192101_0272.JPEG,squat,6.MOV,272,train
Squats/6.MOV_20201227192101_0273.JPEG,squat,6.MOV,273,train
Squats/6.MOV_20201227192101_0274.JPEG,squat,6.MOV,274,train
Squats/6.MOV_20201227192101_0275.JPEG,squat,6.MOV,275,train
Squats/6.MOV_20201227192101_0276.JPEG,squat,6.MOV,276,train
Squats/6.MOV_20201227192101_0278.JPEG,squat,6.MOV,278,train
Squats/6.MOV_20201227192101_0279.JPEG,squat,6.MOV,279,train
Squats/6.MOV_20201227192101_0280.JPEG,squat,6.MOV,280,train
Squats/6.MOV_20201227192101_0281.JPEG,squat,6.MOV,281,train
Squats/6.MOV_20201227192101_0282.JPEG,squat,6.MOV,282,train
Squats/6.MOV_20201227192101_0283.JPEG,squat,6.MOV,283,train
Squats/6.MOV_20201227192101_0284.JPEG,squat,6.MOV,284,train
Squats/6.MOV_20201227192101_0285.JPEG,squat,6.MOV,285,train
Squats/6.MOV_20201227192101_0286.JPEG,squat,6.MOV,286,train
Squats/6.MOV_20201227192101_0287.JPEG,squat,6.MOV,287,train
Squats/6.MOV_20201227192101_0288.JPEG,squat,6.MOV,288,train
Squats/6.MOV_20201227192101_0289.JPEG,squat,6.MOV,289,train
Squats/6.MOV_20201227192101_0347.JPEG,squat,6.MOV,347,train
Squats/6.MOV_20201227192101_0348.JPEG,squat,6.MOV,348,train
Squats/6.MOV_20201227192101_0349.JPEG,squat,6.MOV,349,train
Squats/6.MOV_20201227192101_0350.JPEG,squat,6.MOV,350,train
Squats/6.MOV_20201227192101_0364.JPEG,squat,6.MOV,364,train
Squats/6.MOV_20201227192101_0365.JPEG,squat,6.MOV,365,train
Squats/6.MOV_20201227192101_0366.JPEG,squat,6.MOV,366,train
Squats/6.MOV_20201227192101_0367.JPEG,squat,6.MOV,367,train
Squats/6.MOV_20201227192101_0368.JPEG,squat,6.MOV,368,train
Squats/6.MOV_20201227192101_0369.JPEG,squat,6.MOV,369,train
Squats/6.MOV_20201227192101_0370.JPEG,squat,6.MOV,370,train
Squats/6.MOV_20201227192101_0371.JPEG,squat,6.MOV,371,train
Squats/6.MOV_20201227192101_0372.JPEG,squat,6.MOV,372,train
Squats/6.MOV_20201227192101_0378.JPEG,squat,6.MOV,378,train
Squats/6.MOV_20201227192101_0379.JPEG,squat,6.MOV,379,train
Squats/6.MOV_20201227192101_0380.JPEG,squat,6.MOV,380,train
Squats/6.MOV_20201227192101_0381.JPEG,squat,6.MOV,381,train
Squats/6.MOV_20201227192101_0382.JPEG,squat,6.MOV,382,train
Squats/6.MOV_20201227192101_0383.JPEG,squat,6.MOV,383,train
Squats/6.MOV_20201227192101_0384.JPEG,squat,6.MOV,384,train
Squats/6.MOV_20201227192101_0392.JPEG,squat,6.MOV,392,val
Squats/6.MOV_20201227192101_0393.JPEG,squat,6.MOV,393,val
Squats/6.MOV_20201227192101_0394.JPEG,squat,6.MOV,394,val
Squats/6.MOV_20201227192101_0395.JPEG,squat,6.MOV,395,val
Squats/6.MOV_20201227192101_0424.JPEG,squat,6.MOV,424,train
Squats/6.MOV_20201227192101_0425.JPEG,squat,6.MOV,425,train
Squats/6.MOV_20201227192101_0426.JPEG,squat,6.MOV,426,train
Squats/6.MOV_20201227192101_0427.JPEG,squat,6.MOV,427,train
Squats/6.MOV_20201227192101_0428.JPEG,squat,6.MOV,428,train
Squats/6.MOV_20201227192101_0441.JPEG,squat,6.MOV,441,train
Squats/6.MOV_20201227192101_0442.JPEG,squat,6.MOV,442,train
Squats/6.MOV_20201227192101_0443.JPEG,squat,6.MOV,443,train
Squats/6.MOV_20201227192101_0444.JPEG,squat,6.MOV,444,train
Squats/6.MOV_20201227192101_0445.JPEG,squat,6.MOV,445,train
Squats/6.MOV_20201227192101_0446.JPEG,squat,6.MOV,446,train
Squats/6.MOV_20201227192101_0447.JPEG,squat,6.MOV,447,train
Squats/6.MOV_20201227192101_0485.JPEG,squat,6.MOV,485,train
Squats/6.MOV_20201227192101_0486.JPEG,squat,6.MOV,486,train
Squats/6.MOV_20201227192101_0487.JPEG,squat,6.MOV,487,train
Squats/6.MOV_20201227192101_0488.JPEG,squat,6.MOV,488,train
Squats/6.MOV_20201227192101_0489.JPEG,squat,6.MOV,489,train
Squats/6.MOV_20201227192101_0490.JPEG,squat,6.MOV,490,train
Squats/6.MOV_20201227192101_0491.JPEG,squat,6.MOV,491,train
Squats/6.MOV_20201227192101_0492.JPEG,squat,6.MOV,492,train
Squats/6.MOV_20201227192101_0493.JPEG,squat,6.MOV,493,train
Squats/6.MOV_20201227192101_0494.JPEG,squat,6.MOV,494,train
Squats/6.MOV_20201227192101_0495.JPEG,squat,6.MOV,495,train
Squats/6.MOV_20201227192101_0496.JPEG,squat,6.MOV,496,train
Squats/6.MOV_20201227192101_0497.JPEG,squat,6.MOV,497,train
Squats/6.MOV_20201227192101_0549.JPEG,squat,6.MOV,549,train
Squats/6.MOV_20201227192101_0550.JPEG,squat,6.MOV,550,train
Squats/6.MOV_20201227192101_0551.JPEG,squat,6.MOV,551,train
Squats/6.MOV_20201227192101_0552.JPEG,squat,6.MOV,552,train
Squats/6.MOV_20201227192101_0553.JPEG,squat,6.MOV,553,train
Squats/6.MOV_20201227192101_0554.JPEG,squat,6.MOV,554,train
Squats/6.MOV_20201227192101_0555.JPEG,squat,6.MOV,555,train
Squats/6.MOV_20201227192101_0556.JPEG,squat,6.MOV,556,train
Squats/6.MOV_20201227192101_0557.JPEG,squat,6.MOV,557,train
Squats/6.MOV_20201227192101_0558.JPEG,squat,6.MOV,558,train
Squats/6.MOV_20201227192101_0669.JPEG,squat,6.MOV,669,train
Squats/6.MOV_20201227192101_0670.JPEG,squat,6.MOV,670,train
Squats/6.MOV_20201227192101_0671.JPEG,squat,6.MOV,671,train
Squats/6.MOV_20201227192101_0672.JPEG,squat,6.MOV,672,train
Squats/6.MOV_20201227192101_0673.JPEG,squat,6.MOV,673,train
Squats/6.MOV_20201227192101_0674.JPEG,squat,6.MOV,674,train
Squats/6.MOV_20201227192101_0675.JPEG,squat,6.MOV,675,train
Squats/6.MOV_20201227192101_0676.JPEG,squat,6.MOV,676,train
Squats/6.MOV_20201227192101_0677.JPEG,squat,6.MOV,677,train
Squats/6.MOV_20201227192101_0678.JPEG,squat,6.MOV,678,train
Squats/6.MOV_20201227192101_0683.JPEG,squat,6.MOV,683,train
Squats/6.MOV_20201227192101_0684.JPEG,squat,6.MOV,684,train
Squats/6.MOV_20201227192101_0685.JPEG,squat,6.MOV,685,train
Squats/6.MOV_20201227192101_0686.JPEG,squat,6.MOV,686,train
Squats/6.MOV_20201227192101_0710.JPEG,squat,6.MOV,710,train
Squats/6.MOV_20201227192101_0711.JPEG,squat,6.MOV,711,train
Squats/6.MOV_20201227192101_0712.JPEG,squat,6.MOV,712,train
Squats/6.MOV_20201227192101_0713.JPEG,squat,6.MOV,713,train
Squats/6.MOV_20201227192101_0714.JPEG,squat,6.MOV,714,train
Squats/6.MOV_20201227192101_0715.JPEG,squat,6.MOV,715,train
Squats/6.MOV_20201227192101_0724.JPEG,squat,6.MOV,724,train
Squats/6.MOV_20201227192101_0725.JPEG,squat,6.MOV,725,train
Squats/6.MOV_20201227192101_0726.JPEG,squat,6.MOV,726,train
Squats/6.MOV_20201227192101_0727.JPEG,squat,6.MOV,727,train
Squats/6.MOV_20201227192101_0728.JPEG,squat,6.MOV,728,train
Squats/6.MOV_20201227192101_0729.JPEG,squat,6.MOV,729,train
Squats/6.MOV_20201227192101_0741.JPEG,squat,6.MOV,741,val
Squats/6.MOV_20201227192101_0742.JPEG,squat,6.MOV,742,val
Squats/6.MOV_20201227192101_0743.JPEG,squat,6.MOV,743,val
Squats/6.MOV_20201227192101_0744.JPEG,squat,6.MOV,744,val
Squats/6.MOV_20201227192101_0745.JPEG,squat,6.MOV,745,val
Squats/6.MOV_20201227192101_0746.JPEG,squat,6.MOV,746,val
Squats/6.MOV_20201227192101_0747.JPEG,squat,6.MOV,747,val
Squats/6.MOV_20201227192101_0748.JPEG,squat,6.MOV,748,val
Squats/6.MOV_20201227192101_0749.JPEG,squat,6.MOV,749,val
Squats/6.MOV_20201227192101_0750.JPEG,squat,6.MOV,750,val
Squats/6.MOV_20201227192101_0751.JPEG,squat,6.MOV,751,val
Squats/6.MOV_20201227192101_0752.JPEG,squat,6.MOV,752,val
Squats/6.MOV_20201227192101_0753.JPEG,squat,6.MOV,753,val
Squats/6.MOV_20201227192101_0754.JPEG,squat,6.MOV,754,val
Squats/6.MOV_20201227192101_0755.JPEG,squat,6.MOV,755,val
Squats/6.MOV_20201227192101_0756.JPEG,squat,6.MOV,756,val
Squats/6.MOV_20201227192101_0757.JPEG,squat,6.MOV,757,val
Squats/6.MOV_20201227192101_0839.JPEG,squat,6.MOV,839,val
Squats/6.MOV_20201227192101_0840.JPEG,squat,6.MOV,840,val
Squats/6.MOV_20201227192101_0841.JPEG,squat,6.MOV,841,val
Squats/6.MOV_20201227192101_0842.JPEG,squat,6.MOV,842,val
Squats/6.MOV_20201227192101_0843.JPEG,squat,6.MOV,843,val
Squats/6.MOV_20201227192101_0844.JPEG,squat,6.MOV,844,val
Squats/6.MOV_20201227192101_0845.JPEG,squat,6.MOV,845,val
Squats/6.MOV_20201227192101_0846.JPEG,squat,6.MOV,846,val
Squats/6.MOV_20201227192101_0847.JPEG,squat,6.MOV,847,val
Squats/6.MOV_20201227192101_0848.JPEG,squat,6.MOV,848,val
Squats/6.MOV_20201227192101_0853.JPEG,squat,6.MOV,853,train
Squats/6.MOV_20201227192101_0854.JPEG,squat,6.MOV,854,train
Squats/6.MOV_20201227192101_0855.JPEG,squat,6.MOV,855,train
Squats/6.MOV_20201227192101_0856.JPEG,squat,6.MOV,856,train
Squats/6.MOV_20201227192101_0857.JPEG,squat,6.MOV,857,train
Squats/6.MOV_20201227192101_0858.JPEG,squat,6.MOV,858,train
Squats/6.MOV_20201227192101_0859.JPEG,squat,6.MOV,859,train
Squats/6.MOV_20201227192101_0860.JPEG,squat,6.MOV,860,train
Squats/6.MOV_20201227192101_0867.JPEG,squat,6.MOV,867,test
Squats/6.MOV_20201227192101_0868.JPEG,squat,6.MOV,868,test
Squats/6.MOV_20201227192101_0869.JPEG,squat,6.MOV,869,test
Squats/6.MOV_20201227192101_0870.JPEG,squat,6.MOV,870,test
Squats/6.MOV_20201227192101_0871.JPEG,squat,6.MOV,871,test
Squats/6.MOV_20201227192101_0872.JPEG,squat,6.MOV,872,test
Squats/6.MOV_20201227192101_0873.JPEG,squat,6.MOV,873,test
Squats/6.MOV_20201227192101_0874.JPEG,squat,6.MOV,874,test
Squats/6.MOV_20201227192101_0890.JPEG,squat,6.MOV,890,val
Squats/6.MOV_20201227192101_0891.JPEG,squat,6.MOV,891,val
Squats/6.MOV_20201227192101_0892.JPEG,squat,6.MOV,892,val
Squats/6.MOV_20201227192101_0893.JPEG,squat,6.MOV,893,val
Squats/6.MOV_20201227192101_0894.JPEG,squat,6.MOV,894,val
Squats/6.MOV_20201227192101_0895.JPEG,squat,6.MOV,895,val
Squats/6.MOV_20201227192101_0922.JPEG,squat,6.MOV,922,val
Squats/6.MOV_20201227192101_0923.JPEG,squat,6.MOV,923,val
Squats/6.MOV_20201227192101_0924.JPEG,squat,6.MOV,924,val
Squats/6.MOV_20201227192101_0925.JPEG,squat,6.MOV,925,val
Squats/6.MOV_20201227192101_0926.JPEG,squat,6.MOV,926,val
Squats/6.MOV_20201227192101_0927.JPEG,squat,6.MOV,927,val
Squats/6.MOV_20201227192101_0928.JPEG,squat,6.MOV,928,val
Squats/6.MOV_20201227192101_0929.JPEG,squat,6.MOV,929,val
Squats/6.MOV_20201227192101_1013.JPEG,squat,6.MOV,1013,test
Squats/6.MOV_20201227192101_1014.JPEG,squat,6.MOV,1014,test
Squats/6.MOV_20201227192101_1015.JPEG,squat,6.MOV,1015,test
Squats/6.MOV_20201227192101_1016.JPEG,squat,6.MOV,1016,test
Squats/6.MOV_20201227192101_1017.JPEG,squat,6.MOV,1017,test
Squats/6.MOV_20201227192101_1018.JPEG,squat,6.MOV,1018,test
Squats/6.MOV_20201227192101_1019.JPEG,squat,6.MOV,1019,test
Squats/6.MOV_20201227192101_1109.JPEG,squat,6.MOV,1109,train
Squats/6.MOV_20201227192101_1110.JPEG,squat,6.MOV,1110,train
Squats/6.MOV_20201227192101_1111.JPEG,squat,6.MOV,1111,train
Squats/6.MOV_20201227192101_1112.JPEG,squat,6.MOV,1112,train
Squats/6.MOV_20201227192101_1113.JPEG,squat,6.MOV,1113,train
Squats/6.MOV_20201227192101_1114.JPEG,squat,6.MOV,1114,train
Squats/6.MOV_20201227192101_1115.JPEG,squat,6.MOV,1115,train
Squats/6.MOV_20201227192101_1116.JPEG,squat,6.MOV,1116,train
Squats/6.MOV_20201227192101_1216.JPEG,squat,6.MOV,1216,test
Squats/6.MOV_20201227192101_1217.JPEG,squat,6.MOV,1217,test
Squats/6.MOV_20201227192101_1218.JPEG,squat,6.MOV,1218,test
Squats/6.MOV_20201227192101_1219.JPEG,squat,6.MOV,1219,test
Squats/6.MOV_20201227192101_1220.JPEG,squat,6.MOV,1220,test
Squats/6.MOV_20201227192101_1221.JPEG,squat,6.MOV,1221,test
Squats/6.MOV_20201227192101_1222.JPEG,squat,6.MOV,1222,test
Squats/6.MOV_20201227192101_1223.JPEG,squat,6.MOV,1223,test
Squats/6.MOV_20201227192101_1224.JPEG,squat,6.MOV,1224,test
Squats/6.MOV_20201227192101_1225.JPEG,squat,6.MOV,1225,test
Squats/6.MOV_20201227192101_1226.JPEG,squat,6.MOV,1226,test
Squats/6.MOV_20201227192101_1241.JPEG,squat,6.MOV,1241,train
Squats/6.MOV_20201227192101_1242.JPEG,squat,6.MOV,1242,train
Squats/6.MOV_20201227192101_1243.JPEG,squat,6.MOV,1243,train
Squats/6.MOV_20201227192101_1244.JPEG,squat,6.MOV,1244,train
Squats/6.MOV_20201227192101_1245.JPEG,squat,6.MOV,1245,train
Squats/6.MOV_20201227192101_1246.JPEG,squat,6.MOV,1246,train
Squats/6.MOV_20201227192101_1247.JPEG,squat,6.MOV,1247,train
Squats/6.MOV_20201227192101_1248.JPEG,squat,6.MOV,1248,train
Squats/6.MOV_20201227192101_1249.JPEG,squat,6.MOV,1249,train
Squats/6.MOV_20201227192101_1250.JPEG,squat,6.MOV,1250,train
Squats/6.MOV_20201227192101_1463.JPEG,squat,6.MOV,1463,test
Squats/6.MOV_20201227192101_1464.JPEG,squat,6.MOV,1464,test
Squats/6.MOV_20201227192101_1465.JPEG,squat,6.MOV,1465,test
Squats/6.MOV_20201227192101_1466.JPEG,squat,6.MOV,1466,test
Squats/6.MOV_20201227192101_1467.JPEG,squat,6.MOV,1467,test
Squats/6.MOV_20201227192101_1468.JPEG,squat,6.MOV,1468,test
Squats/6.MOV_20201227192101_1469.JPEG,squat,6.MOV,1469,test
Squats/6.MOV_20201227192101_1470.JPEG,squat,6.MOV,1470,test
Squats/6.MOV_20201227192101_1542.JPEG,squat,6.MOV,1542,train
Squats/6.MOV_20201227192101_1543.JPEG,squat,6.MOV,1543,train
Squats/6.MOV_20201227192101_1544.JPEG,squat,6.MOV,1544,train
Squats/6.MOV_20201227192101_1545.JPEG,squat,6.MOV,1545,train
Squats/6.MOV_20201227192101_1546.JPEG,squat,6.MOV,1546,train
Squats/6.MOV_20201227192101_1586.JPEG,squat,6.MOV,1586,train
Squats/6.MOV_20201227192101_1587.JPEG,squat,6.MOV,1587,train
Squats/6.MOV_20201227192101_1588.JPEG,squat,6.MOV,1588,train
Squats/6.MOV_20201227192101_1589.JPEG,squat,6.MOV,1589,train
Squats/6.MOV_20201227192101_1590.JPEG,squat,6.MOV,1590,train
Squats/6.MOV_20201227192101_1591.JPEG,squat,6.MOV,1591,train
Squats/6.MOV_20201227192101_1592.JPEG,squat,6.MOV,1592,train
Squats/6.MOV_20201227192101_1593.JPEG,squat,6.MOV,1593,train
Squats/6.MOV_20201227192101_1594.JPEG,squat,6.MOV,1594,train
Squats/6.MOV_20201227192101_1660.JPEG,squat,6.MOV,1660,train
Squats/6.MOV_20201227192101_1661.JPEG,squat,6.MOV,1661,train
Squats/6.MOV_20201227192101_1662.JPEG,squat,6.MOV,1662,train
Squats/6.MOV_20201227192101_1663.JPEG,squat,6.MOV,1663,train
Squats/6.MOV_20201227192101_1719.JPEG,squat,6.MOV,1719,train
Squats/6.MOV_20201227192101_1720.JPEG,squat,6.MOV,1720,train
Squats/6.MOV_20201227192101_1721.JPEG,squat,6.MOV,1721,train
Squats/6.MOV_20201227192101_1722.JPEG,squat,6.MOV,1722,train
Squats/6.MOV_20201227192101_1723.JPEG,squat,6.MOV,1723,train
Squats/6.MOV_20201227192101_1724.JPEG,squat,6.MOV,1724,train
Squats/6.MOV_20201227192101_1725.JPEG,squat,6.MOV,1725,train
Squats/6.MOV_20201227192101_1795.JPEG,squat,6.MOV,1795,train
Squats/6.MOV_20201227192101_1796.JPEG,squat,6.MOV,1796,train
Squats/6.MOV_20201227192101_1797.JPEG,squat,6.MOV,1797,train
Squats/6.MOV_20201227192101_1798.JPEG,squat,6.MOV,1798,train
Squats/6.MOV_20201227192101_1799.JPEG,squat,6.MOV,1799,train
Squats/6.MOV_20201227192101_1800.JPEG,squat,6.MOV,1800,train
Squats/6.MOV_20201227192101_1801.JPEG,squat,6.MOV,1801,train
Squats/6.MOV_20201227192101_1851.JPEG,squat,6.MOV,1851,val
Squats/6.MOV_20201227192101_1852.JPEG,squat,6.MOV,1852,val
Squats/6.MOV_20201227192101_1853.JPEG,squat,6.MOV,1853,val
Squats/6.MOV_20201227192101_1854.JPEG,squat,6.MOV,1854,val
Squats/6.MOV_20201227192101_1855.JPEG,squat,6.MOV,1855,val
Squats/6.MOV_20201227192101_1856.JPEG,squat,6.MOV,1856,val
Squats/6.MOV_20201227192101_1912.JPEG,squat,6.MOV,1912,val
Squats/6.MOV_20201227192101_1913.JPEG,squat,6.MOV,1913,val
Squats/6.MOV_20201227192101_1914.JPEG,squat,6.MOV,1914,val
Squats/6.MOV_20201227192101_1915.JPEG,squat,6.MOV,1915,val
Squats/6.MOV_20201227192101_1916.JPEG,squat,6.MOV,1916,val
Squats/6.MOV_20201227192101_1917.JPEG,squat,6.MOV,1917,val
Squats/6.MOV_20201227192101_1927.JPEG,squat,6.MOV,1927,train
Squats/6.MOV_20201227192101_1928.JPEG,squat,6.MOV,1928,train
Squats/6.MOV_20201227192101_1929.JPEG,squat,6.MOV,1929,train
Squats/6.MOV_20201227192101_1930.JPEG,squat,6.MOV,1930,train
Squats/6.MOV_20201227192101_1931.JPEG,squat,6.MOV,1931,train
Squats/6.MOV_20201227192101_1932.JPEG,squat,6.MOV,1932,train
Squats/6.MOV_20201227192101_1933.JPEG,squat,6.MOV,1933,train
Squats/6.MOV_20201227192101_1934.JPEG,squat,6.MOV,1934,train
Squats/6.MOV_20201227192101_2054.JPEG,squat,6.MOV,2054,train
Squats/6.MOV_20201227192101_2055.JPEG,squat,6.MOV,2055,train
Squats/6.MOV_20201227192101_2056.JPEG,squat,6.MOV,2056,train
Squats/6.MOV_20201227192101_2057.JPEG,squat,6.MOV,2057,train
Squats/6.MOV_20201227192101_2058.JPEG,squat,6.MOV,2058,train
Squats/6.MOV_20201227192101_2059.JPEG,squat,6.MOV,2059,train
Squats/6.MOV_20201227192101_2060.JPEG,squat,6.MOV,2060,train
Squats/6.MOV_20201227192101_2061.JPEG,squat,6.MOV,2061,train
Squats/6.MOV_20201227192101_2145.JPEG,squat,6.MOV,2145,test
Squats/6.MOV_20201227192101_2146.JPEG,squat,6.MOV,2146,test
Squats/6.MOV_20201227192101_2147.JPEG,squat,6.MOV,2147,test
Squats/6.MOV_20201227192101_2148.JPEG,squat,6.MOV,2148,test
Squats/6.MOV_20201227192101_2149.JPEG,squat,6.MOV,2149,test
Squats/6.MOV_20201227192101_2150.JPEG,squat,6.MOV,2150,test
Squats/6.MOV_20201227192101_2151.JPEG,squat,6.MOV,2151,test
Squats/6.MOV_20201227192101_2162.JPEG,squat,6.MOV,2162,train
Squats/6.MOV_20201227192101_2163.JPEG,squat,6.MOV,2163,train
Squats/6.MOV_20201227192101_2164.JPEG,squat,6.MOV,2164,train
Squats/6.MOV_20201227192101_2165.JPEG,squat,6.MOV,2165,train
Squats/6.MOV_20201227192101_2166.JPEG,squat,6.MOV,2166,train
Squats/6.MOV_20201227192101_2167.JPEG,squat,6.MOV,2167,train
Squats/6.MOV_20201227192101_2168.JPEG,squat,6.MOV,2168,train
Squats/6.MOV_20201227192101_2169.JPEG,squat,6.MOV,2169,train
Squats/6.MOV_20201227192101_2182.JPEG,squat,6.MOV,2182,train
Squats/6.MOV_20201227192101_2183.JPEG,squat,6.MOV,2183,train
Squats/6.MOV_20201227192101_2184.JPEG,squat,6.MOV,2184,train
Squats/6.MOV_20201227192101_2185.JPEG,squat,6.MOV,2185,train
Squats/6.MOV_20201227192101_2186.JPEG,squat,6.MOV,2186,train
Squats/6.MOV_20201227192101_2187.JPEG,squat,6.MOV,2187,train
Squats/6.MOV_20201227192101_2188.JPEG,squat,6.MOV,2188,train
Squats/6.MOV_20201227192101_2189.JPEG,squat,6.MOV,2189,train
Squats/6.MOV_20201227192101_2190.JPEG,squat,6.MOV,2190,train
Squats/6.MOV_20201227192101_2217.JPEG,squat,6.MOV,2217,train
Squats/6.MOV_20201227192101_2218.JPEG,squat,6.MOV,2218,train
Squats/6.MOV_20201227192101_2219.JPEG,squat,6.MOV,2219,train
Squats/6.MOV_20201227192101_2220.JPEG,squat,6.MOV,2220,train
Squats/6.MOV_20201227192101_2221.JPEG,squat,6.MOV,2221,train
Squats/6.MOV_20201227192101_2222.JPEG,squat,6.MOV,2222,train
Squats/6.MOV_20201227192101_2223.JPEG,squat,6.MOV,2223,train
Squats/6.MOV_20201227192101_2224.JPEG,squat,6.MOV,2224,train
Squats/6.MOV_20201227192101_2225.JPEG,squat,6.MOV,2225,train
Squats/6.MOV_20201227192101_2242.JPEG,squat,6.MOV,2242,train
Squats/6.MOV_20201227192101_2243.JPEG,squat,6.MOV,2243,train
Squats/6.MOV_20201227192101_2244.JPEG,squat,6.MOV,2244,train
Squats/6.MOV_20201227192101_2245.JPEG,squat,6.MOV,2245,train
Squats/6.MOV_20201227192101_2246.JPEG,squat,6.MOV,2246,train
Squats/6.MOV_20201227192101_2247.JPEG,squat,6.MOV,2247,train
Squats/6.MOV_20201227192101_2248.JPEG,squat,6.MOV,2248,train
Squats/6.MOV_20201227192101_2249.JPEG,squat,6.MOV,2249,train
Squats/6.MOV_20201227192101_2250.JPEG,squat,6.MOV,2250,train
Squats/6.MOV_20201227192101_2251.JPEG,squat,6.MOV,2251,train
Squats/6.MOV_20201227192101_2252.JPEG,squat,6.MOV,2252,train
Squats/6.MOV_20201227192101_2253.JPEG,squat,6.MOV,2253,train
Squats/6.MOV_20201227192101_2254.JPEG,squat,6.MOV,2254,train
Squats/6.MOV_20201227192101_2255.JPEG,squat,6.MOV,2255,train
Squats/6.MOV_20201227192101_2256.JPEG,squat,6.MOV,2256,train
Squats/6.MOV_20201227192101_2257.JPEG,squat,6.MOV,2257,train
Squats/6.MOV_20201227192101_2295.JPEG,squat,6.MOV,2295,train
Squats/6.MOV_20201227192101_2296.JPEG,squat,6.MOV,2296,train
Squats/6.MOV_20201227192101_2297.JPEG,squat,6.MOV,2297,train
Squats/6.MOV_20201227192101_2298.JPEG,squat,6.MOV,2298,train
Squats/6.MOV_20201227192101_2299.JPEG,squat,6.MOV,2299,train
Squats/6.MOV_20201227192101_2300.JPEG,squat,6.MOV,2300,train
Squats/6.MOV_20201227192101_2301.JPEG,squat,6.MOV,2301,train
Squats/6.MOV_20201227192101_2302.JPEG,squat,6.MOV,2302,train
Squats/6.MOV_20201227192101_2303.JPEG,squat,6.MOV,2303,train
Squats/6.MOV_20201227192101_2304.JPEG,squat,6.MOV,2304,train
Squats/6.MOV_20201227192101_2305.JPEG,squat,6.MOV,2305,train
Squats/6.MOV_20201227192101_2306.JPEG,squat,6.MOV,2306,train
Squats/6.MOV_20201227192101_2307.JPEG,squat,6.MOV,2307,train
Squats/6.MOV_20201227192101_2337.JPEG,squat,6.MOV,2337,train
Squats/6.MOV_20201227192101_2338.JPEG,squat,6.MOV,2338,train
Squats/6.MOV_20201227192101_2339.JPEG,squat,6.MOV,2339,train
Squats/6.MOV_20201227192101_2340.JPEG,squat,6.MOV,2340,train
Squats/6.MOV_20201227192101_2341.JPEG,squat,6.MOV,2341,train
Squats/6.MOV_20201227192101_2342.JPEG,squat,6.MOV,2342,train
Squats/6.MOV_20201227192101_2343.JPEG,squat,6.MOV,2343,train
Squats/6.MOV_20201227192101_2344.JPEG,squat,6.MOV,2344,train
Squats/6.MOV_20201227192101_2345.JPEG,squat,6.MOV,2345,train
Squats/6.MOV_20201227192101_2346.JPEG,squat,6.MOV,2346,train
Squats/6.MOV_20201227192101_2347.JPEG,squat,6.MOV,2347,train
Squats/6.MOV_20201227192101_2348.JPEG,squat,6.MOV,2348,train
Squats/6.MOV_20201227192101_2349.JPEG,squat,6.MOV,2349,train
Squats/6.MOV_20201227192101_2350.JPEG,squat,6.MOV,2350,train
Squats/6.MOV_20201227192101_2351.JPEG,squat,6.MOV,2351,train
Squats/6.MOV_20201227192101_2352.JPEG,squat,6.MOV,2352,train
Squats/6.MOV_20201227192101_2353.JPEG,squat,6.MOV,2353,train
Squats/6.MOV_20201227192101_2354.JPEG,squat,6.MOV,2354,train
Squats/6.MOV_20201227192101_2355.JPEG,squat,6.MOV,2355,train
Squats/6.MOV_20201227192101_2356.JPEG,squat,6.MOV,2356,train
Squats/6.MOV_20201227192101_2357.JPEG,squat,6.MOV,2357,train
Squats/6.MOV_20201227192101_2358.JPEG,squat,6.MOV,2358,train
Squats/6.MOV_20201227192101_2359.JPEG,squat,6.MOV,2359,train
Squats/6.MOV_20201227192101_2360.JPEG,squat,6.MOV,2360,train
Squats/6.MOV_20201227192101_2361.JPEG,squat,6.MOV,2361,train
Squats/3.MOV_20201221130147_0648.JPEG,squat,3.MOV,648,train
Squats/3.MOV_20201221130147_0649.JPEG,squat,3.MOV,649,train
Squats/3.MOV_20201221130147_0650.JPEG,squat,3.MOV,650,train
Squats/3.MOV_20201221130147_0651.JPEG,squat,3.MOV,651,train
Squats/3.MOV_20201221130147_0652.JPEG,squat,3.MOV,652,train
Squats/3.MOV_20201221130147_0653.JPEG,squat,3.MOV,653,train
Squats/3.MOV_20201221130147_0823.JPEG,squat,3.MOV,823,val
Squats/3.MOV_20201221130147_0824.JPEG,squat,3.MOV,824,val
Squats/3.MOV_20201221130147_0825.JPEG,squat,3.MOV,825,val
Squats/3.MOV_20201221130147_0826.JPEG,squat,3.MOV,826,val
Squats/3.MOV_20201221130147_0827.JPEG,squat,3.MOV,827,val
Squats/3.MOV_20201221130147_0994.JPEG,squat,3.MOV,994,train
Squats/3.MOV_20201221130147_0995.JPEG,squat,3.MOV,995,train
Squats/3.MOV_20201221130147_0996.JPEG,squat,3.MOV,996,train
Squats/3.MOV_20201221130147_0997.JPEG,squat,3.MOV,997,train
Squats/3.MOV_20201221130147_0998.JPEG,squat,3.MOV,998,train
Squats/3.MOV_20201221130147_0999.JPEG,squat,3.MOV,999,train
Squats/3.MOV_20201221130147_1000.JPEG,squat,3.MOV,1000,train
Squats/3.MOV_20201221130147_1065.JPEG,squat,3.MOV,1065,test
Squats/3.MOV_20201221130147_1066.JPEG,squat,3.MOV,1066,test
Squats/3.MOV_20201221130147_1067.JPEG,squat,3.MOV,1067,test
Squats/3.MOV_20201221130147_1068.JPEG,squat,3.MOV,1068,test
Squats/3.MOV_20201221130147_1069.JPEG,squat,3.MOV,1069,test
Squats/3.MOV_20201221130147_1270.JPEG,squat,3.MOV,1270,val
Squats/3.MOV_20201221130147_1271.JPEG,squat,3.MOV,1271,val
Squats/3.MOV_20201221130147_1272.JPEG,squat,3.MOV,1272,val
Squats/3.MOV_20201221130147_1273.JPEG,squat,3.MOV,1273,val
Squats/3.MOV_20201221130147_1274.JPEG,squat,3.MOV,1274,val
Squats/3.MOV_20201221130147_1275.JPEG,squat,3.MOV,1275,val
Squats/3.MOV_20201221130147_1576.JPEG,squat,3.MOV,1576,train
Squats/3.MOV_20201221130147_1577.JPEG,squat,3.MOV,1577,train
Squats/3.MOV_20201221130147_1578.JPEG,squat,3.MOV,1578,train
Squats/3.MOV_20201221130147_1579.JPEG,squat,3.MOV,1579,train
Squats/3.MOV_20201221130147_1771.JPEG,squat,3.MOV,1771,train
Squats/3.MOV_20201221130147_1772.JPEG,squat,3.MOV,1772,train
Squats/3.MOV_20201221130147_1773.JPEG,squat,3.MOV,1773,train
Squats/3.MOV_20201221130147_1863.JPEG,squat,3.MOV,1863,train
Squats/3.MOV_20201221130147_1864.JPEG,squat,3.MOV,1864,train
Squats/3.MOV_20201221130147_1865.JPEG,squat,3.MOV,1865,train
Squats/3.MOV_20201221130147_1866.JPEG,squat,3.MOV,1866,train
Squats/3.MOV_20201221130147_2045.JPEG,squat,3.MOV,2045,train
Squats/3.MOV_20201221130147_2046.JPEG,squat,3.MOV,2046,train
Squats/3.MOV_20201221130147_2047.JPEG,squat,3.MOV,2047,train
Squats/3.MOV_20201221130147_2048.JPEG,squat,3.MOV,2048,train
Squats/3.MOV_20201221130147_2152.JPEG,squat,3.MOV,2152,train
Squats/3.MOV_20201221130147_2153.JPEG,squat,3.MOV,2153,train
Squats/3.MOV_20201221130147_2154.JPEG,squat,3.MOV,2154,train
Squats/3.MOV_20201221130147_2155.JPEG,squat,3.MOV,2155,train
Squats/3.MOV_20201221130147_2156.JPEG,squat,3.MOV,2156,train
Squats/3.MOV_20201221130147_2182.JPEG,squat,3.MOV,2182,test
Squats/3.MOV_20201221130147_2183.JPEG,squat,3.MOV,2183,test
Squats/3.MOV_20201221130147_2184.JPEG,squat,3.MOV,2184,test
Squats/3.MOV_20201221130147_2185.JPEG,squat,3.MOV,2185,test
Squats/3.MOV_20201221130147_2186.JPEG,squat,3.MOV,2186,test
Squats/3.MOV_20201221130147_2282.JPEG,squat,3.MOV,2282,train
Squats/3.MOV_20201221130147_2283.JPEG,squat,3.MOV,2283,train
Squats/3.MOV_20201221130147_2284.JPEG,squat,3.MOV,2284,train
Squats/3.MOV_20201221130147_2285.JPEG,squat,3.MOV,2285,train
Squats/3.MOV_20201221130147_2286.JPEG,squat,3.MOV,2286,train
Squats/3.MOV_20201221130147_2322.JPEG,squat,3.MOV,2322,train
Squats/3.MOV_20201221130147_2323.JPEG,squat,3.MOV,2323,train
Squats/3.MOV_20201221130147_2324.JPEG,squat,3.MOV,2324,train
Squats/3.MOV_20201221130147_2325.JPEG,squat,3.MOV,2325,train
Squats/3.MOV_20201221130147_2346.JPEG,squat,3.MOV,2346,train
Squats/3.MOV_20201221130147_2347.JPEG,squat,3.MOV,2347,train
Squats/3.MOV_20201221130147_2348.JPEG,squat,3.MOV,2348,train
Squats/3.MOV_20201221130147_2349.JPEG,squat,3.MOV,2349,train
Squats/3.MOV_20201221130147_2359.JPEG,squat,3.MOV,2359,val
Squats/3.MOV_20201221130147_2360.JPEG,squat,3.MOV,2360,val
Squats/3.MOV_20201221130147_2361.JPEG,squat,3.MOV,2361,val
Squats/3.MOV_20201221130147_2362.JPEG,squat,3.MOV,2362,val
Squats/3.MOV_20201221130147_2363.JPEG,squat,3.MOV,2363,val
Squats/3.MOV_20201221130147_2364.JPEG,squat,3.MOV,2364,val
Squats/3.MOV_20201221130147_2365.JPEG,squat,3.MOV,2365,val
Squats/3.MOV_20201221130147_2374.JPEG,squat,3.MOV,2374,train
Squats/3.MOV_20201221130147_2375.JPEG,squat,3.MOV,2375,train
Squats/3.MOV_20201221130147_2376.JPEG,squat,3.MOV,2376,train
Squats/3.MOV_20201221130147_2377.JPEG,squat,3.MOV,2377,train
Squats/3.MOV_20201221130147_2378.JPEG,squat,3.MOV,2378,train
Squats/3.MOV_20201221130147_2540.JPEG,squat,3.MOV,2540,train
Squats/3.MOV_20201221130147_2541.JPEG,squat,3.MOV,2541,train
Squats/3.MOV_20201221130147_2542.JPEG,squat,3.MOV,2542,train
Squats/3.MOV_20201221130147_2543.JPEG,squat,3.MOV,2543,train
Squats/3.MOV_20201221130147_2544.JPEG,squat,3.MOV,2544,train
Squats/3.MOV_20201221130147_2666.JPEG,squat,3.MOV,2666,train
Squats/3.MOV_20201221130147_2667.JPEG,squat,3.MOV,2667,train
Squats/3.MOV_20201221130147_2668.JPEG,squat,3.MOV,2668,train
Squats/3.MOV_20201221130147_2669.JPEG,squat,3.MOV,2669,train
Squats/3.MOV_20201221130147_2670.JPEG,squat,3.MOV,2670,train
Squats/3.MOV_20201221130147_2671.JPEG,squat,3.MOV,2671,train
Squats/3.MOV_20201221130147_2947.JPEG,squat,3.MOV,2947,train
Squats/3.MOV_20201221130147_2948.JPEG,squat,3.MOV,2948,train
Squats/3.MOV_20201221130147_2949.JPEG,squat,3.MOV,2949,train
Squats/3.MOV_20201221130147_2950.JPEG,squat,3.MOV,2950,train
Squats/3.MOV_20201221130147_3099.JPEG,squat,3.MOV,3099,val
Squats/3.MOV_20201221130147_3109.JPEG,squat,3.MOV,3109,test
Squats/3.MOV_20201221130147_3110.JPEG,squat,3.MOV,3110,test
Squats/3.MOV_20201221130147_3372.JPEG,squat,3.MOV,3372,train
Squats/3.MOV_20201221130147_3373.JPEG,squat,3.MOV,3373,train
Squats/3.MOV_20201221130147_3374.JPEG,squat,3.MOV,3374,train
Squats/4.MOV_20201222164809_0327.JPEG,squat,4.MOV,327,train
Squats/4.MOV_20201222164809_0328.JPEG,squat,4.MOV,328,train
Squats/4.MOV_20201222164809_0329.JPEG,squat,4.MOV,329,train
Squats/4.MOV_20201222164809_0330.JPEG,squat,4.MOV,330,train
Squats/4.MOV_20201222164809_0331.JPEG,squat,4.MOV,331,train
Squats/4.MOV_20201222164809_0332.JPEG,squat,4.MOV,332,train
Squats/4.MOV_20201222164809_0333.JPEG,squat,4.MOV,333,train
Squats/4.MOV_20201222164809_0334.JPEG,squat,4.MOV,334,train
Squats/4.MOV_20201222164809_0562.JPEG,squat,4.MOV,562,test
Squats/4.MOV_20201222164809_0563.JPEG,squat,4.MOV,563,test
Squats/4.MOV_20201222164809_0564.JPEG,squat,4.MOV,564,test
Squats/4.MOV_20201222164809_0565.JPEG,squat,4.MOV,565,test
Squats/4.MOV_20201222164809_0566.JPEG,squat,4.MOV,566,test
Squats/4.MOV_20201222164809_0567.JPEG,squat,4.MOV,567,test
Squats/4.MOV_20201222164809_0568.JPEG,squat,4.MOV,568,test
Squats/4.MOV_20201222164809_0749.JPEG,squat,4.MOV,749,train
Squats/4.MOV_20201222164809_0750.JPEG,squat,4.MOV,750,train
Squats/4.MOV_20201222164809_0751.JPEG,squat,4.MOV,751,train
Squats/4.MOV_20201222164809_0752.JPEG,squat,4.MOV,752,train
Squats/4.MOV_20201222164809_0803.JPEG,squat,4.MOV,803,train
Squats/4.MOV_20201222164809_0804.JPEG,squat,4.MOV,804,train
Squats/4.MOV_20201222164809_0805.JPEG,squat,4.MOV,805,train
Squats/4.MOV_20201222164809_0806.JPEG,squat,4.MOV,806,train
Squats/4.MOV_20201222164809_0807.JPEG,squat,4.MOV,807,train
Squats/4.MOV_20201222164809_0808.JPEG,squat,4.MOV,808,train
Squats/4.MOV_20201222164809_0809.JPEG,squat,4.MOV,809,train
Squats/4.MOV_20201222164809_0814.JPEG,squat,4.MOV,814,train
Squats/4.MOV_20201222164809_0815.JPEG,squat,4.MOV,815,train
Squats/4.MOV_20201222164809_0816.JPEG,squat,4.MOV,816,train
Squats/4.MOV_20201222164809_0817.JPEG,squat,4.MOV,817,train
Squats/4.MOV_20201222164809_0818.JPEG,squat,4.MOV,818,train
Squats/4.MOV_20201222164809_0840.JPEG,squat,4.MOV,840,train
Squats/4.MOV_20201222164809_0841.JPEG,squat,4.MOV,841,train
Squats/4.MOV_20201222164809_0842.JPEG,squat,4.MOV,842,train
Squats/4.MOV_20201222164809_0843.JPEG,squat,4.MOV,843,train
Squats/4.MOV_20201222164809_0844.JPEG,squat,4.MOV,844,train
Squats/4.MOV_20201222164809_0845.JPEG,squat,4.MOV,845,train
Spallings/5.MOV_20201223130541_2557.JPEG,spalling,5.MOV,2557,train
Spallings/5.MOV_20201223130541_2558.JPEG,spalling,5.MOV,2558,train
Spallings/5.MOV_20201223130541_2559.JPEG,spalling,5.MOV,2559,train
Spallings/5.MOV_20201223130541_2622.JPEG,spalling,5.MOV,2622,train
Spallings/5.MOV_20201223130541_2623.JPEG,spalling,5.MOV,2623,train
Spallings/5.MOV_20201223130541_2624.JPEG,spalling,5.MOV,2624,train
Spallings/5.MOV_20201223130541_2625.JPEG,spalling,5.MOV,2625,train
Spallings/5.MOV_20201223130541_2626.JPEG,spalling,5.MOV,2626,train
Spallings/5.MOV_20201223130541_2627.JPEG,spalling,5.MOV,2627,train
Spallings/5.MOV_20201223130541_2628.JPEG,spalling,5.MOV,2628,train
Spallings/5.MOV_20201223130541_2629.JPEG,spalling,5.MOV,2629,train
Spallings/5.MOV_20201223130541_2630.JPEG,spalling,5.MOV,2630,train
Spallings/5.MOV_20201223130541_2631.JPEG,spalling,5.MOV,2631,train
Spallings/5.MOV_20201223130541_2632.JPEG,spalling,5.MOV,2632,train
Spallings/5.MOV_20201223130541_2633.JPEG,spalling,5.MOV,2633,train
Spallings/5.MOV_20201223130541_2634.JPEG,spalling,5.MOV,2634,train
Spallings/5.MOV_20201223130541_2635.JPEG,spalling,5.MOV,2635,train
Spallings/5.MOV_20201223130541_2636.JPEG,spalling,5.MOV,2636,train
Spallings/5.MOV_20201223130541_2637.JPEG,spalling,5.MOV,2637,train
Spallings/5.MOV_20201223130541_2638.JPEG,spalling,5.MOV,2638,train
Spallings/5.MOV_20201223130541_2639.JPEG,spalling,5.MOV,2639,train
Spallings/5.MOV_20201223130541_2640.JPEG,spalling,5.MOV,2640,train
Spallings/5.MOV_20201223130541_2641.JPEG,spalling,5.MOV,2641,train
Spallings/5.MOV_20201223130541_5507.JPEG,spalling,5.MOV,5507,val
Spallings/5.MOV_20201223130541_5636.JPEG,spalling,5.MOV,5636,train
Spallings/5.MOV_20201223130541_5637.JPEG,spalling,5.MOV,5637,train
Spallings/5.MOV_20201223130541_5638.JPEG,spalling,5.MOV,5638,train
Spallings/5.MOV_20201223130541_5639.JPEG,spalling,5.MOV,5639,train
Spallings/5.MOV_20201223130541_5640.JPEG,spalling,5.MOV,5640,train
Spallings/5.MOV_20201223130541_5641.JPEG,spalling,5.MOV,5641,train
Spallings/5.MOV_20201223130541_5642.JPEG,spalling,5.MOV,5642,train
Spallings/5.MOV_20201223130541_5650.JPEG,spalling,5.MOV,5650,train
Spallings/5.MOV_20201223130541_5651.JPEG,spalling,5.MOV,5651,train
Spallings/5.MOV_20201223130541_5652.JPEG,spalling,5.MOV,5652,train
Spallings/5.MOV_20201223130541_5836.JPEG,spalling,5.MOV,5836,train
Spallings/5.MOV_20201223130541_5837.JPEG,spalling,5.MOV,5837,train
Spallings/5.MOV_20201223130541_5838.JPEG,spalling,5.MOV,5838,train
Spallings/5.MOV_20201223130541_5839.JPEG,spalling,5.MOV,5839,train
Spallings/5.MOV_20201223130541_5840.JPEG,spalling,5.MOV,5840,train
Spallings/5.MOV_20201223130541_5899.JPEG,spalling,5.MOV,5899,train
Spallings/5.MOV_20201223130541_5900.JPEG,spalling,5.MOV,5900,train
Spallings/5.MOV_20201223130541_5901.JPEG,spalling,5.MOV,5901,train
Spallings/5.MOV_20201223130541_6694.JPEG,spalling,5.MOV,6694,train
Spallings/5.MOV_20201223130541_6695.JPEG,spalling,5.MOV,6695,train
Spallings/5.MOV_20201223130541_6696.JPEG,spalling,5.MOV,6696,train
Spallings/5.MOV_20201223130541_6697.JPEG,spalling,5.MOV,6697,train
Spallings/5.MOV_20201223130541_6698.JPEG,spalling,5.MOV,6698,train
Spallings/5.MOV_20201223130541_6699.JPEG,spalling,5.MOV,6699,train
Spallings/5.MOV_20201223130541_6700.JPEG,spalling,5.MOV,6700,train
Spallings/5.MOV_20201223130541_6701.JPEG,spalling,5.MOV,6701,train
Spallings/5.MOV_20201223130541_6702.JPEG,spalling,5.MOV,6702,train
Spallings/5.MOV_20201223130541_6703.JPEG,spalling,5.MOV,6703,train
Spallings/5.MOV_20201223130541_6704.JPEG,spalling,5.MOV,6704,train
Spallings/5.MOV_20201223130541_6705.JPEG,spalling,5.MOV,6705,train
Spallings/5.MOV_20201223130541_6706.JPEG,spalling,5.MOV,6706,train
Spallings/5.MOV_20201223130541_6707.JPEG,spalling,5.MOV,6707,train
Spallings/5.MOV_20201223130541_6708.JPEG,spalling,5.MOV,6708,train
Spallings/5.MOV_20201223130541_6709.JPEG,spalling,5.MOV,6709,train
Spallings/5.MOV_20201223130541_6710.JPEG,spalling,5.MOV,6710,train
Spallings/5.MOV_20201223130541_6711.JPEG,spalling,5.MOV,6711,train
Spallings/5.MOV_20201223130541_6712.JPEG,spalling,5.MOV,6712,train
Spallings/5.MOV_20201223130541_6713.JPEG,spalling,5.MOV,6713,train
Spallings/5.MOV_20201223130541_6714.JPEG,spalling,5.MOV,6714,train
Spallings/5.MOV_20201223130541_6715.JPEG,spalling,5.MOV,6715,train
Spallings/5.MOV_20201223130541_6716.JPEG,spalling,5.MOV,6716,train
Spallings/5.MOV_20201223130541_6717.JPEG,spalling,5.MOV,6717,train
Spallings/5.MOV_20201223130541_6718.JPEG,spalling,5.MOV,6718,train
Spallings/5.MOV_20201223130541_6719.JPEG,spalling,5.MOV,6719,train
Spallings/5.MOV_20201223130541_6720.JPEG,spalling,5.MOV,6720,train
Spallings/5.MOV_20201223130541_6721.JPEG,spalling,5.MOV,6721,train
Spallings/5.MOV_20201223130541_6722.JPEG,spalling,5.MOV,6722,train
Spallings/5.MOV_20201223130541_6723.JPEG,spalling,5.MOV,6723,train
Spallings/5.MOV_20201223130541_6724.JPEG,spalling,5.MOV,6724,train
Spallings/5.MOV_20201223130541_6725.JPEG,spalling,5.MOV,6725,train
Spallings/5.MOV_20201223130541_6726.JPEG,spalling,5.MOV,6726,train
Spallings/5.MOV_20201223130541_6727.JPEG,spalling,5.MOV,6727,train
Spallings/5.MOV_20201223130541_6728.JPEG,spalling,5.MOV,6728,train
Spallings/5.MOV_20201223130541_6729.JPEG,spalling,5.MOV,6729,train
Spallings/5.MOV_20201223130541_6730.JPEG,spalling,5.MOV,6730,train
Spallings/5.MOV_20201223130541_6731.JPEG,spalling,5.MOV,6731,train
Spallings/5.MOV_20201223130541_6732.JPEG,spalling,5.MOV,6732,train
Spallings/5.MOV_20201223130541_6733.JPEG,spalling,5.MOV,6733,train
Spallings/5.MOV_20201223130541_6734.JPEG,spalling,5.MOV,6734,train
Spallings/5.MOV_20201223130541_6735.JPEG,spalling,5.MOV,6735,train
Spallings/5.MOV_20201223130541_6736.JPEG,spalling,5.MOV,6736,train
Spallings/5.MOV_20201223130541_6737.JPEG,spalling,5.MOV,6737,train
Spallings/5.MOV_20201223130541_6738.JPEG,spalling,5.MOV,6738,train
Spallings/5.MOV_20201223130541_6739.JPEG,spalling,5.MOV,6739,train
Spallings/5.MOV_20201223130541_6740.JPEG,spalling,5.MOV,6740,train
Spallings/5.MOV_20201223130541_6967.JPEG,spalling,5.MOV,6967,train
Spallings/5.MOV_20201223130541_6968.JPEG,spalling,5.MOV,6968,train
Spallings/5.MOV_20201223130541_6969.JPEG,spalling,5.MOV,6969,train
Spallings/5.MOV_20201223130541_6970.JPEG,spalling,5.MOV,6970,train
Spallings/5.MOV_20201223130541_6971.JPEG,spalling,5.MOV,6971,train
Spallings/5.MOV_20201223130541_6972.JPEG,spalling,5.MOV,6972,train
Spallings/5.MOV_20201223130541_6973.JPEG,spalling,5.MOV,6973,train
Spallings/5.MOV_20201223130541_6974.JPEG,spalling,5.MOV,6974,train
Spallings/5.MOV_20201223130541_6975.JPEG,spalling,5.MOV,6975,train
Spallings/5.MOV_20201223130541_6976.JPEG,spalling,5.MOV,6976,train
Spallings/5.MOV_20201223130541_6977.JPEG,spalling,5.MOV,6977,train
Spallings/5.MOV_20201223130541_6978.JPEG,spalling,5.MOV,6978,train
Spallings/5.MOV_20201223130541_6979.JPEG,spalling,5.MOV,6979,train
Spallings/5.MOV_20201223130541_6980.JPEG,spalling,5.MOV,6980,train
Spallings/5.MOV_20201223130541_6981.JPEG,spalling,5.MOV,6981,train
Spallings/5.MOV_20201223130541_6982.JPEG,spalling,5.MOV,6982,train
Spallings/5.MOV_20201223130541_6983.JPEG,spalling,5.MOV,6983,train
Spallings/5.MOV_20201223130541_6984.JPEG,spalling,5.MOV,6984,train
Spallings/5.MOV_20201223130541_6985.JPEG,spalling,5.MOV,6985,train
Spallings/5.MOV_20201223130541_6986.JPEG,spalling,5.MOV,6986,train
Spallings/5.MOV_20201223130541_6987.JPEG,spalling,5.MOV,6987,train
Spallings/5.MOV_20201223130541_6988.JPEG,spalling,5.MOV,6988,train
Spallings/5.MOV_20201223130541_6989.JPEG,spalling,5.MOV,6989,train
Spallings/5.MOV_20201223130541_6990.JPEG,spalling,5.MOV,6990,train
Spallings/5.MOV_20201223130541_6991.JPEG,spalling,5.MOV,6991,train
Spallings/5.MOV_20201223130541_6992.JPEG,spalling,5.MOV,6992,train
Spallings/5.MOV_20201223130541_6993.JPEG,spalling,5.MOV,6993,train
Spallings/5.MOV_20201223130541_7087.JPEG,spalling,5.MOV,7087,val
Spallings/5.MOV_20201223130541_7088.JPEG,spalling,5.MOV,7088,val
Spallings/5.MOV_20201223130541_7089.JPEG,spalling,5.MOV,7089,val
Spallings/5.MOV_20201223130541_7090.JPEG,spalling,5.MOV,7090,val
Spallings/5.MOV_20201223130541_7091.JPEG,spalling,5.MOV,7091,val
Spallings/5.MOV_20201223130541_7092.JPEG,spalling,5.MOV,7092,val
Spallings/5.MOV_20201223130541_7093.JPEG,spalling,5.MOV,7093,val
Spallings/5.MOV_20201223130541_7094.JPEG,spalling,5.MOV,7094,val
Spallings/5.MOV_20201223130541_7095.JPEG,spalling,5.MOV,7095,val
Spallings/5.MOV_20201223130541_7096.JPEG,spalling,5.MOV,7096,val
Spallings/5.MOV_20201223130541_7097.JPEG,spalling,5.MOV,7097,val
Spallings/5.MOV_20201223130541_8166.JPEG,spalling,5.MOV,8166,train
Spallings/5.MOV_20201223130541_8167.JPEG,spalling,5.MOV,8167,train
Spallings/5.MOV_20201223130541_8168.JPEG,spalling,5.MOV,8168,train
Spallings/5.MOV_20201223130541_8169.JPEG,spalling,5.MOV,8169,train
Spallings/5.MOV_20201223130541_8170.JPEG,spalling,5.MOV,8170,train
Spallings/5.MOV_20201223130541_8171.JPEG,spalling,5.MOV,8171,train
Spallings/5.MOV_20201223130541_8172.JPEG,spalling,5.MOV,8172,train
Spallings/5.MOV_20201223130541_8173.JPEG,spalling,5.MOV,8173,train
Spallings/5.MOV_20201223130541_8174.JPEG,spalling,5.MOV,8174,train
Spallings/5.MOV_20201223130541_8175.JPEG,spalling,5.MOV,8175,train
Spallings/5.MOV_20201223130541_8176.JPEG,spalling,5.MOV,8176,train
Spallings/5.MOV_20201223130541_8177.JPEG,spalling,5.MOV,8177,train
Spallings/5.MOV_20201223130541_8178.JPEG,spalling,5.MOV,8178,train
Spallings/5.MOV_20201223130541_8179.JPEG,spalling,5.MOV,8179,train
Spallings/5.MOV_20201223130541_8180.JPEG,spalling,5.MOV,8180,train
Spallings/5.MOV_20201223130541_8181.JPEG,spalling,5.MOV,8181,train
Spallings/5.MOV_20201223130541_8182.JPEG,spalling,5.MOV,8182,train
Spallings/5.MOV_20201223130541_8183.JPEG,spalling,5.MOV,8183,train
Spallings/5.MOV_20201223130541_8184.JPEG,spalling,5.MOV,8184,train
Spallings/5.MOV_20201223130541_8185.JPEG,spalling,5.MOV,8185,train
Spallings/5.MOV_20201223130541_8186.JPEG,spalling,5.MOV,8186,train
Spallings/5.MOV_20201223130541_8187.JPEG,spalling,5.MOV,8187,train
Spallings/5.MOV_20201223130541_8188.JPEG,spalling,5.MOV,8188,train
Spallings/5.MOV_20201223130541_8189.JPEG,spalling,5.MOV,8189,train
Spallings/5.MOV_20201223130541_8219.JPEG,spalling,5.MOV,8219,train
Spallings/5.MOV_20201223130541_8220.JPEG,spalling,5.MOV,8220,train
Spallings/5.MOV_20201223130541_8221.JPEG,spalling,5.MOV,8221,train
Spallings/1.MOV_20201221091849_3610.JPEG,spalling,1.MOV,3610,val
Spallings/1.MOV_20201221091849_3611.JPEG,spalling,1.MOV,3611,val
Spallings/1.MOV_20201221091849_3612.JPEG,spalling,1.MOV,3612,val
Spallings/1.MOV_20201221091849_3613.JPEG,spalling,1.MOV,3613,val
Spallings/1.MOV_20201221091849_3614.JPEG,spalling,1.MOV,3614,val
Spallings/1.MOV_20201221091849_3615.JPEG,spalling,1.MOV,3615,val
Spallings/1.MOV_20201221091849_3616.JPEG,spalling,1.MOV,3616,val
Spallings/1.MOV_20201221091849_5191.JPEG,spalling,1.MOV,5191,test
Spallings/1.MOV_20201221091849_5192.JPEG,spalling,1.MOV,5192,test
Spallings/1.MOV_20201221091849_5193.JPEG,spalling,1.MOV,5193,test
Spallings/1.MOV_20201221091849_5194.JPEG,spalling,1.MOV,5194,test
Spallings/1.MOV_20201221091849_5195.JPEG,spalling,1.MOV,5195,test
Spallings/1.MOV_20201221091849_5196.JPEG,spalling,1.MOV,5196,test
Spallings/1.MOV_20201221091849_5197.JPEG,spalling,1.MOV,5197,test
Spallings/1.MOV_20201221091849_5198.JPEG,spalling,1.MOV,5198,test
Spallings/1.MOV_20201221091849_5199.JPEG,spalling,1.MOV,5199,test
Spallings/1.MOV_20201221091849_5200.JPEG,spalling,1.MOV,5200,test
Spallings/1.MOV_20201221091849_5201.JPEG,spalling,1.MOV,5201,test
Spallings/1.MOV_20201221091849_5202.JPEG,spalling,1.MOV,5202,test
Spallings/1.MOV_20201221091849_5203.JPEG,spalling,1.MOV,5203,test
Spallings/1.MOV_20201221091849_5382.JPEG,spalling,1.MOV,5382,train
Spallings/1.MOV_20201221091849_5383.JPEG,spalling,1.MOV,5383,train
Spallings/1.MOV_20201221091849_5384.JPEG,spalling,1.MOV,5384,train
Spallings/1.MOV_20201221091849_5385.JPEG,spalling,1.MOV,5385,train
Spallings/1.MOV_20201221091849_5386.JPEG,spalling,1.MOV,5386,train
Spallings/1.MOV_20201221091849_5387.JPEG,spalling,1.MOV,5387,train
Spallings/1.MOV_20201221091849_5388.JPEG,spalling,1.MOV,5388,train
Spallings/1.MOV_20201221091849_5389.JPEG,spalling,1.MOV,5389,train
Spallings/1.MOV_20201221091849_5390.JPEG,spalling,1.MOV,5390,train
Spallings/1.MOV_20201221091849_5391.JPEG,spalling,1.MOV,5391,train
Spallings/1.MOV_20201221091849_6026.JPEG,spalling,1.MOV,6026,test
Spallings/1.MOV_20201221091849_6027.JPEG,spalling,1.MOV,6027,test
Spallings/1.MOV_20201221091849_6028.JPEG,spalling,1.MOV,6028,test
Spallings/1.MOV_20201221091849_6029.JPEG,spalling,1.MOV,6029,test
Spallings/1.MOV_20201221091849_6030.JPEG,spalling,1.MOV,6030,test
Spallings/1.MOV_20201221091849_6031.JPEG,spalling,1.MOV,6031,test
Spallings/3.MOV_20201221130147_1247.JPEG,spalling,3.MOV,1247,test
Spallings/3.MOV_20201221130147_1248.JPEG,spalling,3.MOV,1248,test
Spallings/3.MOV_20201221130147_1249.JPEG,spalling,3.MOV,1249,test
Spallings/3.MOV_20201221130147_1250.JPEG,spalling,3.MOV,1250,test
Spallings/3.MOV_20201221130147_1251.JPEG,spalling,3.MOV,1251,test
Spallings/3.MOV_20201221130147_1252.JPEG,spalling,3.MOV,1252,test
Spallings/3.MOV_20201221130147_1253.JPEG,spalling,3.MOV,1253,test
Spallings/3.MOV_20201221130147_1254.JPEG,spalling,3.MOV,1254,test
Spallings/3.MOV_20201221130147_2387.JPEG,spalling,3.MOV,2387,test
Spallings/3.MOV_20201221130147_2388.JPEG,spalling,3.MOV,2388,test
Spallings/3.MOV_20201221130147_2389.JPEG,spalling,3.MOV,2389,test
Spallings/3.MOV_20201221130147_2390.JPEG,spalling,3.MOV,2390,test
Spallings/3.MOV_20201221130147_2980.JPEG,spalling,3.MOV,2980,train
Spallings/3.MOV_20201221130147_2981.JPEG,spalling,3.MOV,2981,train
Spallings/3.MOV_20201221130147_3088.JPEG,spalling,3.MOV,3088,train
Spallings/3.MOV_20201221130147_3089.JPEG,spalling,3.MOV,3089,train
Spallings/3.MOV_20201221130147_3090.JPEG,spalling,3.MOV,3090,train
Spallings/3.MOV_20201221130147_3091.JPEG,spalling,3.MOV,3091,train
Spallings/3.MOV_20201221130147_3092.JPEG,spalling,3.MOV,3092,train
Spallings/3.MOV_20201221130147_3093.JPEG,spalling,3.MOV,3093,train
Spallings/3.MOV_20201221130147_3094.JPEG,spalling,3.MOV,3094,train
Spallings/3.MOV_20201221130147_3111.JPEG,spalling,3.MOV,3111,train
Spallings/3.MOV_20201221130147_3114.JPEG,spalling,3.MOV,3114,train
Spallings/3.MOV_20201221130147_3115.JPEG,spalling,3.MOV,3115,train
Spallings/3.MOV_20201221130147_3116.JPEG,spalling,3.MOV,3116,train
Spallings/3.MOV_20201221130147_3117.JPEG,spalling,3.MOV,3117,train
Spallings/3.MOV_20201221130147_3118.JPEG,spalling,3.MOV,3118,train
Spallings/3.MOV_20201221130147_3119.JPEG,spalling,3.MOV,3119,train
Spallings/3.MOV_20201221130147_3120.JPEG,spalling,3.MOV,3120,train
Spallings/3.MOV_20201221130147_3121.JPEG,spalling,3.MOV,3121,train
Spallings/3.MOV_20201221130147_3122.JPEG,spalling,3.MOV,3122,train
Spallings/3.MOV_20201221130147_3123.JPEG,spalling,3.MOV,3123,train
Spallings/3.MOV_20201221130147_3124.JPEG,spalling,3.MOV,3124,train
Spallings/3.MOV_20201221130147_3125.JPEG,spalling,3.MOV,3125,train
Spallings/3.MOV_20201221130147_3126.JPEG,spalling,3.MOV,3126,train
Spallings/3.MOV_20201221130147_3127.JPEG,spalling,3.MOV,3127,train
Spallings/3.MOV_20201221130147_3152.JPEG,spalling,3.MOV,3152,val
Spallings/3.MOV_20201221130147_3153.JPEG,spalling,3.MOV,3153,val
Spallings/3.MOV_20201221130147_3154.JPEG,spalling,3.MOV,3154,val
Spallings/3.MOV_20201221130147_3155.JPEG,spalling,3.MOV,3155,val
Spallings/6.MOV_20201227192101_0180.JPEG,spalling,6.MOV,180,val
Spallings/6.MOV_20201227192101_0181.JPEG,spalling,6.MOV,181,val
Spallings/6.MOV_20201227192101_0182.JPEG,spalling,6.MOV,182,val
Spallings/6.MOV_20201227192101_0183.JPEG,spalling,6.MOV,183,val
Spallings/6.MOV_20201227192101_0184.JPEG,spalling,6.MOV,184,val
Spallings/6.MOV_20201227192101_0185.JPEG,spalling,6.MOV,185,val
Spallings/6.MOV_20201227192101_0251.JPEG,spalling,6.MOV,251,val
Spallings/6.MOV_20201227192101_0252.JPEG,spalling,6.MOV,252,val
Spallings/6.MOV_20201227192101_0253.JPEG,spalling,6.MOV,253,val
Spallings/6.MOV_20201227192101_0254.JPEG,spalling,6.MOV,254,val
Spallings/6.MOV_20201227192101_0255.JPEG,spalling,6.MOV,255,val
Spallings/6.MOV_20201227192101_0901.JPEG,spalling,6.MOV,901,test
Spallings/6.MOV_20201227192101_0902.JPEG,spalling,6.MOV,902,test
Spallings/6.MOV_20201227192101_0903.JPEG,spalling,6.MOV,903,test
Spallings/6.MOV_20201227192101_0904.JPEG,spalling,6.MOV,904,test
Spallings/6.MOV_20201227192101_0905.JPEG,spalling,6.MOV,905,test
Spallings/6.MOV_20201227192101_0906.JPEG,spalling,6.MOV,906,test
Spallings/6.MOV_20201227192101_0907.JPEG,spalling,6.MOV,907,test
Spallings/6.MOV_20201227192101_0908.JPEG,spalling,6.MOV,908,test
Spallings/6.MOV_20201227192101_0909.JPEG,spalling,6.MOV,909,test
Spallings/6.MOV_20201227192101_0910.JPEG,spalling,6.MOV,910,test
Spallings/6.MOV_20201227192101_0911.JPEG,spalling,6.MOV,911,test
Spallings/6.MOV_20201227192101_1414.JPEG,spalling,6.MOV,1414,train
Spallings/6.MOV_20201227192101_1415.JPEG,spalling,6.MOV,1415,train
Spallings/6.MOV_20201227192101_1416.JPEG,spalling,6.MOV,1416,train
Spallings/6.MOV_20201227192101_1417.JPEG,spalling,6.MOV,1417,train
Spallings/6.MOV_20201227192101_1418.JPEG,spalling,6.MOV,1418,train
Spallings/6.MOV_20201227192101_1419.JPEG,spalling,6.MOV,1419,train
Spallings/6.MOV_20201227192101_1420.JPEG,spalling,6.MOV,1420,train
Spallings/6.MOV_20201227192101_1421.JPEG,spalling,6.MOV,1421,train
Spallings/6.MOV_20201227192101_1422.JPEG,spalling,6.MOV,1422,train
Spallings/6.MOV_20201227192101_1423.JPEG,spalling,6.MOV,1423,train
Spallings/6.MOV_20201227192101_1424.JPEG,spalling,6.MOV,1424,train
Spallings/6.MOV_20201227192101_1425.JPEG,spalling,6.MOV,1425,train
Spallings/6.MOV_20201227192101_1576.JPEG,spalling,6.MOV,1576,val
Spallings/6.MOV_20201227192101_1577.JPEG,spalling,6.MOV,1577,val
Spallings/6.MOV_20201227192101_1578.JPEG,spalling,6.MOV,1578,val
Spallings/6.MOV_20201227192101_1579.JPEG,spalling,6.MOV,1579,val
Spallings/6.MOV_20201227192101_1580.JPEG,spalling,6.MOV,1580,val
Spallings/6.MOV_20201227192101_1581.JPEG,spalling,6.MOV,1581,val
Spallings/6.MOV_20201227192101_1582.JPEG,spalling,6.MOV,1582,val
Spallings/6.MOV_20201227192101_1776.JPEG,spalling,6.MOV,1776,train
Spallings/6.MOV_20201227192101_1777.JPEG,spalling,6.MOV,1777,train
Spallings/6.MOV_20201227192101_1778.JPEG,spalling,6.MOV,1778,train
Spallings/6.MOV_20201227192101_1779.JPEG,spalling,6.MOV,1779,train
Spallings/6.MOV_20201227192101_1780.JPEG,spalling,6.MOV,1780,train
Spallings/6.MOV_20201227192101_1781.JPEG,spalling,6.MOV,1781,train
Spallings/6.MOV_20201227192101_1782.JPEG,spalling,6.MOV,1782,train
Spallings/4.MOV_20201222164809_0668.JPEG,spalling,4.MOV,668,train
Spallings/4.MOV_20201222164809_0669.JPEG,spalling,4.MOV,669,train
Spallings/4.MOV_20201222164809_0670.JPEG,spalling,4.MOV,670,train
Spallings/4.MOV_20201222164809_0671.JPEG,spalling,4.MOV,671,train
Spallings/4.MOV_20201222164809_0672.JPEG,spalling,4.MOV,672,train
Spallings/4.MOV_20201222164809_0673.JPEG,spalling,4.MOV,673,train
Spallings/4.MOV_20201222164809_0674.JPEG,spalling,4.MOV,674,train
Spallings/4.MOV_20201222164809_0675.JPEG,spalling,4.MOV,675,train
Spallings/7.MOV_20201228114152_3933.JPEG,spalling,7.MOV,3933,train
Spallings/7.MOV_20201228114152_3934.JPEG,spalling,7.MOV,3934,train
Spallings/7.MOV_20201228114152_3935.JPEG,spalling,7.MOV,3935,train
Spallings/7.MOV_20201228114152_3936.JPEG,spalling,7.MOV,3936,train
Spallings/7.MOV_20201228114152_3937.JPEG,spalling,7.MOV,3937,train
Shellings/1.MOV_20201221091849_0243.JPEG,shelling,1.MOV,243,train
Shellings/1.MOV_20201221091849_0244.JPEG,shelling,1.MOV,244,train
Shellings/1.MOV_20201221091849_0245.JPEG,shelling,1.MOV,245,train
Shellings/1.MOV_20201221091849_0246.JPEG,shelling,1.MOV,246,train
Shellings/1.MOV_20201221091849_0247.JPEG,shelling,1.MOV,247,train
Shellings/1.MOV_20201221091849_0248.JPEG,shelling,1.MOV,248,train
Shellings/1.MOV_20201221091849_0249.JPEG,shelling,1.MOV,249,train
Shellings/1.MOV_20201221091849_0250.JPEG,shelling,1.MOV,250,train
Shellings/1.MOV_20201221091849_0251.JPEG,shelling,1.MOV,251,train
Shellings/1.MOV_20201221091849_0252.JPEG,shelling,1.MOV,252,train
Shellings/1.MOV_20201221091849_0253.JPEG,shelling,1.MOV,253,train
Shellings/1.MOV_20201221091849_0254.JPEG,shelling,1.MOV,254,train
Shellings/1.MOV_20201221091849_0278.JPEG,shelling,1.MOV,278,train
Shellings/1.MOV_20201221091849_0279.JPEG,shelling,1.MOV,279,train
Shellings/1.MOV_20201221091849_0280.JPEG,shelling,1.MOV,280,train
Shellings/1.MOV_20201221091849_0281.JPEG,shelling,1.MOV,281,train
Shellings/1.MOV_20201221091849_0282.JPEG,shelling,1.MOV,282,train
Shellings/1.MOV_20201221091849_0283.JPEG,shelling,1.MOV,283,train
Shellings/1.MOV_20201221091849_0284.JPEG,shelling,1.MOV,284,train
Shellings/1.MOV_20201221091849_0285.JPEG,shelling,1.MOV,285,train
Shellings/1.MOV_20201221091849_0286.JPEG,shelling,1.MOV,286,train
Shellings/1.MOV_20201221091849_0287.JPEG,shelling,1.MOV,287,train
Shellings/1.MOV_20201221091849_0288.JPEG,shelling,1.MOV,288,train
Shellings/1.MOV_20201221091849_0289.JPEG,shelling,1.MOV,289,train
Shellings/1.MOV_20201221091849_0305.JPEG,shelling,1.MOV,305,test
Shellings/1.MOV_20201221091849_0306.JPEG,shelling,1.MOV,306,test
Shellings/1.MOV_20201221091849_0307.JPEG,shelling,1.MOV,307,test
Shellings/1.MOV_20201221091849_0308.JPEG,shelling,1.MOV,308,test
Shellings/1.MOV_20201221091849_0309.JPEG,shelling,1.MOV,309,test
Shellings/1.MOV_20201221091849_0310.JPEG,shelling,1.MOV,310,test
Shellings/1.MOV_20201221091849_0311.JPEG,shelling,1.MOV,311,test
Shellings/1.MOV_20201221091849_0312.JPEG,shelling,1.MOV,312,test
Shellings/1.MOV_20201221091849_0313.JPEG,shelling,1.MOV,313,test
Shellings/1.MOV_20201221091849_0314.JPEG,shelling,1.MOV,314,test
Shellings/1.MOV_20201221091849_2351.JPEG,shelling,1.MOV,2351,train
Shellings/1.MOV_20201221091849_2352.JPEG,shelling,1.MOV,2352,train
Shellings/1.MOV_20201221091849_2353.JPEG,shelling,1.MOV,2353,train
Shellings/1.MOV_20201221091849_2354.JPEG,shelling,1.MOV,2354,train
Shellings/1.MOV_20201221091849_2739.JPEG,shelling,1.MOV,2739,train
Shellings/1.MOV_20201221091849_2740.JPEG,shelling,1.MOV,2740,train
Shellings/1.MOV_20201221091849_2741.JPEG,shelling,1.MOV,2741,train
Shellings/1.MOV_20201221091849_2742.JPEG,shelling,1.MOV,2742,train
Shellings/1.MOV_20201221091849_2743.JPEG,shelling,1.MOV,2743,train
Shellings/1.MOV_20201221091849_2941.JPEG,shelling,1.MOV,2941,train
Shellings/1.MOV_20201221091849_2942.JPEG,shelling,1.MOV,2942,train
Shellings/1.MOV_20201221091849_2943.JPEG,shelling,1.MOV,2943,train
Shellings/1.MOV_20201221091849_2944.JPEG,shelling,1.MOV,2944,train
Shellings/1.MOV_20201221091849_2945.JPEG,shelling,1.MOV,2945,train
Shellings/1.MOV_20201221091849_2946.JPEG,shelling,1.MOV,2946,train
Shellings/1.MOV_20201221091849_2947.JPEG,shelling,1.MOV,2947,train
Shellings/1.MOV_20201221091849_2948.JPEG,shelling,1.MOV,2948,train
Shellings/1.MOV_20201221091849_2949.JPEG,shelling,1.MOV,2949,train
Shellings/1.MOV_20201221091849_4425.JPEG,shelling,1.MOV,4425,val
Shellings/1.MOV_20201221091849_4426.JPEG,shelling,1.MOV,4426,val
Shellings/1.MOV_20201221091849_4427.JPEG,shelling,1.MOV,4427,val
Shellings/1.MOV_20201221091849_4428.JPEG,shelling,1.MOV,4428,val
Shellings/1.MOV_20201221091849_4429.JPEG,shelling,1.MOV,4429,val
Shellings/1.MOV_20201221091849_4430.JPEG,shelling,1.MOV,4430,val
Shellings/1.MOV_20201221091849_4431.JPEG,shelling,1.MOV,4431,val
Shellings/1.MOV_20201221091849_4432.JPEG,shelling,1.MOV,4432,val
Shellings/1.MOV_20201221091849_4477.JPEG,shelling,1.MOV,4477,train
Shellings/1.MOV_20201221091849_4478.JPEG,shelling,1.MOV,4478,train
Shellings/1.MOV_20201221091849_4479.JPEG,shelling,1.MOV,4479,train
Shellings/1.MOV_20201221091849_4480.JPEG,shelling,1.MOV,4480,train
Shellings/1.MOV_20201221091849_4481.JPEG,shelling,1.MOV,4481,train
Shellings/1.MOV_20201221091849_4482.JPEG,shelling,1.MOV,4482,train
Shellings/1.MOV_20201221091849_4483.JPEG,shelling,1.MOV,4483,train
Shellings/5.MOV_20201223130541_0526.JPEG,shelling,5.MOV,526,train
Shellings/5.MOV_20201223130541_0527.JPEG,shelling,5.MOV,527,train
Shellings/5.MOV_20201223130541_0528.JPEG,shelling,5.MOV,528,train
Shellings/5.MOV_20201223130541_0529.JPEG,shelling,5.MOV,529,train
Shellings/5.MOV_20201223130541_0530.JPEG,shelling,5.MOV,530,train
Shellings/5.MOV_20201223130541_0545.JPEG,shelling,5.MOV,545,test
Shellings/5.MOV_20201223130541_0546.JPEG,shelling,5.MOV,546,test
Shellings/5.MOV_20201223130541_0547.JPEG,shelling,5.MOV,547,test
Shellings/5.MOV_20201223130541_0548.JPEG,shelling,5.MOV,548,test
Shellings/5.MOV_20201223130541_0549.JPEG,shelling,5.MOV,549,test
Shellings/5.MOV_20201223130541_0563.JPEG,shelling,5.MOV,563,train
Shellings/5.MOV_20201223130541_0564.JPEG,shelling,5.MOV,564,train
Shellings/5.MOV_20201223130541_0565.JPEG,shelling,5.MOV,565,train
Shellings/5.MOV_20201223130541_0654.JPEG,shelling,5.MOV,654,val
Shellings/5.MOV_20201223130541_0655.JPEG,shelling,5.MOV,655,val
Shellings/5.MOV_20201223130541_0656.JPEG,shelling,5.MOV,656,val
Shellings/5.MOV_20201223130541_3321.JPEG,shelling,5.MOV,3321,train
Shellings/5.MOV_20201223130541_3322.JPEG,shelling,5.MOV,3322,train
Shellings/5.MOV_20201223130541_3957.JPEG,shelling,5.MOV,3957,test
Shellings/5.MOV_20201223130541_3958.JPEG,shelling,5.MOV,3958,test
Shellings/5.MOV_20201223130541_3959.JPEG,shelling,5.MOV,3959,test
Shellings/5.MOV_20201223130541_3960.JPEG,shelling,5.MOV,3960,test
Shellings/5.MOV_20201223130541_3997.JPEG,shelling,5.MOV,3997,train
Shellings/5.MOV_20201223130541_3998.JPEG,shelling,5.MOV,3998,train
Shellings/5.MOV_20201223130541_3999.JPEG,shelling,5.MOV,3999,train
Shellings/5.MOV_20201223130541_4000.JPEG,shelling,5.MOV,4000,train
Shellings/5.MOV_20201223130541_4001.JPEG,shelling,5.MOV,4001,train
Shellings/5.MOV_20201223130541_4015.JPEG,shelling,5.MOV,4015,train
Shellings/5.MOV_20201223130541_4016.JPEG,shelling,5.MOV,4016,train
Shellings/5.MOV_20201223130541_4017.JPEG,shelling,5.MOV,4017,train
Shellings/5.MOV_20201223130541_4018.JPEG,shelling,5.MOV,4018,train
Shellings/5.MOV_20201223130541_4019.JPEG,shelling,5.MOV,4019,train
Shellings/5.MOV_20201223130541_4026.JPEG,shelling,5.MOV,4026,train
Shellings/5.MOV_20201223130541_4027.JPEG,shelling,5.MOV,4027,train
Shellings/5.MOV_20201223130541_4028.JPEG,shelling,5.MOV,4028,train
Shellings/5.MOV_20201223130541_4029.JPEG,shelling,5.MOV,4029,train
Shellings/5.MOV_20201223130541_4030.JPEG,shelling,5.MOV,4030,train
Shellings/5.MOV_20201223130541_4254.JPEG,shelling,5.MOV,4254,train
Shellings/5.MOV_20201223130541_4255.JPEG,shelling,5.MOV,4255,train
Shellings/5.MOV_20201223130541_4256.JPEG,shelling,5.MOV,4256,train
Shellings/5.MOV_20201223130541_4257.JPEG,shelling,5.MOV,4257,train
Shellings/5.MOV_20201223130541_4258.JPEG,shelling,5.MOV,4258,train
Shellings/5.MOV_20201223130541_4259.JPEG,shelling,5.MOV,4259,train
Shellings/3.MOV_20201221130147_1932.JPEG,shelling,3.MOV,1932,train
Shellings/3.MOV_20201221130147_1933.JPEG,shelling,3.MOV,1933,train
Shellings/3.MOV_20201221130147_1934.JPEG,shelling,3.MOV,1934,train
Shellings/3.MOV_20201221130147_1935.JPEG,shelling,3.MOV,1935,train
Shellings/3.MOV_20201221130147_2928.JPEG,shelling,3.MOV,2928,val
Shellings/3.MOV_20201221130147_2929.JPEG,shelling,3.MOV,2929,val
Shellings/3.MOV_20201221130147_2930.JPEG,shelling,3.MOV,2930,val
Shellings/3.MOV_20201221130147_2931.JPEG,shelling,3.MOV,2931,val
Shellings/3.MOV_20201221130147_2932.JPEG,shelling,3.MOV,2932,val
Shellings/3.MOV_20201221130147_4349.JPEG,shelling,3.MOV,4349,val
Shellings/3.MOV_20201221130147_4350.JPEG,shelling,3.MOV,4350,val
Shellings/3.MOV_20201221130147_4351.JPEG,shelling,3.MOV,4351,val
Shellings/3.MOV_20201221130147_4579.JPEG,shelling,3.MOV,4579,train
Shellings/3.MOV_20201221130147_4580.JPEG,shelling,3.MOV,4580,train
Shellings/3.MOV_20201221130147_4581.JPEG,shelling,3.MOV,4581,train
Shellings/3.MOV_20201221130147_4582.JPEG,shelling,3.MOV,4582,train
Shellings/3.MOV_20201221130147_4583.JPEG,shelling,3.MOV,4583,train
Shellings/7.MOV_20201228114152_7406.JPEG,shelling,7.MOV,7406,train
Shellings/7.MOV_20201228114152_7407.JPEG,shelling,7.MOV,7407,train
Shellings/7.MOV_20201228114152_7408.JPEG,shelling,7.MOV,7408,train
